datetime,portfolio_value,cash,return
2024-01-02 09:30:00-05:00,100000.0,100000.0,
2024-01-02 09:31:00-05:00,100000.0,100000.0,0.0
2024-01-02 09:32:00-05:00,100000.0,100000.0,0.0
2024-01-02 09:33:00-05:00,100000.0,100000.0,0.0
2024-01-02 09:34:00-05:00,100000.0,100000.0,0.0
2024-01-02 09:35:00-05:00,100000.0,100000.0,0.0
2024-01-02 09:36:00-05:00,100000.0,100000.0,0.0
2024-01-02 09:37:00-05:00,100000.0,100000.0,0.0
2024-01-02 09:38:00-05:00,100000.0,100000.0,0.0
2024-01-02 09:39:00-05:00,100000.0,100000.0,0.0
2024-01-02 09:40:00-05:00,100000.0,100000.0,0.0
2024-01-02 09:41:00-05:00,100000.0,100000.0,0.0
2024-01-02 09:42:00-05:00,100000.0,100000.0,0.0
2024-01-02 09:43:00-05:00,100000.0,100000.0,0.0
2024-01-02 09:44:00-05:00,100000.0,100000.0,0.0
2024-01-02 09:45:00-05:00,100000.0,100000.0,0.0
2024-01-02 09:46:00-05:00,100000.0,100000.0,0.0
2024-01-02 09:47:00-05:00,100000.0,100000.0,0.0
2024-01-02 09:48:00-05:00,100000.0,100000.0,0.0
2024-01-02 09:49:00-05:00,100000.0,100000.0,0.0
2024-01-02 09:50:00-05:00,100000.0,100000.0,0.0
2024-01-02 09:51:00-05:00,100000.0,100000.0,0.0
2024-01-02 09:52:00-05:00,100000.0,100000.0,0.0
2024-01-02 09:53:00-05:00,100000.0,100000.0,0.0
2024-01-02 09:54:00-05:00,100000.0,100000.0,0.0
2024-01-02 09:55:00-05:00,100000.0,100000.0,0.0
2024-01-02 09:56:00-05:00,100000.0,100000.0,0.0
2024-01-02 09:57:00-05:00,100000.0,100000.0,0.0
2024-01-02 09:58:00-05:00,100000.0,100000.0,0.0
2024-01-02 09:59:00-05:00,100000.0,100000.0,0.0
2024-01-02 10:00:00-05:00,100000.0,100000.0,0.0
2024-01-02 10:01:00-05:00,100000.0,100000.0,0.0
2024-01-02 10:02:00-05:00,100000.0,100000.0,0.0
2024-01-02 10:03:00-05:00,100000.0,100000.0,0.0
2024-01-02 10:04:00-05:00,100000.0,100000.0,0.0
2024-01-02 10:05:00-05:00,100000.0,100000.0,0.0
2024-01-02 10:06:00-05:00,100000.0,100000.0,0.0
2024-01-02 10:07:00-05:00,100000.0,100000.0,0.0
2024-01-02 10:08:00-05:00,100000.0,100000.0,0.0
2024-01-02 10:09:00-05:00,100000.0,100000.0,0.0
2024-01-02 10:10:00-05:00,100000.0,100000.0,0.0
2024-01-02 10:11:00-05:00,100000.0,100000.0,0.0
2024-01-02 10:12:00-05:00,100000.0,100000.0,0.0
2024-01-02 10:13:00-05:00,100000.0,100000.0,0.0
2024-01-02 10:14:00-05:00,100000.0,100000.0,0.0
2024-01-02 10:15:00-05:00,100000.0,100000.0,0.0
2024-01-02 10:16:00-05:00,100000.0,100000.0,0.0
2024-01-02 10:17:00-05:00,100000.0,100000.0,0.0
2024-01-02 10:18:00-05:00,100000.0,100000.0,0.0
2024-01-02 10:19:00-05:00,100000.0,100000.0,0.0
2024-01-02 10:20:00-05:00,100000.0,100000.0,0.0
2024-01-02 10:21:00-05:00,100000.0,100000.0,0.0
2024-01-02 10:22:00-05:00,100000.0,100000.0,0.0
2024-01-02 10:23:00-05:00,100000.0,100000.0,0.0
2024-01-02 10:24:00-05:00,100000.0,100000.0,0.0
2024-01-02 10:25:00-05:00,100000.0,100000.0,0.0
2024-01-02 10:26:00-05:00,100000.0,100000.0,0.0
2024-01-02 10:27:00-05:00,100000.0,100000.0,0.0
2024-01-02 10:28:00-05:00,100000.0,100000.0,0.0
2024-01-02 10:29:00-05:00,100000.0,100000.0,0.0
2024-01-02 10:30:00-05:00,100000.0,100000.0,0.0
2024-01-02 10:31:00-05:00,100000.0,100000.0,0.0
2024-01-02 10:32:00-05:00,100000.0,100000.0,0.0
2024-01-02 10:33:00-05:00,100000.0,100000.0,0.0
2024-01-02 10:34:00-05:00,100000.0,100000.0,0.0
2024-01-02 10:35:00-05:00,100000.0,100000.0,0.0
2024-01-02 10:36:00-05:00,100000.0,100000.0,0.0
2024-01-02 10:37:00-05:00,100000.0,100000.0,0.0
2024-01-02 10:38:00-05:00,100000.0,100000.0,0.0
2024-01-02 10:39:00-05:00,100000.0,100000.0,0.0
2024-01-02 10:40:00-05:00,100000.0,100000.0,0.0
2024-01-02 10:41:00-05:00,100000.0,100000.0,0.0
2024-01-02 10:42:00-05:00,100000.0,100000.0,0.0
2024-01-02 10:43:00-05:00,100000.0,100000.0,0.0
2024-01-02 10:44:00-05:00,100000.0,100000.0,0.0
2024-01-02 10:45:00-05:00,100000.0,100000.0,0.0
2024-01-02 10:46:00-05:00,100000.0,100000.0,0.0
2024-01-02 10:47:00-05:00,100000.0,100000.0,0.0
2024-01-02 10:48:00-05:00,100000.0,100000.0,0.0
2024-01-02 10:49:00-05:00,100000.0,100000.0,0.0
2024-01-02 10:50:00-05:00,100000.0,100000.0,0.0
2024-01-02 10:51:00-05:00,100000.0,100000.0,0.0
2024-01-02 10:52:00-05:00,100000.0,100000.0,0.0
2024-01-02 10:53:00-05:00,100000.0,100000.0,0.0
2024-01-02 10:54:00-05:00,100000.0,100000.0,0.0
2024-01-02 10:55:00-05:00,100000.0,100000.0,0.0
2024-01-02 10:56:00-05:00,100000.0,100000.0,0.0
2024-01-02 10:57:00-05:00,100000.0,100000.0,0.0
2024-01-02 10:58:00-05:00,100000.0,100000.0,0.0
2024-01-02 10:59:00-05:00,100000.0,100000.0,0.0
2024-01-02 11:00:00-05:00,100000.0,100000.0,0.0
2024-01-02 11:01:00-05:00,100000.0,100000.0,0.0
2024-01-02 11:02:00-05:00,100000.0,100000.0,0.0
2024-01-02 11:03:00-05:00,100000.0,100000.0,0.0
2024-01-02 11:04:00-05:00,100000.0,100000.0,0.0
2024-01-02 11:05:00-05:00,100000.0,100000.0,0.0
2024-01-02 11:06:00-05:00,100000.0,100000.0,0.0
2024-01-02 11:07:00-05:00,100000.0,100000.0,0.0
2024-01-02 11:08:00-05:00,100000.0,100000.0,0.0
2024-01-02 11:09:00-05:00,100000.0,100000.0,0.0
2024-01-02 11:10:00-05:00,100000.0,100000.0,0.0
2024-01-02 11:11:00-05:00,100000.0,100000.0,0.0
2024-01-02 11:12:00-05:00,100000.0,100000.0,0.0
2024-01-02 11:13:00-05:00,100000.0,100000.0,0.0
2024-01-02 11:14:00-05:00,100000.0,100000.0,0.0
2024-01-02 11:15:00-05:00,100000.0,100000.0,0.0
2024-01-02 11:16:00-05:00,100000.0,100000.0,0.0
2024-01-02 11:17:00-05:00,100000.0,100000.0,0.0
2024-01-02 11:18:00-05:00,100000.0,100000.0,0.0
2024-01-02 11:19:00-05:00,100000.0,100000.0,0.0
2024-01-02 11:20:00-05:00,100000.0,100000.0,0.0
2024-01-02 11:21:00-05:00,100000.0,100000.0,0.0
2024-01-02 11:22:00-05:00,100000.0,100000.0,0.0
2024-01-02 11:23:00-05:00,100000.0,100000.0,0.0
2024-01-02 11:24:00-05:00,100000.0,100000.0,0.0
2024-01-02 11:25:00-05:00,100000.0,100000.0,0.0
2024-01-02 11:26:00-05:00,100000.0,100000.0,0.0
2024-01-02 11:27:00-05:00,100000.0,100000.0,0.0
2024-01-02 11:28:00-05:00,100000.0,100000.0,0.0
2024-01-02 11:29:00-05:00,100000.0,100000.0,0.0
2024-01-02 11:30:00-05:00,100000.0,100000.0,0.0
2024-01-02 11:31:00-05:00,100000.0,100000.0,0.0
2024-01-02 11:32:00-05:00,100000.0,100000.0,0.0
2024-01-02 11:33:00-05:00,100000.0,100000.0,0.0
2024-01-02 11:34:00-05:00,100000.0,100000.0,0.0
2024-01-02 11:35:00-05:00,100000.0,100000.0,0.0
2024-01-02 11:36:00-05:00,100000.0,100000.0,0.0
2024-01-02 11:37:00-05:00,100000.0,100000.0,0.0
2024-01-02 11:38:00-05:00,100000.0,100000.0,0.0
2024-01-02 11:39:00-05:00,100000.0,100000.0,0.0
2024-01-02 11:40:00-05:00,100000.0,100000.0,0.0
2024-01-02 11:41:00-05:00,100000.0,100000.0,0.0
2024-01-02 11:42:00-05:00,100000.0,100000.0,0.0
2024-01-02 11:43:00-05:00,100000.0,100000.0,0.0
2024-01-02 11:44:00-05:00,100000.0,100000.0,0.0
2024-01-02 11:45:00-05:00,100000.0,100000.0,0.0
2024-01-02 11:46:00-05:00,100000.0,100000.0,0.0
2024-01-02 11:47:00-05:00,100000.0,100000.0,0.0
2024-01-02 11:48:00-05:00,100000.0,100000.0,0.0
2024-01-02 11:49:00-05:00,100000.0,100000.0,0.0
2024-01-02 11:50:00-05:00,100000.0,100000.0,0.0
2024-01-02 11:51:00-05:00,100000.0,100000.0,0.0
2024-01-02 11:52:00-05:00,100000.0,100000.0,0.0
2024-01-02 11:53:00-05:00,100000.0,100000.0,0.0
2024-01-02 11:54:00-05:00,100000.0,100000.0,0.0
2024-01-02 11:55:00-05:00,100000.0,100000.0,0.0
2024-01-02 11:56:00-05:00,100000.0,100000.0,0.0
2024-01-02 11:57:00-05:00,100000.0,100000.0,0.0
2024-01-02 11:58:00-05:00,100000.0,100000.0,0.0
2024-01-02 11:59:00-05:00,100000.0,100000.0,0.0
2024-01-02 12:00:00-05:00,100000.0,100000.0,0.0
2024-01-02 12:01:00-05:00,100000.0,100000.0,0.0
2024-01-02 12:02:00-05:00,100000.0,100000.0,0.0
2024-01-02 12:03:00-05:00,100000.0,100000.0,0.0
2024-01-02 12:04:00-05:00,100000.0,100000.0,0.0
2024-01-02 12:05:00-05:00,100000.0,100000.0,0.0
2024-01-02 12:06:00-05:00,100000.0,100000.0,0.0
2024-01-02 12:07:00-05:00,100000.0,100000.0,0.0
2024-01-02 12:08:00-05:00,100000.0,100000.0,0.0
2024-01-02 12:09:00-05:00,100000.0,100000.0,0.0
2024-01-02 12:10:00-05:00,100000.0,100000.0,0.0
2024-01-02 12:11:00-05:00,100000.0,100000.0,0.0
2024-01-02 12:12:00-05:00,100000.0,100000.0,0.0
2024-01-02 12:13:00-05:00,100000.0,100000.0,0.0
2024-01-02 12:14:00-05:00,100000.0,100000.0,0.0
2024-01-02 12:15:00-05:00,100000.0,100000.0,0.0
2024-01-02 12:16:00-05:00,100000.0,100000.0,0.0
2024-01-02 12:17:00-05:00,100000.0,100000.0,0.0
2024-01-02 12:18:00-05:00,100000.0,100000.0,0.0
2024-01-02 12:19:00-05:00,100000.0,100000.0,0.0
2024-01-02 12:20:00-05:00,100000.0,100000.0,0.0
2024-01-02 12:21:00-05:00,100000.0,100000.0,0.0
2024-01-02 12:22:00-05:00,100000.0,100000.0,0.0
2024-01-02 12:23:00-05:00,100000.0,100000.0,0.0
2024-01-02 12:24:00-05:00,100000.0,100000.0,0.0
2024-01-02 12:25:00-05:00,100000.0,100000.0,0.0
2024-01-02 12:26:00-05:00,100000.0,100000.0,0.0
2024-01-02 12:27:00-05:00,100000.0,100000.0,0.0
2024-01-02 12:28:00-05:00,100000.0,100000.0,0.0
2024-01-02 12:29:00-05:00,100000.0,100000.0,0.0
2024-01-02 12:30:00-05:00,100000.0,100000.0,0.0
2024-01-02 12:31:00-05:00,100000.0,100000.0,0.0
2024-01-02 12:32:00-05:00,100000.0,100000.0,0.0
2024-01-02 12:33:00-05:00,100000.0,100000.0,0.0
2024-01-02 12:34:00-05:00,100000.0,100000.0,0.0
2024-01-02 12:35:00-05:00,100000.0,100000.0,0.0
2024-01-02 12:36:00-05:00,100000.0,100000.0,0.0
2024-01-02 12:37:00-05:00,100000.0,100000.0,0.0
2024-01-02 12:38:00-05:00,100000.0,100000.0,0.0
2024-01-02 12:39:00-05:00,100000.0,100000.0,0.0
2024-01-02 12:40:00-05:00,100000.0,100000.0,0.0
2024-01-02 12:41:00-05:00,100000.0,100000.0,0.0
2024-01-02 12:42:00-05:00,100000.0,100000.0,0.0
2024-01-02 12:43:00-05:00,100000.0,100000.0,0.0
2024-01-02 12:44:00-05:00,100000.0,100000.0,0.0
2024-01-02 12:45:00-05:00,100000.0,100000.0,0.0
2024-01-02 12:46:00-05:00,100000.0,100000.0,0.0
2024-01-02 12:47:00-05:00,100000.0,100000.0,0.0
2024-01-02 12:48:00-05:00,100000.0,100000.0,0.0
2024-01-02 12:49:00-05:00,100000.0,100000.0,0.0
2024-01-02 12:50:00-05:00,100000.0,100000.0,0.0
2024-01-02 12:51:00-05:00,100000.0,100000.0,0.0
2024-01-02 12:52:00-05:00,100000.0,100000.0,0.0
2024-01-02 12:53:00-05:00,100000.0,100000.0,0.0
2024-01-02 12:54:00-05:00,100000.0,100000.0,0.0
2024-01-02 12:55:00-05:00,100000.0,100000.0,0.0
2024-01-02 12:56:00-05:00,100000.0,100000.0,0.0
2024-01-02 12:57:00-05:00,100000.0,100000.0,0.0
2024-01-02 12:58:00-05:00,100000.0,100000.0,0.0
2024-01-02 12:59:00-05:00,100000.0,100000.0,0.0
2024-01-02 13:00:00-05:00,100000.0,100000.0,0.0
2024-01-02 13:01:00-05:00,100000.0,100000.0,0.0
2024-01-02 13:02:00-05:00,100000.0,100000.0,0.0
2024-01-02 13:03:00-05:00,100000.0,100000.0,0.0
2024-01-02 13:04:00-05:00,100000.0,100000.0,0.0
2024-01-02 13:05:00-05:00,100000.0,100000.0,0.0
2024-01-02 13:06:00-05:00,100000.0,100000.0,0.0
2024-01-02 13:07:00-05:00,100000.0,100000.0,0.0
2024-01-02 13:08:00-05:00,100000.0,100000.0,0.0
2024-01-02 13:09:00-05:00,100000.0,100000.0,0.0
2024-01-02 13:10:00-05:00,100000.0,100000.0,0.0
2024-01-02 13:11:00-05:00,100000.0,100000.0,0.0
2024-01-02 13:12:00-05:00,100000.0,100000.0,0.0
2024-01-02 13:13:00-05:00,100000.0,100000.0,0.0
2024-01-02 13:14:00-05:00,100000.0,100000.0,0.0
2024-01-02 13:15:00-05:00,100000.0,100000.0,0.0
2024-01-02 13:16:00-05:00,100000.0,100000.0,0.0
2024-01-02 13:17:00-05:00,100000.0,100000.0,0.0
2024-01-02 13:18:00-05:00,100000.0,100000.0,0.0
2024-01-02 13:19:00-05:00,100000.0,100000.0,0.0
2024-01-02 13:20:00-05:00,100000.0,100000.0,0.0
2024-01-02 13:21:00-05:00,100000.0,100000.0,0.0
2024-01-02 13:22:00-05:00,100000.0,100000.0,0.0
2024-01-02 13:23:00-05:00,100000.0,100000.0,0.0
2024-01-02 13:24:00-05:00,100000.0,100000.0,0.0
2024-01-02 13:25:00-05:00,100000.0,100000.0,0.0
2024-01-02 13:26:00-05:00,100000.0,100000.0,0.0
2024-01-02 13:27:00-05:00,100000.0,100000.0,0.0
2024-01-02 13:28:00-05:00,100000.0,100000.0,0.0
2024-01-02 13:29:00-05:00,100000.0,100000.0,0.0
2024-01-02 13:30:00-05:00,100000.0,100000.0,0.0
2024-01-02 13:31:00-05:00,100000.0,100000.0,0.0
2024-01-02 13:32:00-05:00,100000.0,100000.0,0.0
2024-01-02 13:33:00-05:00,100000.0,100000.0,0.0
2024-01-02 13:34:00-05:00,100000.0,100000.0,0.0
2024-01-02 13:35:00-05:00,100000.0,100000.0,0.0
2024-01-02 13:36:00-05:00,100000.0,100000.0,0.0
2024-01-02 13:37:00-05:00,100000.0,100000.0,0.0
2024-01-02 13:38:00-05:00,100000.0,100000.0,0.0
2024-01-02 13:39:00-05:00,100000.0,100000.0,0.0
2024-01-02 13:40:00-05:00,100000.0,100000.0,0.0
2024-01-02 13:41:00-05:00,100000.0,100000.0,0.0
2024-01-02 13:42:00-05:00,100000.0,100000.0,0.0
2024-01-02 13:43:00-05:00,100000.0,100000.0,0.0
2024-01-02 13:44:00-05:00,100000.0,100000.0,0.0
2024-01-02 13:45:00-05:00,100000.0,100000.0,0.0
2024-01-02 13:46:00-05:00,100000.0,100000.0,0.0
2024-01-02 13:47:00-05:00,100000.0,100000.0,0.0
2024-01-02 13:48:00-05:00,100000.0,100000.0,0.0
2024-01-02 13:49:00-05:00,100000.0,100000.0,0.0
2024-01-02 13:50:00-05:00,100000.0,100000.0,0.0
2024-01-02 13:51:00-05:00,100000.0,100000.0,0.0
2024-01-02 13:52:00-05:00,100000.0,100000.0,0.0
2024-01-02 13:53:00-05:00,100000.0,100000.0,0.0
2024-01-02 13:54:00-05:00,100000.0,100000.0,0.0
2024-01-02 13:55:00-05:00,100000.0,100000.0,0.0
2024-01-02 13:56:00-05:00,100000.0,100000.0,0.0
2024-01-02 13:57:00-05:00,100000.0,100000.0,0.0
2024-01-02 13:58:00-05:00,100000.0,100000.0,0.0
2024-01-02 13:59:00-05:00,100000.0,100000.0,0.0
2024-01-02 14:00:00-05:00,100000.0,100000.0,0.0
2024-01-02 14:01:00-05:00,100000.0,100000.0,0.0
2024-01-02 14:02:00-05:00,100000.0,100000.0,0.0
2024-01-02 14:03:00-05:00,100000.0,100000.0,0.0
2024-01-02 14:04:00-05:00,100000.0,100000.0,0.0
2024-01-02 14:05:00-05:00,100000.0,100000.0,0.0
2024-01-02 14:06:00-05:00,100000.0,100000.0,0.0
2024-01-02 14:07:00-05:00,100000.0,100000.0,0.0
2024-01-02 14:08:00-05:00,100000.0,100000.0,0.0
2024-01-02 14:09:00-05:00,100000.0,100000.0,0.0
2024-01-02 14:10:00-05:00,100000.0,100000.0,0.0
2024-01-02 14:11:00-05:00,100000.0,100000.0,0.0
2024-01-02 14:12:00-05:00,100000.0,100000.0,0.0
2024-01-02 14:13:00-05:00,100000.0,100000.0,0.0
2024-01-02 14:14:00-05:00,100000.0,100000.0,0.0
2024-01-02 14:15:00-05:00,100000.0,100000.0,0.0
2024-01-02 14:16:00-05:00,100000.0,100000.0,0.0
2024-01-02 14:17:00-05:00,100000.0,100000.0,0.0
2024-01-02 14:18:00-05:00,100000.0,100000.0,0.0
2024-01-02 14:19:00-05:00,100000.0,100000.0,0.0
2024-01-02 14:20:00-05:00,100000.0,100000.0,0.0
2024-01-02 14:21:00-05:00,100000.0,100000.0,0.0
2024-01-02 14:22:00-05:00,100000.0,100000.0,0.0
2024-01-02 14:23:00-05:00,100000.0,100000.0,0.0
2024-01-02 14:24:00-05:00,100000.0,100000.0,0.0
2024-01-02 14:25:00-05:00,100000.0,100000.0,0.0
2024-01-02 14:26:00-05:00,100000.0,100000.0,0.0
2024-01-02 14:27:00-05:00,100000.0,100000.0,0.0
2024-01-02 14:28:00-05:00,100000.0,100000.0,0.0
2024-01-02 14:29:00-05:00,100000.0,100000.0,0.0
2024-01-02 14:30:00-05:00,100000.0,100000.0,0.0
2024-01-02 14:31:00-05:00,100000.0,100000.0,0.0
2024-01-02 14:32:00-05:00,100000.0,100000.0,0.0
2024-01-02 14:33:00-05:00,100000.0,100000.0,0.0
2024-01-02 14:34:00-05:00,100000.0,100000.0,0.0
2024-01-02 14:35:00-05:00,100000.0,100000.0,0.0
2024-01-02 14:36:00-05:00,100000.0,100000.0,0.0
2024-01-02 14:37:00-05:00,100000.0,100000.0,0.0
2024-01-02 14:38:00-05:00,100000.0,100000.0,0.0
2024-01-02 14:39:00-05:00,100000.0,100000.0,0.0
2024-01-02 14:40:00-05:00,100000.0,100000.0,0.0
2024-01-02 14:41:00-05:00,100000.0,100000.0,0.0
2024-01-02 14:42:00-05:00,100000.0,100000.0,0.0
2024-01-02 14:43:00-05:00,100000.0,100000.0,0.0
2024-01-02 14:44:00-05:00,100000.0,100000.0,0.0
2024-01-02 14:45:00-05:00,100000.0,100000.0,0.0
2024-01-02 14:46:00-05:00,100000.0,100000.0,0.0
2024-01-02 14:47:00-05:00,100000.0,100000.0,0.0
2024-01-02 14:48:00-05:00,100000.0,100000.0,0.0
2024-01-02 14:49:00-05:00,100000.0,100000.0,0.0
2024-01-02 14:50:00-05:00,100000.0,100000.0,0.0
2024-01-02 14:51:00-05:00,100000.0,100000.0,0.0
2024-01-02 14:52:00-05:00,100000.0,100000.0,0.0
2024-01-02 14:53:00-05:00,100000.0,100000.0,0.0
2024-01-02 14:54:00-05:00,100000.0,100000.0,0.0
2024-01-02 14:55:00-05:00,100000.0,100000.0,0.0
2024-01-02 14:56:00-05:00,100000.0,100000.0,0.0
2024-01-02 14:57:00-05:00,100000.0,100000.0,0.0
2024-01-02 14:58:00-05:00,100000.0,100000.0,0.0
2024-01-02 14:59:00-05:00,100000.0,100000.0,0.0
2024-01-02 15:00:00-05:00,100000.0,100000.0,0.0
2024-01-02 15:01:00-05:00,100000.0,100000.0,0.0
2024-01-02 15:02:00-05:00,100000.0,100000.0,0.0
2024-01-02 15:03:00-05:00,100000.0,100000.0,0.0
2024-01-02 15:04:00-05:00,100000.0,100000.0,0.0
2024-01-02 15:05:00-05:00,100000.0,100000.0,0.0
2024-01-02 15:06:00-05:00,100000.0,100000.0,0.0
2024-01-02 15:07:00-05:00,100000.0,100000.0,0.0
2024-01-02 15:08:00-05:00,100000.0,100000.0,0.0
2024-01-02 15:09:00-05:00,100000.0,100000.0,0.0
2024-01-02 15:10:00-05:00,100000.0,100000.0,0.0
2024-01-02 15:11:00-05:00,100000.0,100000.0,0.0
2024-01-02 15:12:00-05:00,100000.0,100000.0,0.0
2024-01-02 15:13:00-05:00,100000.0,100000.0,0.0
2024-01-02 15:14:00-05:00,100000.0,100000.0,0.0
2024-01-02 15:15:00-05:00,100000.0,100000.0,0.0
2024-01-02 15:16:00-05:00,100000.0,100000.0,0.0
2024-01-02 15:17:00-05:00,100000.0,100000.0,0.0
2024-01-02 15:18:00-05:00,100000.0,100000.0,0.0
2024-01-02 15:19:00-05:00,100000.0,100000.0,0.0
2024-01-02 15:20:00-05:00,100000.0,100000.0,0.0
2024-01-02 15:21:00-05:00,100000.0,100000.0,0.0
2024-01-02 15:22:00-05:00,100000.0,100000.0,0.0
2024-01-02 15:23:00-05:00,100000.0,100000.0,0.0
2024-01-02 15:24:00-05:00,100000.0,100000.0,0.0
2024-01-02 15:25:00-05:00,100000.0,100000.0,0.0
2024-01-02 15:26:00-05:00,100000.0,100000.0,0.0
2024-01-02 15:27:00-05:00,100000.0,100000.0,0.0
2024-01-02 15:28:00-05:00,100000.0,100000.0,0.0
2024-01-02 15:29:00-05:00,100000.0,100000.0,0.0
2024-01-02 15:30:00-05:00,100000.0,100000.0,0.0
2024-01-02 15:31:00-05:00,100000.0,100000.0,0.0
2024-01-02 15:32:00-05:00,100000.0,100000.0,0.0
2024-01-02 15:33:00-05:00,100000.0,100000.0,0.0
2024-01-02 15:34:00-05:00,100000.0,100000.0,0.0
2024-01-02 15:35:00-05:00,100000.0,100000.0,0.0
2024-01-02 15:36:00-05:00,100000.0,100000.0,0.0
2024-01-02 15:37:00-05:00,100000.0,100000.0,0.0
2024-01-02 15:38:00-05:00,100000.0,100000.0,0.0
2024-01-02 15:39:00-05:00,100000.0,100000.0,0.0
2024-01-02 15:40:00-05:00,100000.0,100000.0,0.0
2024-01-02 15:41:00-05:00,100000.0,100000.0,0.0
2024-01-02 15:42:00-05:00,100000.0,100000.0,0.0
2024-01-02 15:43:00-05:00,100000.0,100000.0,0.0
2024-01-02 15:44:00-05:00,100000.0,100000.0,0.0
2024-01-02 15:45:00-05:00,100000.0,100000.0,0.0
2024-01-02 15:46:00-05:00,100000.0,100000.0,0.0
2024-01-02 15:47:00-05:00,100000.0,100000.0,0.0
2024-01-02 15:48:00-05:00,100000.0,100000.0,0.0
2024-01-02 15:49:00-05:00,100000.0,100000.0,0.0
2024-01-02 15:50:00-05:00,100000.0,100000.0,0.0
2024-01-02 15:51:00-05:00,100000.0,100000.0,0.0
2024-01-02 15:52:00-05:00,100000.0,100000.0,0.0
2024-01-02 15:53:00-05:00,100000.0,100000.0,0.0
2024-01-02 15:54:00-05:00,100000.0,100000.0,0.0
2024-01-02 15:55:00-05:00,100000.0,100000.0,0.0
2024-01-02 15:56:00-05:00,100000.0,100000.0,0.0
2024-01-02 15:57:00-05:00,100000.0,100000.0,0.0
2024-01-02 15:58:00-05:00,100000.0,100000.0,0.0
2024-01-02 15:59:00-05:00,100000.0,100000.0,0.0
2024-01-03 09:30:00-05:00,100000.0,100000.0,0.0
2024-01-03 09:31:00-05:00,100000.0,100000.0,0.0
2024-01-03 09:32:00-05:00,100000.0,100000.0,0.0
2024-01-03 09:33:00-05:00,100000.0,100000.0,0.0
2024-01-03 09:34:00-05:00,100000.0,100000.0,0.0
2024-01-03 09:35:00-05:00,100000.0,100000.0,0.0
2024-01-03 09:36:00-05:00,100000.0,100000.0,0.0
2024-01-03 09:37:00-05:00,100000.0,100000.0,0.0
2024-01-03 09:38:00-05:00,100000.0,100000.0,0.0
2024-01-03 09:39:00-05:00,100000.0,100000.0,0.0
2024-01-03 09:40:00-05:00,100000.0,100000.0,0.0
2024-01-03 09:41:00-05:00,100000.0,100000.0,0.0
2024-01-03 09:42:00-05:00,100000.0,100000.0,0.0
2024-01-03 09:43:00-05:00,100000.0,100000.0,0.0
2024-01-03 09:44:00-05:00,100000.0,100000.0,0.0
2024-01-03 09:45:00-05:00,100000.0,100000.0,0.0
2024-01-03 09:46:00-05:00,100000.0,100000.0,0.0
2024-01-03 09:47:00-05:00,100000.0,100000.0,0.0
2024-01-03 09:48:00-05:00,100000.0,100000.0,0.0
2024-01-03 09:49:00-05:00,100000.0,100000.0,0.0
2024-01-03 09:50:00-05:00,100000.0,100000.0,0.0
2024-01-03 09:51:00-05:00,100000.0,100000.0,0.0
2024-01-03 09:52:00-05:00,100000.0,100000.0,0.0
2024-01-03 09:53:00-05:00,100000.0,100000.0,0.0
2024-01-03 09:54:00-05:00,100000.0,100000.0,0.0
2024-01-03 09:55:00-05:00,100000.0,100000.0,0.0
2024-01-03 09:56:00-05:00,100000.0,100000.0,0.0
2024-01-03 09:57:00-05:00,100000.0,100000.0,0.0
2024-01-03 09:58:00-05:00,100000.0,100000.0,0.0
2024-01-03 09:59:00-05:00,100000.0,100000.0,0.0
2024-01-03 10:00:00-05:00,100000.0,100000.0,0.0
2024-01-03 10:01:00-05:00,100000.0,100000.0,0.0
2024-01-03 10:02:00-05:00,100000.0,100000.0,0.0
2024-01-03 10:03:00-05:00,100000.0,100000.0,0.0
2024-01-03 10:04:00-05:00,100000.0,100000.0,0.0
2024-01-03 10:05:00-05:00,100000.0,100000.0,0.0
2024-01-03 10:06:00-05:00,100000.0,100000.0,0.0
2024-01-03 10:07:00-05:00,100000.0,100000.0,0.0
2024-01-03 10:08:00-05:00,100000.0,100000.0,0.0
2024-01-03 10:09:00-05:00,100000.0,100000.0,0.0
2024-01-03 10:10:00-05:00,100000.0,100000.0,0.0
2024-01-03 10:11:00-05:00,100000.0,100000.0,0.0
2024-01-03 10:12:00-05:00,100000.0,100000.0,0.0
2024-01-03 10:13:00-05:00,100000.0,100000.0,0.0
2024-01-03 10:14:00-05:00,100000.0,100000.0,0.0
2024-01-03 10:15:00-05:00,100000.0,100000.0,0.0
2024-01-03 10:16:00-05:00,100000.0,100000.0,0.0
2024-01-03 10:17:00-05:00,100000.0,100000.0,0.0
2024-01-03 10:18:00-05:00,100000.0,100000.0,0.0
2024-01-03 10:19:00-05:00,100000.0,100000.0,0.0
2024-01-03 10:20:00-05:00,100000.0,100000.0,0.0
2024-01-03 10:21:00-05:00,100000.0,100000.0,0.0
2024-01-03 10:22:00-05:00,100000.0,100000.0,0.0
2024-01-03 10:23:00-05:00,100000.0,100000.0,0.0
2024-01-03 10:24:00-05:00,100000.0,100000.0,0.0
2024-01-03 10:25:00-05:00,100000.0,100000.0,0.0
2024-01-03 10:26:00-05:00,100000.0,100000.0,0.0
2024-01-03 10:27:00-05:00,100000.0,100000.0,0.0
2024-01-03 10:28:00-05:00,100000.0,100000.0,0.0
2024-01-03 10:29:00-05:00,100000.0,100000.0,0.0
2024-01-03 10:30:00-05:00,100000.0,100000.0,0.0
2024-01-03 10:31:00-05:00,100000.0,100000.0,0.0
2024-01-03 10:32:00-05:00,100000.0,100000.0,0.0
2024-01-03 10:33:00-05:00,100000.0,100000.0,0.0
2024-01-03 10:34:00-05:00,100000.0,100000.0,0.0
2024-01-03 10:35:00-05:00,100000.0,100000.0,0.0
2024-01-03 10:36:00-05:00,100000.0,100000.0,0.0
2024-01-03 10:37:00-05:00,100000.0,100000.0,0.0
2024-01-03 10:38:00-05:00,100000.0,100000.0,0.0
2024-01-03 10:39:00-05:00,100000.0,100000.0,0.0
2024-01-03 10:40:00-05:00,100000.0,100000.0,0.0
2024-01-03 10:41:00-05:00,100000.0,100000.0,0.0
2024-01-03 10:42:00-05:00,100000.0,100000.0,0.0
2024-01-03 10:43:00-05:00,100000.0,100000.0,0.0
2024-01-03 10:44:00-05:00,100000.0,100000.0,0.0
2024-01-03 10:45:00-05:00,100000.0,100000.0,0.0
2024-01-03 10:46:00-05:00,100000.0,100000.0,0.0
2024-01-03 10:47:00-05:00,100000.0,100000.0,0.0
2024-01-03 10:48:00-05:00,100000.0,100000.0,0.0
2024-01-03 10:49:00-05:00,100000.0,100000.0,0.0
2024-01-03 10:50:00-05:00,100000.0,100000.0,0.0
2024-01-03 10:51:00-05:00,100000.0,100000.0,0.0
2024-01-03 10:52:00-05:00,100000.0,100000.0,0.0
2024-01-03 10:53:00-05:00,100000.0,100000.0,0.0
2024-01-03 10:54:00-05:00,100000.0,100000.0,0.0
2024-01-03 10:55:00-05:00,100000.0,100000.0,0.0
2024-01-03 10:56:00-05:00,100000.0,100000.0,0.0
2024-01-03 10:57:00-05:00,100000.0,100000.0,0.0
2024-01-03 10:58:00-05:00,100000.0,100000.0,0.0
2024-01-03 10:59:00-05:00,100000.0,100000.0,0.0
2024-01-03 11:00:00-05:00,100000.0,100000.0,0.0
2024-01-03 11:01:00-05:00,100000.0,100000.0,0.0
2024-01-03 11:02:00-05:00,100000.0,100000.0,0.0
2024-01-03 11:03:00-05:00,100000.0,100000.0,0.0
2024-01-03 11:04:00-05:00,100000.0,100000.0,0.0
2024-01-03 11:05:00-05:00,100000.0,100000.0,0.0
2024-01-03 11:06:00-05:00,100000.0,100000.0,0.0
2024-01-03 11:07:00-05:00,100000.0,100000.0,0.0
2024-01-03 11:08:00-05:00,100000.0,100000.0,0.0
2024-01-03 11:09:00-05:00,100000.0,100000.0,0.0
2024-01-03 11:10:00-05:00,100000.0,100000.0,0.0
2024-01-03 11:11:00-05:00,100000.0,100000.0,0.0
2024-01-03 11:12:00-05:00,100000.0,100000.0,0.0
2024-01-03 11:13:00-05:00,100000.0,100000.0,0.0
2024-01-03 11:14:00-05:00,100000.0,100000.0,0.0
2024-01-03 11:15:00-05:00,100000.0,100000.0,0.0
2024-01-03 11:16:00-05:00,100000.0,100000.0,0.0
2024-01-03 11:17:00-05:00,100000.0,100000.0,0.0
2024-01-03 11:18:00-05:00,100000.0,100000.0,0.0
2024-01-03 11:19:00-05:00,100000.0,100000.0,0.0
2024-01-03 11:20:00-05:00,100000.0,100000.0,0.0
2024-01-03 11:21:00-05:00,100000.0,100000.0,0.0
2024-01-03 11:22:00-05:00,100000.0,100000.0,0.0
2024-01-03 11:23:00-05:00,100000.0,100000.0,0.0
2024-01-03 11:24:00-05:00,100000.0,100000.0,0.0
2024-01-03 11:25:00-05:00,100000.0,100000.0,0.0
2024-01-03 11:26:00-05:00,100000.0,100000.0,0.0
2024-01-03 11:27:00-05:00,100000.0,100000.0,0.0
2024-01-03 11:28:00-05:00,100000.0,100000.0,0.0
2024-01-03 11:29:00-05:00,100000.0,100000.0,0.0
2024-01-03 11:30:00-05:00,100000.0,100000.0,0.0
2024-01-03 11:31:00-05:00,100000.0,100000.0,0.0
2024-01-03 11:32:00-05:00,100000.0,100000.0,0.0
2024-01-03 11:33:00-05:00,100000.0,100000.0,0.0
2024-01-03 11:34:00-05:00,100000.0,100000.0,0.0
2024-01-03 11:35:00-05:00,100000.0,100000.0,0.0
2024-01-03 11:36:00-05:00,100000.0,100000.0,0.0
2024-01-03 11:37:00-05:00,100000.0,100000.0,0.0
2024-01-03 11:38:00-05:00,100000.0,100000.0,0.0
2024-01-03 11:39:00-05:00,100000.0,100000.0,0.0
2024-01-03 11:40:00-05:00,100000.0,100000.0,0.0
2024-01-03 11:41:00-05:00,100000.0,100000.0,0.0
2024-01-03 11:42:00-05:00,100000.0,100000.0,0.0
2024-01-03 11:43:00-05:00,100000.0,100000.0,0.0
2024-01-03 11:44:00-05:00,100000.0,100000.0,0.0
2024-01-03 11:45:00-05:00,100000.0,100000.0,0.0
2024-01-03 11:46:00-05:00,100000.0,100000.0,0.0
2024-01-03 11:47:00-05:00,100000.0,100000.0,0.0
2024-01-03 11:48:00-05:00,100000.0,100000.0,0.0
2024-01-03 11:49:00-05:00,100000.0,100000.0,0.0
2024-01-03 11:50:00-05:00,100000.0,100000.0,0.0
2024-01-03 11:51:00-05:00,100000.0,100000.0,0.0
2024-01-03 11:52:00-05:00,100000.0,100000.0,0.0
2024-01-03 11:53:00-05:00,100000.0,100000.0,0.0
2024-01-03 11:54:00-05:00,100000.0,100000.0,0.0
2024-01-03 11:55:00-05:00,100000.0,100000.0,0.0
2024-01-03 11:56:00-05:00,100000.0,100000.0,0.0
2024-01-03 11:57:00-05:00,100000.0,100000.0,0.0
2024-01-03 11:58:00-05:00,100000.0,100000.0,0.0
2024-01-03 11:59:00-05:00,100000.0,100000.0,0.0
2024-01-03 12:00:00-05:00,100000.0,100000.0,0.0
2024-01-03 12:01:00-05:00,100000.0,100000.0,0.0
2024-01-03 12:02:00-05:00,100000.0,100000.0,0.0
2024-01-03 12:03:00-05:00,100000.0,100000.0,0.0
2024-01-03 12:04:00-05:00,100000.0,100000.0,0.0
2024-01-03 12:05:00-05:00,100000.0,100000.0,0.0
2024-01-03 12:06:00-05:00,100000.0,100000.0,0.0
2024-01-03 12:07:00-05:00,100000.0,100000.0,0.0
2024-01-03 12:08:00-05:00,100000.0,100000.0,0.0
2024-01-03 12:09:00-05:00,100000.0,100000.0,0.0
2024-01-03 12:10:00-05:00,100000.0,100000.0,0.0
2024-01-03 12:11:00-05:00,100000.0,100000.0,0.0
2024-01-03 12:12:00-05:00,100000.0,100000.0,0.0
2024-01-03 12:13:00-05:00,100000.0,100000.0,0.0
2024-01-03 12:14:00-05:00,100000.0,100000.0,0.0
2024-01-03 12:15:00-05:00,100000.0,100000.0,0.0
2024-01-03 12:16:00-05:00,100000.0,100000.0,0.0
2024-01-03 12:17:00-05:00,100000.0,100000.0,0.0
2024-01-03 12:18:00-05:00,100000.0,100000.0,0.0
2024-01-03 12:19:00-05:00,100000.0,100000.0,0.0
2024-01-03 12:20:00-05:00,100000.0,100000.0,0.0
2024-01-03 12:21:00-05:00,100000.0,100000.0,0.0
2024-01-03 12:22:00-05:00,100000.0,100000.0,0.0
2024-01-03 12:23:00-05:00,100000.0,100000.0,0.0
2024-01-03 12:24:00-05:00,100000.0,100000.0,0.0
2024-01-03 12:25:00-05:00,100000.0,100000.0,0.0
2024-01-03 12:26:00-05:00,100000.0,100000.0,0.0
2024-01-03 12:27:00-05:00,100000.0,100000.0,0.0
2024-01-03 12:28:00-05:00,100000.0,100000.0,0.0
2024-01-03 12:29:00-05:00,100000.0,100000.0,0.0
2024-01-03 12:30:00-05:00,100000.0,100000.0,0.0
2024-01-03 12:31:00-05:00,100000.0,100000.0,0.0
2024-01-03 12:32:00-05:00,100000.0,100000.0,0.0
2024-01-03 12:33:00-05:00,100000.0,100000.0,0.0
2024-01-03 12:34:00-05:00,100000.0,100000.0,0.0
2024-01-03 12:35:00-05:00,100000.0,100000.0,0.0
2024-01-03 12:36:00-05:00,100000.0,100000.0,0.0
2024-01-03 12:37:00-05:00,100000.0,100000.0,0.0
2024-01-03 12:38:00-05:00,100000.0,100000.0,0.0
2024-01-03 12:39:00-05:00,100000.0,100000.0,0.0
2024-01-03 12:40:00-05:00,100000.0,100000.0,0.0
2024-01-03 12:41:00-05:00,100000.0,100000.0,0.0
2024-01-03 12:42:00-05:00,100000.0,100000.0,0.0
2024-01-03 12:43:00-05:00,100000.0,100000.0,0.0
2024-01-03 12:44:00-05:00,100000.0,100000.0,0.0
2024-01-03 12:45:00-05:00,100000.0,100000.0,0.0
2024-01-03 12:46:00-05:00,100000.0,100000.0,0.0
2024-01-03 12:47:00-05:00,100000.0,100000.0,0.0
2024-01-03 12:48:00-05:00,100000.0,100000.0,0.0
2024-01-03 12:49:00-05:00,100000.0,100000.0,0.0
2024-01-03 12:50:00-05:00,100000.0,100000.0,0.0
2024-01-03 12:51:00-05:00,100000.0,100000.0,0.0
2024-01-03 12:52:00-05:00,100000.0,100000.0,0.0
2024-01-03 12:53:00-05:00,100000.0,100000.0,0.0
2024-01-03 12:54:00-05:00,100000.0,100000.0,0.0
2024-01-03 12:55:00-05:00,100000.0,100000.0,0.0
2024-01-03 12:56:00-05:00,100000.0,100000.0,0.0
2024-01-03 12:57:00-05:00,100000.0,100000.0,0.0
2024-01-03 12:58:00-05:00,100000.0,100000.0,0.0
2024-01-03 12:59:00-05:00,100000.0,100000.0,0.0
2024-01-03 13:00:00-05:00,100000.0,100000.0,0.0
2024-01-03 13:01:00-05:00,100000.0,100000.0,0.0
2024-01-03 13:02:00-05:00,100000.0,100000.0,0.0
2024-01-03 13:03:00-05:00,100000.0,100000.0,0.0
2024-01-03 13:04:00-05:00,100000.0,100000.0,0.0
2024-01-03 13:05:00-05:00,100000.0,100000.0,0.0
2024-01-03 13:06:00-05:00,100000.0,100000.0,0.0
2024-01-03 13:07:00-05:00,100000.0,100000.0,0.0
2024-01-03 13:08:00-05:00,100000.0,100000.0,0.0
2024-01-03 13:09:00-05:00,100000.0,100000.0,0.0
2024-01-03 13:10:00-05:00,100000.0,100000.0,0.0
2024-01-03 13:11:00-05:00,100000.0,100000.0,0.0
2024-01-03 13:12:00-05:00,100000.0,100000.0,0.0
2024-01-03 13:13:00-05:00,100000.0,100000.0,0.0
2024-01-03 13:14:00-05:00,100000.0,100000.0,0.0
2024-01-03 13:15:00-05:00,100000.0,100000.0,0.0
2024-01-03 13:16:00-05:00,100000.0,100000.0,0.0
2024-01-03 13:17:00-05:00,100000.0,100000.0,0.0
2024-01-03 13:18:00-05:00,100000.0,100000.0,0.0
2024-01-03 13:19:00-05:00,100000.0,100000.0,0.0
2024-01-03 13:20:00-05:00,100000.0,100000.0,0.0
2024-01-03 13:21:00-05:00,100000.0,100000.0,0.0
2024-01-03 13:22:00-05:00,100000.0,100000.0,0.0
2024-01-03 13:23:00-05:00,100000.0,100000.0,0.0
2024-01-03 13:24:00-05:00,100000.0,100000.0,0.0
2024-01-03 13:25:00-05:00,100000.0,100000.0,0.0
2024-01-03 13:26:00-05:00,100000.0,100000.0,0.0
2024-01-03 13:27:00-05:00,100000.0,100000.0,0.0
2024-01-03 13:28:00-05:00,100000.0,100000.0,0.0
2024-01-03 13:29:00-05:00,100000.0,100000.0,0.0
2024-01-03 13:30:00-05:00,100000.0,100000.0,0.0
2024-01-03 13:31:00-05:00,100000.0,100000.0,0.0
2024-01-03 13:32:00-05:00,100000.0,100000.0,0.0
2024-01-03 13:33:00-05:00,100000.0,100000.0,0.0
2024-01-03 13:34:00-05:00,100000.0,100000.0,0.0
2024-01-03 13:35:00-05:00,100000.0,100000.0,0.0
2024-01-03 13:36:00-05:00,100000.0,100000.0,0.0
2024-01-03 13:37:00-05:00,100000.0,100000.0,0.0
2024-01-03 13:38:00-05:00,100000.0,100000.0,0.0
2024-01-03 13:39:00-05:00,100000.0,100000.0,0.0
2024-01-03 13:40:00-05:00,100000.0,100000.0,0.0
2024-01-03 13:41:00-05:00,100000.0,100000.0,0.0
2024-01-03 13:42:00-05:00,100000.0,100000.0,0.0
2024-01-03 13:43:00-05:00,100000.0,100000.0,0.0
2024-01-03 13:44:00-05:00,100000.0,100000.0,0.0
2024-01-03 13:45:00-05:00,100000.0,100000.0,0.0
2024-01-03 13:46:00-05:00,100000.0,100000.0,0.0
2024-01-03 13:47:00-05:00,100000.0,100000.0,0.0
2024-01-03 13:48:00-05:00,100000.0,100000.0,0.0
2024-01-03 13:49:00-05:00,100000.0,100000.0,0.0
2024-01-03 13:50:00-05:00,100000.0,100000.0,0.0
2024-01-03 13:51:00-05:00,100000.0,100000.0,0.0
2024-01-03 13:52:00-05:00,100000.0,100000.0,0.0
2024-01-03 13:53:00-05:00,100000.0,100000.0,0.0
2024-01-03 13:54:00-05:00,100000.0,100000.0,0.0
2024-01-03 13:55:00-05:00,100000.0,100000.0,0.0
2024-01-03 13:56:00-05:00,100000.0,100000.0,0.0
2024-01-03 13:57:00-05:00,100000.0,100000.0,0.0
2024-01-03 13:58:00-05:00,100000.0,100000.0,0.0
2024-01-03 13:59:00-05:00,100000.0,100000.0,0.0
2024-01-03 14:00:00-05:00,100000.0,100000.0,0.0
2024-01-03 14:01:00-05:00,100000.0,100000.0,0.0
2024-01-03 14:02:00-05:00,100000.0,100000.0,0.0
2024-01-03 14:03:00-05:00,100000.0,100000.0,0.0
2024-01-03 14:04:00-05:00,100000.0,100000.0,0.0
2024-01-03 14:05:00-05:00,100000.0,100000.0,0.0
2024-01-03 14:06:00-05:00,100000.0,100000.0,0.0
2024-01-03 14:07:00-05:00,100000.0,100000.0,0.0
2024-01-03 14:08:00-05:00,100000.0,100000.0,0.0
2024-01-03 14:09:00-05:00,100000.0,100000.0,0.0
2024-01-03 14:10:00-05:00,100000.0,100000.0,0.0
2024-01-03 14:11:00-05:00,100000.0,100000.0,0.0
2024-01-03 14:12:00-05:00,100000.0,100000.0,0.0
2024-01-03 14:13:00-05:00,100000.0,100000.0,0.0
2024-01-03 14:14:00-05:00,100000.0,100000.0,0.0
2024-01-03 14:15:00-05:00,100000.0,100000.0,0.0
2024-01-03 14:16:00-05:00,100000.0,100000.0,0.0
2024-01-03 14:17:00-05:00,100000.0,100000.0,0.0
2024-01-03 14:18:00-05:00,100000.0,100000.0,0.0
2024-01-03 14:19:00-05:00,100000.0,100000.0,0.0
2024-01-03 14:20:00-05:00,100000.0,100000.0,0.0
2024-01-03 14:21:00-05:00,100000.0,100000.0,0.0
2024-01-03 14:22:00-05:00,100000.0,100000.0,0.0
2024-01-03 14:23:00-05:00,100000.0,100000.0,0.0
2024-01-03 14:24:00-05:00,100000.0,100000.0,0.0
2024-01-03 14:25:00-05:00,100000.0,100000.0,0.0
2024-01-03 14:26:00-05:00,100000.0,100000.0,0.0
2024-01-03 14:27:00-05:00,100000.0,100000.0,0.0
2024-01-03 14:28:00-05:00,100000.0,100000.0,0.0
2024-01-03 14:29:00-05:00,100000.0,100000.0,0.0
2024-01-03 14:30:00-05:00,100000.0,100000.0,0.0
2024-01-03 14:31:00-05:00,100000.0,100000.0,0.0
2024-01-03 14:32:00-05:00,100000.0,100000.0,0.0
2024-01-03 14:33:00-05:00,100000.0,100000.0,0.0
2024-01-03 14:34:00-05:00,100000.0,100000.0,0.0
2024-01-03 14:35:00-05:00,100000.0,100000.0,0.0
2024-01-03 14:36:00-05:00,100000.0,100000.0,0.0
2024-01-03 14:37:00-05:00,100000.0,100000.0,0.0
2024-01-03 14:38:00-05:00,100000.0,100000.0,0.0
2024-01-03 14:39:00-05:00,100000.0,100000.0,0.0
2024-01-03 14:40:00-05:00,100000.0,100000.0,0.0
2024-01-03 14:41:00-05:00,100000.0,100000.0,0.0
2024-01-03 14:42:00-05:00,100000.0,100000.0,0.0
2024-01-03 14:43:00-05:00,100000.0,100000.0,0.0
2024-01-03 14:44:00-05:00,100000.0,100000.0,0.0
2024-01-03 14:45:00-05:00,100000.0,100000.0,0.0
2024-01-03 14:46:00-05:00,100000.0,100000.0,0.0
2024-01-03 14:47:00-05:00,100000.0,100000.0,0.0
2024-01-03 14:48:00-05:00,100000.0,100000.0,0.0
2024-01-03 14:49:00-05:00,100000.0,100000.0,0.0
2024-01-03 14:50:00-05:00,100000.0,100000.0,0.0
2024-01-03 14:51:00-05:00,100000.0,100000.0,0.0
2024-01-03 14:52:00-05:00,100000.0,100000.0,0.0
2024-01-03 14:53:00-05:00,100000.0,100000.0,0.0
2024-01-03 14:54:00-05:00,100000.0,100000.0,0.0
2024-01-03 14:55:00-05:00,100000.0,100000.0,0.0
2024-01-03 14:56:00-05:00,100000.0,100000.0,0.0
2024-01-03 14:57:00-05:00,100000.0,100000.0,0.0
2024-01-03 14:58:00-05:00,100000.0,100000.0,0.0
2024-01-03 14:59:00-05:00,100000.0,100000.0,0.0
2024-01-03 15:00:00-05:00,100000.0,100000.0,0.0
2024-01-03 15:01:00-05:00,100000.0,100000.0,0.0
2024-01-03 15:02:00-05:00,100000.0,100000.0,0.0
2024-01-03 15:03:00-05:00,100000.0,100000.0,0.0
2024-01-03 15:04:00-05:00,100000.0,100000.0,0.0
2024-01-03 15:05:00-05:00,100000.0,100000.0,0.0
2024-01-03 15:06:00-05:00,100000.0,100000.0,0.0
2024-01-03 15:07:00-05:00,100000.0,100000.0,0.0
2024-01-03 15:08:00-05:00,100000.0,100000.0,0.0
2024-01-03 15:09:00-05:00,100000.0,100000.0,0.0
2024-01-03 15:10:00-05:00,100000.0,100000.0,0.0
2024-01-03 15:11:00-05:00,100000.0,100000.0,0.0
2024-01-03 15:12:00-05:00,100000.0,100000.0,0.0
2024-01-03 15:13:00-05:00,100000.0,100000.0,0.0
2024-01-03 15:14:00-05:00,100000.0,100000.0,0.0
2024-01-03 15:15:00-05:00,100000.0,100000.0,0.0
2024-01-03 15:16:00-05:00,100000.0,100000.0,0.0
2024-01-03 15:17:00-05:00,100000.0,100000.0,0.0
2024-01-03 15:18:00-05:00,100000.0,100000.0,0.0
2024-01-03 15:19:00-05:00,100000.0,100000.0,0.0
2024-01-03 15:20:00-05:00,100000.0,100000.0,0.0
2024-01-03 15:21:00-05:00,100000.0,100000.0,0.0
2024-01-03 15:22:00-05:00,100000.0,100000.0,0.0
2024-01-03 15:23:00-05:00,100000.0,100000.0,0.0
2024-01-03 15:24:00-05:00,100000.0,100000.0,0.0
2024-01-03 15:25:00-05:00,100000.0,100000.0,0.0
2024-01-03 15:26:00-05:00,100000.0,100000.0,0.0
2024-01-03 15:27:00-05:00,100000.0,100000.0,0.0
2024-01-03 15:28:00-05:00,100000.0,100000.0,0.0
2024-01-03 15:29:00-05:00,100000.0,100000.0,0.0
2024-01-03 15:30:00-05:00,100000.0,100000.0,0.0
2024-01-03 15:31:00-05:00,100000.0,100000.0,0.0
2024-01-03 15:32:00-05:00,100000.0,100000.0,0.0
2024-01-03 15:33:00-05:00,100000.0,100000.0,0.0
2024-01-03 15:34:00-05:00,100000.0,100000.0,0.0
2024-01-03 15:35:00-05:00,100000.0,100000.0,0.0
2024-01-03 15:36:00-05:00,100000.0,100000.0,0.0
2024-01-03 15:37:00-05:00,100000.0,100000.0,0.0
2024-01-03 15:38:00-05:00,100000.0,100000.0,0.0
2024-01-03 15:39:00-05:00,100000.0,100000.0,0.0
2024-01-03 15:40:00-05:00,100000.0,100000.0,0.0
2024-01-03 15:41:00-05:00,100000.0,100000.0,0.0
2024-01-03 15:42:00-05:00,100000.0,100000.0,0.0
2024-01-03 15:43:00-05:00,100000.0,100000.0,0.0
2024-01-03 15:44:00-05:00,100000.0,100000.0,0.0
2024-01-03 15:45:00-05:00,100000.0,100000.0,0.0
2024-01-03 15:46:00-05:00,100000.0,100000.0,0.0
2024-01-03 15:47:00-05:00,100000.0,100000.0,0.0
2024-01-03 15:48:00-05:00,100000.0,100000.0,0.0
2024-01-03 15:49:00-05:00,100000.0,100000.0,0.0
2024-01-03 15:50:00-05:00,100000.0,100000.0,0.0
2024-01-03 15:51:00-05:00,100000.0,100000.0,0.0
2024-01-03 15:52:00-05:00,100000.0,100000.0,0.0
2024-01-03 15:53:00-05:00,100000.0,100000.0,0.0
2024-01-03 15:54:00-05:00,100000.0,100000.0,0.0
2024-01-03 15:55:00-05:00,100000.0,100000.0,0.0
2024-01-03 15:56:00-05:00,100000.0,100000.0,0.0
2024-01-03 15:57:00-05:00,100000.0,100000.0,0.0
2024-01-03 15:58:00-05:00,100000.0,100000.0,0.0
2024-01-03 15:59:00-05:00,100000.0,100000.0,0.0
2024-01-04 09:30:00-05:00,100000.0,100000.0,0.0
2024-01-04 09:31:00-05:00,100000.0,100000.0,0.0
2024-01-04 09:32:00-05:00,100000.0,100000.0,0.0
2024-01-04 09:33:00-05:00,100000.0,100000.0,0.0
2024-01-04 09:34:00-05:00,100000.0,100000.0,0.0
2024-01-04 09:35:00-05:00,100000.0,100000.0,0.0
2024-01-04 09:36:00-05:00,100000.0,100000.0,0.0
2024-01-04 09:37:00-05:00,100000.0,100000.0,0.0
2024-01-04 09:38:00-05:00,100000.0,100000.0,0.0
2024-01-04 09:39:00-05:00,100000.0,100000.0,0.0
2024-01-04 09:40:00-05:00,100000.0,100000.0,0.0
2024-01-04 09:41:00-05:00,100000.0,100000.0,0.0
2024-01-04 09:42:00-05:00,100000.0,100000.0,0.0
2024-01-04 09:43:00-05:00,100000.0,100000.0,0.0
2024-01-04 09:44:00-05:00,100000.0,100000.0,0.0
2024-01-04 09:45:00-05:00,100000.0,100000.0,0.0
2024-01-04 09:46:00-05:00,100000.0,100000.0,0.0
2024-01-04 09:47:00-05:00,100000.0,100000.0,0.0
2024-01-04 09:48:00-05:00,100000.0,100000.0,0.0
2024-01-04 09:49:00-05:00,100000.0,100000.0,0.0
2024-01-04 09:50:00-05:00,100000.0,100000.0,0.0
2024-01-04 09:51:00-05:00,100000.0,100000.0,0.0
2024-01-04 09:52:00-05:00,100000.0,100000.0,0.0
2024-01-04 09:53:00-05:00,100000.0,100000.0,0.0
2024-01-04 09:54:00-05:00,100000.0,100000.0,0.0
2024-01-04 09:55:00-05:00,100000.0,100000.0,0.0
2024-01-04 09:56:00-05:00,100000.0,100000.0,0.0
2024-01-04 09:57:00-05:00,100000.0,100000.0,0.0
2024-01-04 09:58:00-05:00,100000.0,100000.0,0.0
2024-01-04 09:59:00-05:00,100000.0,100000.0,0.0
2024-01-04 10:00:00-05:00,100000.0,100000.0,0.0
2024-01-04 10:01:00-05:00,100000.0,100000.0,0.0
2024-01-04 10:02:00-05:00,100000.0,100000.0,0.0
2024-01-04 10:03:00-05:00,100000.0,100000.0,0.0
2024-01-04 10:04:00-05:00,100000.0,100000.0,0.0
2024-01-04 10:05:00-05:00,100000.0,100000.0,0.0
2024-01-04 10:06:00-05:00,100000.0,100000.0,0.0
2024-01-04 10:07:00-05:00,100000.0,100000.0,0.0
2024-01-04 10:08:00-05:00,100000.0,100000.0,0.0
2024-01-04 10:09:00-05:00,100000.0,100000.0,0.0
2024-01-04 10:10:00-05:00,100000.0,100000.0,0.0
2024-01-04 10:11:00-05:00,100000.0,100000.0,0.0
2024-01-04 10:12:00-05:00,100000.0,100000.0,0.0
2024-01-04 10:13:00-05:00,100000.0,100000.0,0.0
2024-01-04 10:14:00-05:00,100000.0,100000.0,0.0
2024-01-04 10:15:00-05:00,100000.0,100000.0,0.0
2024-01-04 10:16:00-05:00,100000.0,100000.0,0.0
2024-01-04 10:17:00-05:00,100000.0,100000.0,0.0
2024-01-04 10:18:00-05:00,100000.0,100000.0,0.0
2024-01-04 10:19:00-05:00,100000.0,100000.0,0.0
2024-01-04 10:20:00-05:00,100000.0,100000.0,0.0
2024-01-04 10:21:00-05:00,100000.0,100000.0,0.0
2024-01-04 10:22:00-05:00,100000.0,100000.0,0.0
2024-01-04 10:23:00-05:00,100000.0,100000.0,0.0
2024-01-04 10:24:00-05:00,100000.0,100000.0,0.0
2024-01-04 10:25:00-05:00,100000.0,100000.0,0.0
2024-01-04 10:26:00-05:00,100000.0,100000.0,0.0
2024-01-04 10:27:00-05:00,100000.0,100000.0,0.0
2024-01-04 10:28:00-05:00,100000.0,100000.0,0.0
2024-01-04 10:29:00-05:00,100000.0,100000.0,0.0
2024-01-04 10:30:00-05:00,100000.0,100000.0,0.0
2024-01-04 10:31:00-05:00,100000.0,100000.0,0.0
2024-01-04 10:32:00-05:00,100000.0,100000.0,0.0
2024-01-04 10:33:00-05:00,100000.0,100000.0,0.0
2024-01-04 10:34:00-05:00,100000.0,100000.0,0.0
2024-01-04 10:35:00-05:00,100000.0,100000.0,0.0
2024-01-04 10:36:00-05:00,100000.0,100000.0,0.0
2024-01-04 10:37:00-05:00,100000.0,100000.0,0.0
2024-01-04 10:38:00-05:00,100000.0,100000.0,0.0
2024-01-04 10:39:00-05:00,100000.0,100000.0,0.0
2024-01-04 10:40:00-05:00,100000.0,100000.0,0.0
2024-01-04 10:41:00-05:00,100000.0,100000.0,0.0
2024-01-04 10:42:00-05:00,100000.0,100000.0,0.0
2024-01-04 10:43:00-05:00,100000.0,100000.0,0.0
2024-01-04 10:44:00-05:00,100000.0,100000.0,0.0
2024-01-04 10:45:00-05:00,100000.0,100000.0,0.0
2024-01-04 10:46:00-05:00,100000.0,100000.0,0.0
2024-01-04 10:47:00-05:00,100000.0,100000.0,0.0
2024-01-04 10:48:00-05:00,100000.0,100000.0,0.0
2024-01-04 10:49:00-05:00,100000.0,100000.0,0.0
2024-01-04 10:50:00-05:00,100000.0,100000.0,0.0
2024-01-04 10:51:00-05:00,100000.0,100000.0,0.0
2024-01-04 10:52:00-05:00,100000.0,100000.0,0.0
2024-01-04 10:53:00-05:00,100000.0,100000.0,0.0
2024-01-04 10:54:00-05:00,100000.0,100000.0,0.0
2024-01-04 10:55:00-05:00,100000.0,100000.0,0.0
2024-01-04 10:56:00-05:00,100000.0,100000.0,0.0
2024-01-04 10:57:00-05:00,100000.0,100000.0,0.0
2024-01-04 10:58:00-05:00,100000.0,100000.0,0.0
2024-01-04 10:59:00-05:00,100000.0,100000.0,0.0
2024-01-04 11:00:00-05:00,100000.0,100000.0,0.0
2024-01-04 11:01:00-05:00,100000.0,100000.0,0.0
2024-01-04 11:02:00-05:00,100000.0,100000.0,0.0
2024-01-04 11:03:00-05:00,100000.0,100000.0,0.0
2024-01-04 11:04:00-05:00,100000.0,100000.0,0.0
2024-01-04 11:05:00-05:00,100000.0,100000.0,0.0
2024-01-04 11:06:00-05:00,100000.0,100000.0,0.0
2024-01-04 11:07:00-05:00,100000.0,100000.0,0.0
2024-01-04 11:08:00-05:00,100000.0,100000.0,0.0
2024-01-04 11:09:00-05:00,100000.0,100000.0,0.0
2024-01-04 11:10:00-05:00,100000.0,100000.0,0.0
2024-01-04 11:11:00-05:00,100000.0,100000.0,0.0
2024-01-04 11:12:00-05:00,100000.0,100000.0,0.0
2024-01-04 11:13:00-05:00,100000.0,100000.0,0.0
2024-01-04 11:14:00-05:00,100000.0,100000.0,0.0
2024-01-04 11:15:00-05:00,100000.0,100000.0,0.0
2024-01-04 11:16:00-05:00,100000.0,100000.0,0.0
2024-01-04 11:17:00-05:00,100000.0,100000.0,0.0
2024-01-04 11:18:00-05:00,100000.0,100000.0,0.0
2024-01-04 11:19:00-05:00,100000.0,100000.0,0.0
2024-01-04 11:20:00-05:00,100000.0,100000.0,0.0
2024-01-04 11:21:00-05:00,100000.0,100000.0,0.0
2024-01-04 11:22:00-05:00,100000.0,100000.0,0.0
2024-01-04 11:23:00-05:00,100000.0,100000.0,0.0
2024-01-04 11:24:00-05:00,100000.0,100000.0,0.0
2024-01-04 11:25:00-05:00,100000.0,100000.0,0.0
2024-01-04 11:26:00-05:00,100000.0,100000.0,0.0
2024-01-04 11:27:00-05:00,100000.0,100000.0,0.0
2024-01-04 11:28:00-05:00,100000.0,100000.0,0.0
2024-01-04 11:29:00-05:00,100000.0,100000.0,0.0
2024-01-04 11:30:00-05:00,100000.0,100000.0,0.0
2024-01-04 11:31:00-05:00,100000.0,100000.0,0.0
2024-01-04 11:32:00-05:00,100000.0,100000.0,0.0
2024-01-04 11:33:00-05:00,100000.0,100000.0,0.0
2024-01-04 11:34:00-05:00,100000.0,100000.0,0.0
2024-01-04 11:35:00-05:00,100000.0,100000.0,0.0
2024-01-04 11:36:00-05:00,100000.0,100000.0,0.0
2024-01-04 11:37:00-05:00,100000.0,100000.0,0.0
2024-01-04 11:38:00-05:00,100000.0,100000.0,0.0
2024-01-04 11:39:00-05:00,100000.0,100000.0,0.0
2024-01-04 11:40:00-05:00,100000.0,100000.0,0.0
2024-01-04 11:41:00-05:00,100000.0,100000.0,0.0
2024-01-04 11:42:00-05:00,100000.0,100000.0,0.0
2024-01-04 11:43:00-05:00,100000.0,100000.0,0.0
2024-01-04 11:44:00-05:00,100000.0,100000.0,0.0
2024-01-04 11:45:00-05:00,100000.0,100000.0,0.0
2024-01-04 11:46:00-05:00,100000.0,100000.0,0.0
2024-01-04 11:47:00-05:00,100000.0,100000.0,0.0
2024-01-04 11:48:00-05:00,100000.0,100000.0,0.0
2024-01-04 11:49:00-05:00,100000.0,100000.0,0.0
2024-01-04 11:50:00-05:00,100000.0,100000.0,0.0
2024-01-04 11:51:00-05:00,100000.0,100000.0,0.0
2024-01-04 11:52:00-05:00,100000.0,100000.0,0.0
2024-01-04 11:53:00-05:00,100000.0,100000.0,0.0
2024-01-04 11:54:00-05:00,100000.0,100000.0,0.0
2024-01-04 11:55:00-05:00,100000.0,100000.0,0.0
2024-01-04 11:56:00-05:00,100000.0,100000.0,0.0
2024-01-04 11:57:00-05:00,100000.0,100000.0,0.0
2024-01-04 11:58:00-05:00,100000.0,100000.0,0.0
2024-01-04 11:59:00-05:00,100000.0,100000.0,0.0
2024-01-04 12:00:00-05:00,100000.0,100000.0,0.0
2024-01-04 12:01:00-05:00,100000.0,100000.0,0.0
2024-01-04 12:02:00-05:00,100000.0,100000.0,0.0
2024-01-04 12:03:00-05:00,100000.0,100000.0,0.0
2024-01-04 12:04:00-05:00,100000.0,100000.0,0.0
2024-01-04 12:05:00-05:00,100000.0,100000.0,0.0
2024-01-04 12:06:00-05:00,100000.0,100000.0,0.0
2024-01-04 12:07:00-05:00,100000.0,100000.0,0.0
2024-01-04 12:08:00-05:00,100000.0,100000.0,0.0
2024-01-04 12:09:00-05:00,100000.0,100000.0,0.0
2024-01-04 12:10:00-05:00,100000.0,100000.0,0.0
2024-01-04 12:11:00-05:00,100000.0,100000.0,0.0
2024-01-04 12:12:00-05:00,100000.0,100000.0,0.0
2024-01-04 12:13:00-05:00,100000.0,100000.0,0.0
2024-01-04 12:14:00-05:00,100000.0,100000.0,0.0
2024-01-04 12:15:00-05:00,100000.0,100000.0,0.0
2024-01-04 12:16:00-05:00,100000.0,100000.0,0.0
2024-01-04 12:17:00-05:00,100000.0,100000.0,0.0
2024-01-04 12:18:00-05:00,100000.0,100000.0,0.0
2024-01-04 12:19:00-05:00,100000.0,100000.0,0.0
2024-01-04 12:20:00-05:00,100000.0,100000.0,0.0
2024-01-04 12:21:00-05:00,100000.0,100000.0,0.0
2024-01-04 12:22:00-05:00,100000.0,100000.0,0.0
2024-01-04 12:23:00-05:00,100000.0,100000.0,0.0
2024-01-04 12:24:00-05:00,100000.0,100000.0,0.0
2024-01-04 12:25:00-05:00,100000.0,100000.0,0.0
2024-01-04 12:26:00-05:00,100000.0,100000.0,0.0
2024-01-04 12:27:00-05:00,100000.0,100000.0,0.0
2024-01-04 12:28:00-05:00,100000.0,100000.0,0.0
2024-01-04 12:29:00-05:00,100000.0,100000.0,0.0
2024-01-04 12:30:00-05:00,100000.0,100000.0,0.0
2024-01-04 12:31:00-05:00,100000.0,100000.0,0.0
2024-01-04 12:32:00-05:00,100000.0,100000.0,0.0
2024-01-04 12:33:00-05:00,100000.0,100000.0,0.0
2024-01-04 12:34:00-05:00,100000.0,100000.0,0.0
2024-01-04 12:35:00-05:00,100000.0,100000.0,0.0
2024-01-04 12:36:00-05:00,100000.0,100000.0,0.0
2024-01-04 12:37:00-05:00,100000.0,100000.0,0.0
2024-01-04 12:38:00-05:00,100000.0,100000.0,0.0
2024-01-04 12:39:00-05:00,100000.0,100000.0,0.0
2024-01-04 12:40:00-05:00,100000.0,100000.0,0.0
2024-01-04 12:41:00-05:00,100000.0,100000.0,0.0
2024-01-04 12:42:00-05:00,100000.0,100000.0,0.0
2024-01-04 12:43:00-05:00,100000.0,100000.0,0.0
2024-01-04 12:44:00-05:00,100000.0,100000.0,0.0
2024-01-04 12:45:00-05:00,100000.0,100000.0,0.0
2024-01-04 12:46:00-05:00,100000.0,100000.0,0.0
2024-01-04 12:47:00-05:00,100000.0,100000.0,0.0
2024-01-04 12:48:00-05:00,100000.0,100000.0,0.0
2024-01-04 12:49:00-05:00,100000.0,100000.0,0.0
2024-01-04 12:50:00-05:00,100000.0,100000.0,0.0
2024-01-04 12:51:00-05:00,100000.0,100000.0,0.0
2024-01-04 12:52:00-05:00,100000.0,100000.0,0.0
2024-01-04 12:53:00-05:00,100000.0,100000.0,0.0
2024-01-04 12:54:00-05:00,100000.0,100000.0,0.0
2024-01-04 12:55:00-05:00,100000.0,100000.0,0.0
2024-01-04 12:56:00-05:00,100000.0,100000.0,0.0
2024-01-04 12:57:00-05:00,100000.0,100000.0,0.0
2024-01-04 12:58:00-05:00,100000.0,100000.0,0.0
2024-01-04 12:59:00-05:00,100000.0,100000.0,0.0
2024-01-04 13:00:00-05:00,100000.0,100000.0,0.0
2024-01-04 13:01:00-05:00,100000.0,100000.0,0.0
2024-01-04 13:02:00-05:00,100000.0,100000.0,0.0
2024-01-04 13:03:00-05:00,100000.0,100000.0,0.0
2024-01-04 13:04:00-05:00,100000.0,100000.0,0.0
2024-01-04 13:05:00-05:00,100000.0,100000.0,0.0
2024-01-04 13:06:00-05:00,100000.0,100000.0,0.0
2024-01-04 13:07:00-05:00,100000.0,100000.0,0.0
2024-01-04 13:08:00-05:00,100000.0,100000.0,0.0
2024-01-04 13:09:00-05:00,100000.0,100000.0,0.0
2024-01-04 13:10:00-05:00,100000.0,100000.0,0.0
2024-01-04 13:11:00-05:00,100000.0,100000.0,0.0
2024-01-04 13:12:00-05:00,100000.0,100000.0,0.0
2024-01-04 13:13:00-05:00,100000.0,100000.0,0.0
2024-01-04 13:14:00-05:00,100000.0,100000.0,0.0
2024-01-04 13:15:00-05:00,100000.0,100000.0,0.0
2024-01-04 13:16:00-05:00,100000.0,100000.0,0.0
2024-01-04 13:17:00-05:00,100000.0,100000.0,0.0
2024-01-04 13:18:00-05:00,100000.0,100000.0,0.0
2024-01-04 13:19:00-05:00,100000.0,100000.0,0.0
2024-01-04 13:20:00-05:00,100000.0,100000.0,0.0
2024-01-04 13:21:00-05:00,100000.0,100000.0,0.0
2024-01-04 13:22:00-05:00,100000.0,100000.0,0.0
2024-01-04 13:23:00-05:00,100000.0,100000.0,0.0
2024-01-04 13:24:00-05:00,100000.0,100000.0,0.0
2024-01-04 13:25:00-05:00,100000.0,100000.0,0.0
2024-01-04 13:26:00-05:00,100000.0,100000.0,0.0
2024-01-04 13:27:00-05:00,100000.0,100000.0,0.0
2024-01-04 13:28:00-05:00,100000.0,100000.0,0.0
2024-01-04 13:29:00-05:00,100000.0,100000.0,0.0
2024-01-04 13:30:00-05:00,100000.0,100000.0,0.0
2024-01-04 13:31:00-05:00,100000.0,100000.0,0.0
2024-01-04 13:32:00-05:00,100000.0,100000.0,0.0
2024-01-04 13:33:00-05:00,100000.0,100000.0,0.0
2024-01-04 13:34:00-05:00,100000.0,100000.0,0.0
2024-01-04 13:35:00-05:00,100000.0,100000.0,0.0
2024-01-04 13:36:00-05:00,100000.0,100000.0,0.0
2024-01-04 13:37:00-05:00,100000.0,100000.0,0.0
2024-01-04 13:38:00-05:00,100000.0,100000.0,0.0
2024-01-04 13:39:00-05:00,100000.0,100000.0,0.0
2024-01-04 13:40:00-05:00,100000.0,100000.0,0.0
2024-01-04 13:41:00-05:00,100000.0,100000.0,0.0
2024-01-04 13:42:00-05:00,100000.0,100000.0,0.0
2024-01-04 13:43:00-05:00,100000.0,100000.0,0.0
2024-01-04 13:44:00-05:00,100000.0,100000.0,0.0
2024-01-04 13:45:00-05:00,100000.0,100000.0,0.0
2024-01-04 13:46:00-05:00,100000.0,100000.0,0.0
2024-01-04 13:47:00-05:00,100000.0,100000.0,0.0
2024-01-04 13:48:00-05:00,100000.0,100000.0,0.0
2024-01-04 13:49:00-05:00,100000.0,100000.0,0.0
2024-01-04 13:50:00-05:00,100000.0,100000.0,0.0
2024-01-04 13:51:00-05:00,100000.0,100000.0,0.0
2024-01-04 13:52:00-05:00,100000.0,100000.0,0.0
2024-01-04 13:53:00-05:00,100000.0,100000.0,0.0
2024-01-04 13:54:00-05:00,100000.0,100000.0,0.0
2024-01-04 13:55:00-05:00,100000.0,100000.0,0.0
2024-01-04 13:56:00-05:00,100000.0,100000.0,0.0
2024-01-04 13:57:00-05:00,100000.0,100000.0,0.0
2024-01-04 13:58:00-05:00,100000.0,100000.0,0.0
2024-01-04 13:59:00-05:00,100000.0,100000.0,0.0
2024-01-04 14:00:00-05:00,100000.0,100000.0,0.0
2024-01-04 14:01:00-05:00,100000.0,100000.0,0.0
2024-01-04 14:02:00-05:00,100000.0,100000.0,0.0
2024-01-04 14:03:00-05:00,100000.0,100000.0,0.0
2024-01-04 14:04:00-05:00,100000.0,100000.0,0.0
2024-01-04 14:05:00-05:00,100000.0,100000.0,0.0
2024-01-04 14:06:00-05:00,100000.0,100000.0,0.0
2024-01-04 14:07:00-05:00,100000.0,100000.0,0.0
2024-01-04 14:08:00-05:00,100000.0,100000.0,0.0
2024-01-04 14:09:00-05:00,100000.0,100000.0,0.0
2024-01-04 14:10:00-05:00,100000.0,100000.0,0.0
2024-01-04 14:11:00-05:00,100000.0,100000.0,0.0
2024-01-04 14:12:00-05:00,100000.0,100000.0,0.0
2024-01-04 14:13:00-05:00,100000.0,100000.0,0.0
2024-01-04 14:14:00-05:00,100000.0,100000.0,0.0
2024-01-04 14:15:00-05:00,100000.0,100000.0,0.0
2024-01-04 14:16:00-05:00,100000.0,100000.0,0.0
2024-01-04 14:17:00-05:00,100000.0,100000.0,0.0
2024-01-04 14:18:00-05:00,100000.0,100000.0,0.0
2024-01-04 14:19:00-05:00,100000.0,100000.0,0.0
2024-01-04 14:20:00-05:00,100000.0,100000.0,0.0
2024-01-04 14:21:00-05:00,100000.0,100000.0,0.0
2024-01-04 14:22:00-05:00,100000.0,100000.0,0.0
2024-01-04 14:23:00-05:00,100000.0,100000.0,0.0
2024-01-04 14:24:00-05:00,100000.0,100000.0,0.0
2024-01-04 14:25:00-05:00,100000.0,100000.0,0.0
2024-01-04 14:26:00-05:00,100000.0,100000.0,0.0
2024-01-04 14:27:00-05:00,100000.0,100000.0,0.0
2024-01-04 14:28:00-05:00,100000.0,100000.0,0.0
2024-01-04 14:29:00-05:00,100000.0,100000.0,0.0
2024-01-04 14:30:00-05:00,100000.0,100000.0,0.0
2024-01-04 14:31:00-05:00,100000.0,100000.0,0.0
2024-01-04 14:32:00-05:00,100000.0,100000.0,0.0
2024-01-04 14:33:00-05:00,100000.0,100000.0,0.0
2024-01-04 14:34:00-05:00,100000.0,100000.0,0.0
2024-01-04 14:35:00-05:00,100000.0,100000.0,0.0
2024-01-04 14:36:00-05:00,100000.0,100000.0,0.0
2024-01-04 14:37:00-05:00,100000.0,100000.0,0.0
2024-01-04 14:38:00-05:00,100000.0,100000.0,0.0
2024-01-04 14:39:00-05:00,100000.0,100000.0,0.0
2024-01-04 14:40:00-05:00,100000.0,100000.0,0.0
2024-01-04 14:41:00-05:00,100000.0,100000.0,0.0
2024-01-04 14:42:00-05:00,100000.0,100000.0,0.0
2024-01-04 14:43:00-05:00,100000.0,100000.0,0.0
2024-01-04 14:44:00-05:00,100000.0,100000.0,0.0
2024-01-04 14:45:00-05:00,100000.0,100000.0,0.0
2024-01-04 14:46:00-05:00,100000.0,100000.0,0.0
2024-01-04 14:47:00-05:00,100000.0,100000.0,0.0
2024-01-04 14:48:00-05:00,100000.0,100000.0,0.0
2024-01-04 14:49:00-05:00,100000.0,100000.0,0.0
2024-01-04 14:50:00-05:00,100000.0,100000.0,0.0
2024-01-04 14:51:00-05:00,100000.0,100000.0,0.0
2024-01-04 14:52:00-05:00,100000.0,100000.0,0.0
2024-01-04 14:53:00-05:00,100000.0,100000.0,0.0
2024-01-04 14:54:00-05:00,100000.0,100000.0,0.0
2024-01-04 14:55:00-05:00,100000.0,100000.0,0.0
2024-01-04 14:56:00-05:00,100000.0,100000.0,0.0
2024-01-04 14:57:00-05:00,100000.0,100000.0,0.0
2024-01-04 14:58:00-05:00,100000.0,100000.0,0.0
2024-01-04 14:59:00-05:00,100000.0,100000.0,0.0
2024-01-04 15:00:00-05:00,100000.0,100000.0,0.0
2024-01-04 15:01:00-05:00,100000.0,100000.0,0.0
2024-01-04 15:02:00-05:00,100000.0,100000.0,0.0
2024-01-04 15:03:00-05:00,100000.0,100000.0,0.0
2024-01-04 15:04:00-05:00,100000.0,100000.0,0.0
2024-01-04 15:05:00-05:00,100000.0,100000.0,0.0
2024-01-04 15:06:00-05:00,100000.0,100000.0,0.0
2024-01-04 15:07:00-05:00,100000.0,100000.0,0.0
2024-01-04 15:08:00-05:00,100000.0,100000.0,0.0
2024-01-04 15:09:00-05:00,100000.0,100000.0,0.0
2024-01-04 15:10:00-05:00,100000.0,100000.0,0.0
2024-01-04 15:11:00-05:00,100000.0,100000.0,0.0
2024-01-04 15:12:00-05:00,100000.0,100000.0,0.0
2024-01-04 15:13:00-05:00,100000.0,100000.0,0.0
2024-01-04 15:14:00-05:00,100000.0,100000.0,0.0
2024-01-04 15:15:00-05:00,100000.0,100000.0,0.0
2024-01-04 15:16:00-05:00,100000.0,100000.0,0.0
2024-01-04 15:17:00-05:00,100000.0,100000.0,0.0
2024-01-04 15:18:00-05:00,100000.0,100000.0,0.0
2024-01-04 15:19:00-05:00,100000.0,100000.0,0.0
2024-01-04 15:20:00-05:00,100000.0,100000.0,0.0
2024-01-04 15:21:00-05:00,100000.0,100000.0,0.0
2024-01-04 15:22:00-05:00,100000.0,100000.0,0.0
2024-01-04 15:23:00-05:00,100000.0,100000.0,0.0
2024-01-04 15:24:00-05:00,100000.0,100000.0,0.0
2024-01-04 15:25:00-05:00,100000.0,100000.0,0.0
2024-01-04 15:26:00-05:00,100000.0,100000.0,0.0
2024-01-04 15:27:00-05:00,100000.0,100000.0,0.0
2024-01-04 15:28:00-05:00,100000.0,100000.0,0.0
2024-01-04 15:29:00-05:00,100000.0,100000.0,0.0
2024-01-04 15:30:00-05:00,100000.0,100000.0,0.0
2024-01-04 15:31:00-05:00,100000.0,100000.0,0.0
2024-01-04 15:32:00-05:00,100000.0,100000.0,0.0
2024-01-04 15:33:00-05:00,100000.0,100000.0,0.0
2024-01-04 15:34:00-05:00,100000.0,100000.0,0.0
2024-01-04 15:35:00-05:00,100000.0,100000.0,0.0
2024-01-04 15:36:00-05:00,100000.0,100000.0,0.0
2024-01-04 15:37:00-05:00,100000.0,100000.0,0.0
2024-01-04 15:38:00-05:00,100000.0,100000.0,0.0
2024-01-04 15:39:00-05:00,100000.0,100000.0,0.0
2024-01-04 15:40:00-05:00,100000.0,100000.0,0.0
2024-01-04 15:41:00-05:00,100000.0,100000.0,0.0
2024-01-04 15:42:00-05:00,100000.0,100000.0,0.0
2024-01-04 15:43:00-05:00,100000.0,100000.0,0.0
2024-01-04 15:44:00-05:00,100000.0,100000.0,0.0
2024-01-04 15:45:00-05:00,100000.0,100000.0,0.0
2024-01-04 15:46:00-05:00,100000.0,100000.0,0.0
2024-01-04 15:47:00-05:00,100000.0,100000.0,0.0
2024-01-04 15:48:00-05:00,100000.0,100000.0,0.0
2024-01-04 15:49:00-05:00,100000.0,100000.0,0.0
2024-01-04 15:50:00-05:00,100000.0,100000.0,0.0
2024-01-04 15:51:00-05:00,100000.0,100000.0,0.0
2024-01-04 15:52:00-05:00,100000.0,100000.0,0.0
2024-01-04 15:53:00-05:00,100000.0,100000.0,0.0
2024-01-04 15:54:00-05:00,100000.0,100000.0,0.0
2024-01-04 15:55:00-05:00,100000.0,100000.0,0.0
2024-01-04 15:56:00-05:00,100000.0,100000.0,0.0
2024-01-04 15:57:00-05:00,100000.0,100000.0,0.0
2024-01-04 15:58:00-05:00,100000.0,100000.0,0.0
2024-01-04 15:59:00-05:00,100000.0,100000.0,0.0
2024-01-05 09:30:00-05:00,100000.0,100000.0,0.0
2024-01-05 09:31:00-05:00,100000.0,100000.0,0.0
2024-01-05 09:32:00-05:00,100000.0,100000.0,0.0
2024-01-05 09:33:00-05:00,100000.0,100000.0,0.0
2024-01-05 09:34:00-05:00,100000.0,100000.0,0.0
2024-01-05 09:35:00-05:00,100000.0,100000.0,0.0
2024-01-05 09:36:00-05:00,100000.0,100000.0,0.0
2024-01-05 09:37:00-05:00,100000.0,100000.0,0.0
2024-01-05 09:38:00-05:00,100000.0,100000.0,0.0
2024-01-05 09:39:00-05:00,100000.0,100000.0,0.0
2024-01-05 09:40:00-05:00,100000.0,100000.0,0.0
2024-01-05 09:41:00-05:00,100000.0,100000.0,0.0
2024-01-05 09:42:00-05:00,100000.0,100000.0,0.0
2024-01-05 09:43:00-05:00,100000.0,100000.0,0.0
2024-01-05 09:44:00-05:00,100000.0,100000.0,0.0
2024-01-05 09:45:00-05:00,100000.0,100000.0,0.0
2024-01-05 09:46:00-05:00,100000.0,100000.0,0.0
2024-01-05 09:47:00-05:00,100000.0,100000.0,0.0
2024-01-05 09:48:00-05:00,100000.0,100000.0,0.0
2024-01-05 09:49:00-05:00,100000.0,100000.0,0.0
2024-01-05 09:50:00-05:00,100000.0,100000.0,0.0
2024-01-05 09:51:00-05:00,100000.0,100000.0,0.0
2024-01-05 09:52:00-05:00,100000.0,100000.0,0.0
2024-01-05 09:53:00-05:00,100000.0,100000.0,0.0
2024-01-05 09:54:00-05:00,100000.0,100000.0,0.0
2024-01-05 09:55:00-05:00,100000.0,100000.0,0.0
2024-01-05 09:56:00-05:00,100000.0,100000.0,0.0
2024-01-05 09:57:00-05:00,100000.0,100000.0,0.0
2024-01-05 09:58:00-05:00,100000.0,100000.0,0.0
2024-01-05 09:59:00-05:00,100000.0,100000.0,0.0
2024-01-05 10:00:00-05:00,100000.0,100000.0,0.0
2024-01-05 10:01:00-05:00,100000.0,100000.0,0.0
2024-01-05 10:02:00-05:00,100000.0,100000.0,0.0
2024-01-05 10:03:00-05:00,100000.0,100000.0,0.0
2024-01-05 10:04:00-05:00,100000.0,100000.0,0.0
2024-01-05 10:05:00-05:00,100000.0,100000.0,0.0
2024-01-05 10:06:00-05:00,100000.0,100000.0,0.0
2024-01-05 10:07:00-05:00,100000.0,100000.0,0.0
2024-01-05 10:08:00-05:00,100000.0,100000.0,0.0
2024-01-05 10:09:00-05:00,100000.0,100000.0,0.0
2024-01-05 10:10:00-05:00,100000.0,100000.0,0.0
2024-01-05 10:11:00-05:00,100000.0,100000.0,0.0
2024-01-05 10:12:00-05:00,100000.0,100000.0,0.0
2024-01-05 10:13:00-05:00,100000.0,100000.0,0.0
2024-01-05 10:14:00-05:00,100000.0,100000.0,0.0
2024-01-05 10:15:00-05:00,100000.0,100000.0,0.0
2024-01-05 10:16:00-05:00,100000.0,100000.0,0.0
2024-01-05 10:17:00-05:00,100000.0,100000.0,0.0
2024-01-05 10:18:00-05:00,100000.0,100000.0,0.0
2024-01-05 10:19:00-05:00,100000.0,100000.0,0.0
2024-01-05 10:20:00-05:00,100000.0,100000.0,0.0
2024-01-05 10:21:00-05:00,100000.0,100000.0,0.0
2024-01-05 10:22:00-05:00,100000.0,100000.0,0.0
2024-01-05 10:23:00-05:00,100000.0,100000.0,0.0
2024-01-05 10:24:00-05:00,100000.0,100000.0,0.0
2024-01-05 10:25:00-05:00,100000.0,100000.0,0.0
2024-01-05 10:26:00-05:00,100000.0,100000.0,0.0
2024-01-05 10:27:00-05:00,100000.0,100000.0,0.0
2024-01-05 10:28:00-05:00,100000.0,100000.0,0.0
2024-01-05 10:29:00-05:00,100000.0,100000.0,0.0
2024-01-05 10:30:00-05:00,100000.0,100000.0,0.0
2024-01-05 10:31:00-05:00,100000.0,100000.0,0.0
2024-01-05 10:32:00-05:00,100000.0,100000.0,0.0
2024-01-05 10:33:00-05:00,100000.0,100000.0,0.0
2024-01-05 10:34:00-05:00,100000.0,100000.0,0.0
2024-01-05 10:35:00-05:00,100000.0,100000.0,0.0
2024-01-05 10:36:00-05:00,100000.0,100000.0,0.0
2024-01-05 10:37:00-05:00,100000.0,100000.0,0.0
2024-01-05 10:38:00-05:00,100000.0,100000.0,0.0
2024-01-05 10:39:00-05:00,100000.0,100000.0,0.0
2024-01-05 10:40:00-05:00,100000.0,100000.0,0.0
2024-01-05 10:41:00-05:00,100000.0,100000.0,0.0
2024-01-05 10:42:00-05:00,100000.0,100000.0,0.0
2024-01-05 10:43:00-05:00,100000.0,100000.0,0.0
2024-01-05 10:44:00-05:00,100000.0,100000.0,0.0
2024-01-05 10:45:00-05:00,100000.0,100000.0,0.0
2024-01-05 10:46:00-05:00,100000.0,100000.0,0.0
2024-01-05 10:47:00-05:00,100000.0,100000.0,0.0
2024-01-05 10:48:00-05:00,100000.0,100000.0,0.0
2024-01-05 10:49:00-05:00,100000.0,100000.0,0.0
2024-01-05 10:50:00-05:00,100000.0,100000.0,0.0
2024-01-05 10:51:00-05:00,100000.0,100000.0,0.0
2024-01-05 10:52:00-05:00,100000.0,100000.0,0.0
2024-01-05 10:53:00-05:00,100000.0,100000.0,0.0
2024-01-05 10:54:00-05:00,100000.0,100000.0,0.0
2024-01-05 10:55:00-05:00,100000.0,100000.0,0.0
2024-01-05 10:56:00-05:00,100000.0,100000.0,0.0
2024-01-05 10:57:00-05:00,100000.0,100000.0,0.0
2024-01-05 10:58:00-05:00,100000.0,100000.0,0.0
2024-01-05 10:59:00-05:00,100000.0,100000.0,0.0
2024-01-05 11:00:00-05:00,100000.0,100000.0,0.0
2024-01-05 11:01:00-05:00,100000.0,100000.0,0.0
2024-01-05 11:02:00-05:00,100000.0,100000.0,0.0
2024-01-05 11:03:00-05:00,100000.0,100000.0,0.0
2024-01-05 11:04:00-05:00,100000.0,100000.0,0.0
2024-01-05 11:05:00-05:00,100000.0,100000.0,0.0
2024-01-05 11:06:00-05:00,100000.0,100000.0,0.0
2024-01-05 11:07:00-05:00,100000.0,100000.0,0.0
2024-01-05 11:08:00-05:00,100000.0,100000.0,0.0
2024-01-05 11:09:00-05:00,100000.0,100000.0,0.0
2024-01-05 11:10:00-05:00,100000.0,100000.0,0.0
2024-01-05 11:11:00-05:00,100000.0,100000.0,0.0
2024-01-05 11:12:00-05:00,100000.0,100000.0,0.0
2024-01-05 11:13:00-05:00,100000.0,100000.0,0.0
2024-01-05 11:14:00-05:00,100000.0,100000.0,0.0
2024-01-05 11:15:00-05:00,100000.0,100000.0,0.0
2024-01-05 11:16:00-05:00,100000.0,100000.0,0.0
2024-01-05 11:17:00-05:00,100000.0,100000.0,0.0
2024-01-05 11:18:00-05:00,100000.0,100000.0,0.0
2024-01-05 11:19:00-05:00,100000.0,100000.0,0.0
2024-01-05 11:20:00-05:00,100000.0,100000.0,0.0
2024-01-05 11:21:00-05:00,100000.0,100000.0,0.0
2024-01-05 11:22:00-05:00,100000.0,100000.0,0.0
2024-01-05 11:23:00-05:00,100000.0,100000.0,0.0
2024-01-05 11:24:00-05:00,100000.0,100000.0,0.0
2024-01-05 11:25:00-05:00,100000.0,100000.0,0.0
2024-01-05 11:26:00-05:00,100000.0,100000.0,0.0
2024-01-05 11:27:00-05:00,100000.0,100000.0,0.0
2024-01-05 11:28:00-05:00,100000.0,100000.0,0.0
2024-01-05 11:29:00-05:00,100000.0,100000.0,0.0
2024-01-05 11:30:00-05:00,100000.0,100000.0,0.0
2024-01-05 11:31:00-05:00,100000.0,100000.0,0.0
2024-01-05 11:32:00-05:00,100000.0,100000.0,0.0
2024-01-05 11:33:00-05:00,100000.0,100000.0,0.0
2024-01-05 11:34:00-05:00,100000.0,100000.0,0.0
2024-01-05 11:35:00-05:00,100000.0,100000.0,0.0
2024-01-05 11:36:00-05:00,100000.0,100000.0,0.0
2024-01-05 11:37:00-05:00,100000.0,100000.0,0.0
2024-01-05 11:38:00-05:00,100000.0,100000.0,0.0
2024-01-05 11:39:00-05:00,100000.0,100000.0,0.0
2024-01-05 11:40:00-05:00,100000.0,100000.0,0.0
2024-01-05 11:41:00-05:00,100000.0,100000.0,0.0
2024-01-05 11:42:00-05:00,100000.0,100000.0,0.0
2024-01-05 11:43:00-05:00,100000.0,100000.0,0.0
2024-01-05 11:44:00-05:00,100000.0,100000.0,0.0
2024-01-05 11:45:00-05:00,100000.0,100000.0,0.0
2024-01-05 11:46:00-05:00,100000.0,100000.0,0.0
2024-01-05 11:47:00-05:00,100000.0,100000.0,0.0
2024-01-05 11:48:00-05:00,100000.0,100000.0,0.0
2024-01-05 11:49:00-05:00,100000.0,100000.0,0.0
2024-01-05 11:50:00-05:00,100000.0,100000.0,0.0
2024-01-05 11:51:00-05:00,100000.0,100000.0,0.0
2024-01-05 11:52:00-05:00,100000.0,100000.0,0.0
2024-01-05 11:53:00-05:00,100000.0,100000.0,0.0
2024-01-05 11:54:00-05:00,100000.0,100000.0,0.0
2024-01-05 11:55:00-05:00,100000.0,100000.0,0.0
2024-01-05 11:56:00-05:00,100000.0,100000.0,0.0
2024-01-05 11:57:00-05:00,100000.0,100000.0,0.0
2024-01-05 11:58:00-05:00,100000.0,100000.0,0.0
2024-01-05 11:59:00-05:00,100000.0,100000.0,0.0
2024-01-05 12:00:00-05:00,100000.0,100000.0,0.0
2024-01-05 12:01:00-05:00,100000.0,100000.0,0.0
2024-01-05 12:02:00-05:00,100000.0,100000.0,0.0
2024-01-05 12:03:00-05:00,100000.0,100000.0,0.0
2024-01-05 12:04:00-05:00,100000.0,100000.0,0.0
2024-01-05 12:05:00-05:00,100000.0,100000.0,0.0
2024-01-05 12:06:00-05:00,100000.0,100000.0,0.0
2024-01-05 12:07:00-05:00,100000.0,100000.0,0.0
2024-01-05 12:08:00-05:00,100000.0,100000.0,0.0
2024-01-05 12:09:00-05:00,100000.0,100000.0,0.0
2024-01-05 12:10:00-05:00,100000.0,100000.0,0.0
2024-01-05 12:11:00-05:00,100000.0,100000.0,0.0
2024-01-05 12:12:00-05:00,100000.0,100000.0,0.0
2024-01-05 12:13:00-05:00,100000.0,100000.0,0.0
2024-01-05 12:14:00-05:00,100000.0,100000.0,0.0
2024-01-05 12:15:00-05:00,100000.0,100000.0,0.0
2024-01-05 12:16:00-05:00,100000.0,100000.0,0.0
2024-01-05 12:17:00-05:00,100000.0,100000.0,0.0
2024-01-05 12:18:00-05:00,100000.0,100000.0,0.0
2024-01-05 12:19:00-05:00,100000.0,100000.0,0.0
2024-01-05 12:20:00-05:00,100000.0,100000.0,0.0
2024-01-05 12:21:00-05:00,100000.0,100000.0,0.0
2024-01-05 12:22:00-05:00,100000.0,100000.0,0.0
2024-01-05 12:23:00-05:00,100000.0,100000.0,0.0
2024-01-05 12:24:00-05:00,100000.0,100000.0,0.0
2024-01-05 12:25:00-05:00,100000.0,100000.0,0.0
2024-01-05 12:26:00-05:00,100000.0,100000.0,0.0
2024-01-05 12:27:00-05:00,100000.0,100000.0,0.0
2024-01-05 12:28:00-05:00,100000.0,100000.0,0.0
2024-01-05 12:29:00-05:00,100000.0,100000.0,0.0
2024-01-05 12:30:00-05:00,100000.0,100000.0,0.0
2024-01-05 12:31:00-05:00,100000.0,100000.0,0.0
2024-01-05 12:32:00-05:00,100000.0,100000.0,0.0
2024-01-05 12:33:00-05:00,100000.0,100000.0,0.0
2024-01-05 12:34:00-05:00,100000.0,100000.0,0.0
2024-01-05 12:35:00-05:00,100000.0,100000.0,0.0
2024-01-05 12:36:00-05:00,100000.0,100000.0,0.0
2024-01-05 12:37:00-05:00,100000.0,100000.0,0.0
2024-01-05 12:38:00-05:00,100000.0,100000.0,0.0
2024-01-05 12:39:00-05:00,100000.0,100000.0,0.0
2024-01-05 12:40:00-05:00,100000.0,100000.0,0.0
2024-01-05 12:41:00-05:00,100000.0,100000.0,0.0
2024-01-05 12:42:00-05:00,100000.0,100000.0,0.0
2024-01-05 12:43:00-05:00,100000.0,100000.0,0.0
2024-01-05 12:44:00-05:00,100000.0,100000.0,0.0
2024-01-05 12:45:00-05:00,100000.0,100000.0,0.0
2024-01-05 12:46:00-05:00,100000.0,100000.0,0.0
2024-01-05 12:47:00-05:00,100000.0,100000.0,0.0
2024-01-05 12:48:00-05:00,100000.0,100000.0,0.0
2024-01-05 12:49:00-05:00,100000.0,100000.0,0.0
2024-01-05 12:50:00-05:00,100000.0,100000.0,0.0
2024-01-05 12:51:00-05:00,100000.0,100000.0,0.0
2024-01-05 12:52:00-05:00,100000.0,100000.0,0.0
2024-01-05 12:53:00-05:00,100000.0,100000.0,0.0
2024-01-05 12:54:00-05:00,100000.0,100000.0,0.0
2024-01-05 12:55:00-05:00,100000.0,100000.0,0.0
2024-01-05 12:56:00-05:00,100000.0,100000.0,0.0
2024-01-05 12:57:00-05:00,100000.0,100000.0,0.0
2024-01-05 12:58:00-05:00,100000.0,100000.0,0.0
2024-01-05 12:59:00-05:00,100000.0,100000.0,0.0
2024-01-05 13:00:00-05:00,100000.0,100000.0,0.0
2024-01-05 13:01:00-05:00,100000.0,100000.0,0.0
2024-01-05 13:02:00-05:00,100000.0,100000.0,0.0
2024-01-05 13:03:00-05:00,100000.0,100000.0,0.0
2024-01-05 13:04:00-05:00,100000.0,100000.0,0.0
2024-01-05 13:05:00-05:00,100000.0,100000.0,0.0
2024-01-05 13:06:00-05:00,100000.0,100000.0,0.0
2024-01-05 13:07:00-05:00,100000.0,100000.0,0.0
2024-01-05 13:08:00-05:00,100000.0,100000.0,0.0
2024-01-05 13:09:00-05:00,100000.0,100000.0,0.0
2024-01-05 13:10:00-05:00,100000.0,100000.0,0.0
2024-01-05 13:11:00-05:00,100000.0,100000.0,0.0
2024-01-05 13:12:00-05:00,100000.0,100000.0,0.0
2024-01-05 13:13:00-05:00,100000.0,100000.0,0.0
2024-01-05 13:14:00-05:00,100000.0,100000.0,0.0
2024-01-05 13:15:00-05:00,100000.0,100000.0,0.0
2024-01-05 13:16:00-05:00,100000.0,100000.0,0.0
2024-01-05 13:17:00-05:00,100000.0,100000.0,0.0
2024-01-05 13:18:00-05:00,100000.0,100000.0,0.0
2024-01-05 13:19:00-05:00,100000.0,100000.0,0.0
2024-01-05 13:20:00-05:00,100000.0,100000.0,0.0
2024-01-05 13:21:00-05:00,100000.0,100000.0,0.0
2024-01-05 13:22:00-05:00,100000.0,100000.0,0.0
2024-01-05 13:23:00-05:00,100000.0,100000.0,0.0
2024-01-05 13:24:00-05:00,100000.0,100000.0,0.0
2024-01-05 13:25:00-05:00,100000.0,100000.0,0.0
2024-01-05 13:26:00-05:00,100000.0,100000.0,0.0
2024-01-05 13:27:00-05:00,100000.0,100000.0,0.0
2024-01-05 13:28:00-05:00,100000.0,100000.0,0.0
2024-01-05 13:29:00-05:00,100000.0,100000.0,0.0
2024-01-05 13:30:00-05:00,100000.0,100000.0,0.0
2024-01-05 13:31:00-05:00,100000.0,100000.0,0.0
2024-01-05 13:32:00-05:00,100000.0,100000.0,0.0
2024-01-05 13:33:00-05:00,100000.0,100000.0,0.0
2024-01-05 13:34:00-05:00,100000.0,100000.0,0.0
2024-01-05 13:35:00-05:00,100000.0,100000.0,0.0
2024-01-05 13:36:00-05:00,100000.0,100000.0,0.0
2024-01-05 13:37:00-05:00,100000.0,100000.0,0.0
2024-01-05 13:38:00-05:00,100000.0,100000.0,0.0
2024-01-05 13:39:00-05:00,100000.0,100000.0,0.0
2024-01-05 13:40:00-05:00,100000.0,100000.0,0.0
2024-01-05 13:41:00-05:00,100000.0,100000.0,0.0
2024-01-05 13:42:00-05:00,100000.0,100000.0,0.0
2024-01-05 13:43:00-05:00,100000.0,100000.0,0.0
2024-01-05 13:44:00-05:00,100000.0,100000.0,0.0
2024-01-05 13:45:00-05:00,100000.0,100000.0,0.0
2024-01-05 13:46:00-05:00,100000.0,100000.0,0.0
2024-01-05 13:47:00-05:00,100000.0,100000.0,0.0
2024-01-05 13:48:00-05:00,100000.0,100000.0,0.0
2024-01-05 13:49:00-05:00,100000.0,100000.0,0.0
2024-01-05 13:50:00-05:00,100000.0,100000.0,0.0
2024-01-05 13:51:00-05:00,100000.0,100000.0,0.0
2024-01-05 13:52:00-05:00,100000.0,100000.0,0.0
2024-01-05 13:53:00-05:00,100000.0,100000.0,0.0
2024-01-05 13:54:00-05:00,100000.0,100000.0,0.0
2024-01-05 13:55:00-05:00,100000.0,100000.0,0.0
2024-01-05 13:56:00-05:00,100000.0,100000.0,0.0
2024-01-05 13:57:00-05:00,100000.0,100000.0,0.0
2024-01-05 13:58:00-05:00,100000.0,100000.0,0.0
2024-01-05 13:59:00-05:00,100000.0,100000.0,0.0
2024-01-05 14:00:00-05:00,100000.0,100000.0,0.0
2024-01-05 14:01:00-05:00,100000.0,100000.0,0.0
2024-01-05 14:02:00-05:00,100000.0,100000.0,0.0
2024-01-05 14:03:00-05:00,100000.0,100000.0,0.0
2024-01-05 14:04:00-05:00,100000.0,100000.0,0.0
2024-01-05 14:05:00-05:00,100000.0,100000.0,0.0
2024-01-05 14:06:00-05:00,100000.0,100000.0,0.0
2024-01-05 14:07:00-05:00,100000.0,100000.0,0.0
2024-01-05 14:08:00-05:00,100000.0,100000.0,0.0
2024-01-05 14:09:00-05:00,100000.0,100000.0,0.0
2024-01-05 14:10:00-05:00,100000.0,100000.0,0.0
2024-01-05 14:11:00-05:00,100000.0,100000.0,0.0
2024-01-05 14:12:00-05:00,100000.0,100000.0,0.0
2024-01-05 14:13:00-05:00,100000.0,100000.0,0.0
2024-01-05 14:14:00-05:00,100000.0,100000.0,0.0
2024-01-05 14:15:00-05:00,100000.0,100000.0,0.0
2024-01-05 14:16:00-05:00,100000.0,100000.0,0.0
2024-01-05 14:17:00-05:00,100000.0,100000.0,0.0
2024-01-05 14:18:00-05:00,100000.0,100000.0,0.0
2024-01-05 14:19:00-05:00,100000.0,100000.0,0.0
2024-01-05 14:20:00-05:00,100000.0,100000.0,0.0
2024-01-05 14:21:00-05:00,100000.0,100000.0,0.0
2024-01-05 14:22:00-05:00,100000.0,100000.0,0.0
2024-01-05 14:23:00-05:00,100000.0,100000.0,0.0
2024-01-05 14:24:00-05:00,100000.0,100000.0,0.0
2024-01-05 14:25:00-05:00,100000.0,100000.0,0.0
2024-01-05 14:26:00-05:00,100000.0,100000.0,0.0
2024-01-05 14:27:00-05:00,100000.0,100000.0,0.0
2024-01-05 14:28:00-05:00,100000.0,100000.0,0.0
2024-01-05 14:29:00-05:00,100000.0,100000.0,0.0
2024-01-05 14:30:00-05:00,100000.0,100000.0,0.0
2024-01-05 14:31:00-05:00,100000.0,100000.0,0.0
2024-01-05 14:32:00-05:00,100000.0,100000.0,0.0
2024-01-05 14:33:00-05:00,100000.0,100000.0,0.0
2024-01-05 14:34:00-05:00,100000.0,100000.0,0.0
2024-01-05 14:35:00-05:00,100000.0,100000.0,0.0
2024-01-05 14:36:00-05:00,100000.0,100000.0,0.0
2024-01-05 14:37:00-05:00,100000.0,100000.0,0.0
2024-01-05 14:38:00-05:00,100000.0,100000.0,0.0
2024-01-05 14:39:00-05:00,100000.0,100000.0,0.0
2024-01-05 14:40:00-05:00,100000.0,100000.0,0.0
2024-01-05 14:41:00-05:00,100000.0,100000.0,0.0
2024-01-05 14:42:00-05:00,100000.0,100000.0,0.0
2024-01-05 14:43:00-05:00,100000.0,100000.0,0.0
2024-01-05 14:44:00-05:00,100000.0,100000.0,0.0
2024-01-05 14:45:00-05:00,100000.0,100000.0,0.0
2024-01-05 14:46:00-05:00,100000.0,100000.0,0.0
2024-01-05 14:47:00-05:00,100000.0,100000.0,0.0
2024-01-05 14:48:00-05:00,100000.0,100000.0,0.0
2024-01-05 14:49:00-05:00,100000.0,100000.0,0.0
2024-01-05 14:50:00-05:00,100000.0,100000.0,0.0
2024-01-05 14:51:00-05:00,100000.0,100000.0,0.0
2024-01-05 14:52:00-05:00,100000.0,100000.0,0.0
2024-01-05 14:53:00-05:00,100000.0,100000.0,0.0
2024-01-05 14:54:00-05:00,100000.0,100000.0,0.0
2024-01-05 14:55:00-05:00,100000.0,100000.0,0.0
2024-01-05 14:56:00-05:00,100000.0,100000.0,0.0
2024-01-05 14:57:00-05:00,100000.0,100000.0,0.0
2024-01-05 14:58:00-05:00,100000.0,100000.0,0.0
2024-01-05 14:59:00-05:00,100000.0,100000.0,0.0
2024-01-05 15:00:00-05:00,100000.0,100000.0,0.0
2024-01-05 15:01:00-05:00,100000.0,100000.0,0.0
2024-01-05 15:02:00-05:00,100000.0,100000.0,0.0
2024-01-05 15:03:00-05:00,100000.0,100000.0,0.0
2024-01-05 15:04:00-05:00,100000.0,100000.0,0.0
2024-01-05 15:05:00-05:00,100000.0,100000.0,0.0
2024-01-05 15:06:00-05:00,100000.0,100000.0,0.0
2024-01-05 15:07:00-05:00,100000.0,100000.0,0.0
2024-01-05 15:08:00-05:00,100000.0,100000.0,0.0
2024-01-05 15:09:00-05:00,100000.0,100000.0,0.0
2024-01-05 15:10:00-05:00,100000.0,100000.0,0.0
2024-01-05 15:11:00-05:00,100000.0,100000.0,0.0
2024-01-05 15:12:00-05:00,100000.0,100000.0,0.0
2024-01-05 15:13:00-05:00,100000.0,100000.0,0.0
2024-01-05 15:14:00-05:00,100000.0,100000.0,0.0
2024-01-05 15:15:00-05:00,100000.0,100000.0,0.0
2024-01-05 15:16:00-05:00,100000.0,100000.0,0.0
2024-01-05 15:17:00-05:00,100000.0,100000.0,0.0
2024-01-05 15:18:00-05:00,100000.0,100000.0,0.0
2024-01-05 15:19:00-05:00,100000.0,100000.0,0.0
2024-01-05 15:20:00-05:00,100000.0,100000.0,0.0
2024-01-05 15:21:00-05:00,100000.0,100000.0,0.0
2024-01-05 15:22:00-05:00,100000.0,100000.0,0.0
2024-01-05 15:23:00-05:00,100000.0,100000.0,0.0
2024-01-05 15:24:00-05:00,100000.0,100000.0,0.0
2024-01-05 15:25:00-05:00,100000.0,100000.0,0.0
2024-01-05 15:26:00-05:00,100000.0,100000.0,0.0
2024-01-05 15:27:00-05:00,100000.0,100000.0,0.0
2024-01-05 15:28:00-05:00,100000.0,100000.0,0.0
2024-01-05 15:29:00-05:00,100000.0,100000.0,0.0
2024-01-05 15:30:00-05:00,100000.0,100000.0,0.0
2024-01-05 15:31:00-05:00,100000.0,100000.0,0.0
2024-01-05 15:32:00-05:00,100000.0,100000.0,0.0
2024-01-05 15:33:00-05:00,100000.0,100000.0,0.0
2024-01-05 15:34:00-05:00,100000.0,100000.0,0.0
2024-01-05 15:35:00-05:00,100000.0,100000.0,0.0
2024-01-05 15:36:00-05:00,100000.0,100000.0,0.0
2024-01-05 15:37:00-05:00,100000.0,100000.0,0.0
2024-01-05 15:38:00-05:00,100000.0,100000.0,0.0
2024-01-05 15:39:00-05:00,100000.0,100000.0,0.0
2024-01-05 15:40:00-05:00,100000.0,100000.0,0.0
2024-01-05 15:41:00-05:00,100000.0,100000.0,0.0
2024-01-05 15:42:00-05:00,100000.0,100000.0,0.0
2024-01-05 15:43:00-05:00,100000.0,100000.0,0.0
2024-01-05 15:44:00-05:00,100000.0,100000.0,0.0
2024-01-05 15:45:00-05:00,100000.0,100000.0,0.0
2024-01-05 15:46:00-05:00,100000.0,100000.0,0.0
2024-01-05 15:47:00-05:00,100000.0,100000.0,0.0
2024-01-05 15:48:00-05:00,100000.0,100000.0,0.0
2024-01-05 15:49:00-05:00,100000.0,100000.0,0.0
2024-01-05 15:50:00-05:00,100000.0,100000.0,0.0
2024-01-05 15:51:00-05:00,100000.0,100000.0,0.0
2024-01-05 15:52:00-05:00,100000.0,100000.0,0.0
2024-01-05 15:53:00-05:00,100000.0,100000.0,0.0
2024-01-05 15:54:00-05:00,100000.0,100000.0,0.0
2024-01-05 15:55:00-05:00,100000.0,100000.0,0.0
2024-01-05 15:56:00-05:00,100000.0,100000.0,0.0
2024-01-05 15:57:00-05:00,100000.0,100000.0,0.0
2024-01-05 15:58:00-05:00,100000.0,100000.0,0.0
2024-01-05 15:59:00-05:00,100000.0,100000.0,0.0
2024-01-08 09:30:00-05:00,100000.0,100000.0,0.0
2024-01-08 09:31:00-05:00,100000.0,100000.0,0.0
2024-01-08 09:32:00-05:00,100000.0,100000.0,0.0
2024-01-08 09:33:00-05:00,100000.0,100000.0,0.0
2024-01-08 09:34:00-05:00,100000.0,100000.0,0.0
2024-01-08 09:35:00-05:00,100000.0,100000.0,0.0
2024-01-08 09:36:00-05:00,100000.0,100000.0,0.0
2024-01-08 09:37:00-05:00,100000.0,100000.0,0.0
2024-01-08 09:38:00-05:00,100000.0,100000.0,0.0
2024-01-08 09:39:00-05:00,100000.0,100000.0,0.0
2024-01-08 09:40:00-05:00,100000.0,100000.0,0.0
2024-01-08 09:41:00-05:00,100000.0,100000.0,0.0
2024-01-08 09:42:00-05:00,100000.0,100000.0,0.0
2024-01-08 09:43:00-05:00,100000.0,100000.0,0.0
2024-01-08 09:44:00-05:00,100000.0,100000.0,0.0
2024-01-08 09:45:00-05:00,100000.0,100000.0,0.0
2024-01-08 09:46:00-05:00,100000.0,100000.0,0.0
2024-01-08 09:47:00-05:00,100000.0,100000.0,0.0
2024-01-08 09:48:00-05:00,100000.0,100000.0,0.0
2024-01-08 09:49:00-05:00,100000.0,100000.0,0.0
2024-01-08 09:50:00-05:00,100000.0,100000.0,0.0
2024-01-08 09:51:00-05:00,100000.0,100000.0,0.0
2024-01-08 09:52:00-05:00,100000.0,100000.0,0.0
2024-01-08 09:53:00-05:00,100000.0,100000.0,0.0
2024-01-08 09:54:00-05:00,100000.0,100000.0,0.0
2024-01-08 09:55:00-05:00,100000.0,100000.0,0.0
2024-01-08 09:56:00-05:00,100000.0,100000.0,0.0
2024-01-08 09:57:00-05:00,100000.0,100000.0,0.0
2024-01-08 09:58:00-05:00,100000.0,100000.0,0.0
2024-01-08 09:59:00-05:00,100000.0,100000.0,0.0
2024-01-08 10:00:00-05:00,100000.0,100000.0,0.0
2024-01-08 10:01:00-05:00,100000.0,100000.0,0.0
2024-01-08 10:02:00-05:00,100000.0,100000.0,0.0
2024-01-08 10:03:00-05:00,100000.0,100000.0,0.0
2024-01-08 10:04:00-05:00,100000.0,100000.0,0.0
2024-01-08 10:05:00-05:00,100000.0,100000.0,0.0
2024-01-08 10:06:00-05:00,100000.0,100000.0,0.0
2024-01-08 10:07:00-05:00,100000.0,100000.0,0.0
2024-01-08 10:08:00-05:00,100000.0,100000.0,0.0
2024-01-08 10:09:00-05:00,100000.0,100000.0,0.0
2024-01-08 10:10:00-05:00,100000.0,100000.0,0.0
2024-01-08 10:11:00-05:00,100000.0,100000.0,0.0
2024-01-08 10:12:00-05:00,100000.0,100000.0,0.0
2024-01-08 10:13:00-05:00,100000.0,100000.0,0.0
2024-01-08 10:14:00-05:00,100000.0,100000.0,0.0
2024-01-08 10:15:00-05:00,100000.0,100000.0,0.0
2024-01-08 10:16:00-05:00,100000.0,100000.0,0.0
2024-01-08 10:17:00-05:00,100000.0,100000.0,0.0
2024-01-08 10:18:00-05:00,100000.0,100000.0,0.0
2024-01-08 10:19:00-05:00,100000.0,100000.0,0.0
2024-01-08 10:20:00-05:00,100000.0,100000.0,0.0
2024-01-08 10:21:00-05:00,100000.0,100000.0,0.0
2024-01-08 10:22:00-05:00,100000.0,100000.0,0.0
2024-01-08 10:23:00-05:00,100000.0,100000.0,0.0
2024-01-08 10:24:00-05:00,100000.0,100000.0,0.0
2024-01-08 10:25:00-05:00,100000.0,100000.0,0.0
2024-01-08 10:26:00-05:00,100000.0,100000.0,0.0
2024-01-08 10:27:00-05:00,100000.0,100000.0,0.0
2024-01-08 10:28:00-05:00,100000.0,100000.0,0.0
2024-01-08 10:29:00-05:00,100000.0,100000.0,0.0
2024-01-08 10:30:00-05:00,100000.0,100000.0,0.0
2024-01-08 10:31:00-05:00,100000.0,100000.0,0.0
2024-01-08 10:32:00-05:00,100000.0,100000.0,0.0
2024-01-08 10:33:00-05:00,100000.0,100000.0,0.0
2024-01-08 10:34:00-05:00,100000.0,100000.0,0.0
2024-01-08 10:35:00-05:00,100000.0,100000.0,0.0
2024-01-08 10:36:00-05:00,100000.0,100000.0,0.0
2024-01-08 10:37:00-05:00,100000.0,100000.0,0.0
2024-01-08 10:38:00-05:00,100000.0,100000.0,0.0
2024-01-08 10:39:00-05:00,100000.0,100000.0,0.0
2024-01-08 10:40:00-05:00,100000.0,100000.0,0.0
2024-01-08 10:41:00-05:00,100000.0,100000.0,0.0
2024-01-08 10:42:00-05:00,100000.0,100000.0,0.0
2024-01-08 10:43:00-05:00,100000.0,100000.0,0.0
2024-01-08 10:44:00-05:00,100000.0,100000.0,0.0
2024-01-08 10:45:00-05:00,100000.0,100000.0,0.0
2024-01-08 10:46:00-05:00,100000.0,100000.0,0.0
2024-01-08 10:47:00-05:00,100000.0,100000.0,0.0
2024-01-08 10:48:00-05:00,100000.0,100000.0,0.0
2024-01-08 10:49:00-05:00,100000.0,100000.0,0.0
2024-01-08 10:50:00-05:00,100000.0,100000.0,0.0
2024-01-08 10:51:00-05:00,100000.0,100000.0,0.0
2024-01-08 10:52:00-05:00,100000.0,100000.0,0.0
2024-01-08 10:53:00-05:00,100000.0,100000.0,0.0
2024-01-08 10:54:00-05:00,100000.0,100000.0,0.0
2024-01-08 10:55:00-05:00,100000.0,100000.0,0.0
2024-01-08 10:56:00-05:00,100000.0,100000.0,0.0
2024-01-08 10:57:00-05:00,100000.0,100000.0,0.0
2024-01-08 10:58:00-05:00,100000.0,100000.0,0.0
2024-01-08 10:59:00-05:00,100000.0,100000.0,0.0
2024-01-08 11:00:00-05:00,100000.0,100000.0,0.0
2024-01-08 11:01:00-05:00,100000.0,100000.0,0.0
2024-01-08 11:02:00-05:00,100000.0,100000.0,0.0
2024-01-08 11:03:00-05:00,100000.0,100000.0,0.0
2024-01-08 11:04:00-05:00,100000.0,100000.0,0.0
2024-01-08 11:05:00-05:00,100000.0,100000.0,0.0
2024-01-08 11:06:00-05:00,100000.0,100000.0,0.0
2024-01-08 11:07:00-05:00,100000.0,100000.0,0.0
2024-01-08 11:08:00-05:00,100000.0,100000.0,0.0
2024-01-08 11:09:00-05:00,100000.0,100000.0,0.0
2024-01-08 11:10:00-05:00,100000.0,100000.0,0.0
2024-01-08 11:11:00-05:00,100000.0,100000.0,0.0
2024-01-08 11:12:00-05:00,100000.0,100000.0,0.0
2024-01-08 11:13:00-05:00,100000.0,100000.0,0.0
2024-01-08 11:14:00-05:00,100000.0,100000.0,0.0
2024-01-08 11:15:00-05:00,100000.0,100000.0,0.0
2024-01-08 11:16:00-05:00,100000.0,100000.0,0.0
2024-01-08 11:17:00-05:00,100000.0,100000.0,0.0
2024-01-08 11:18:00-05:00,100000.0,100000.0,0.0
2024-01-08 11:19:00-05:00,100000.0,100000.0,0.0
2024-01-08 11:20:00-05:00,100000.0,100000.0,0.0
2024-01-08 11:21:00-05:00,100000.0,100000.0,0.0
2024-01-08 11:22:00-05:00,100000.0,100000.0,0.0
2024-01-08 11:23:00-05:00,100000.0,100000.0,0.0
2024-01-08 11:24:00-05:00,100000.0,100000.0,0.0
2024-01-08 11:25:00-05:00,100000.0,100000.0,0.0
2024-01-08 11:26:00-05:00,100000.0,100000.0,0.0
2024-01-08 11:27:00-05:00,100000.0,100000.0,0.0
2024-01-08 11:28:00-05:00,100000.0,100000.0,0.0
2024-01-08 11:29:00-05:00,100000.0,100000.0,0.0
2024-01-08 11:30:00-05:00,100000.0,100000.0,0.0
2024-01-08 11:31:00-05:00,100000.0,100000.0,0.0
2024-01-08 11:32:00-05:00,100000.0,100000.0,0.0
2024-01-08 11:33:00-05:00,100000.0,100000.0,0.0
2024-01-08 11:34:00-05:00,100000.0,100000.0,0.0
2024-01-08 11:35:00-05:00,100000.0,100000.0,0.0
2024-01-08 11:36:00-05:00,100000.0,100000.0,0.0
2024-01-08 11:37:00-05:00,100000.0,100000.0,0.0
2024-01-08 11:38:00-05:00,100000.0,100000.0,0.0
2024-01-08 11:39:00-05:00,100000.0,100000.0,0.0
2024-01-08 11:40:00-05:00,100000.0,100000.0,0.0
2024-01-08 11:41:00-05:00,100000.0,100000.0,0.0
2024-01-08 11:42:00-05:00,100000.0,100000.0,0.0
2024-01-08 11:43:00-05:00,100000.0,100000.0,0.0
2024-01-08 11:44:00-05:00,100000.0,100000.0,0.0
2024-01-08 11:45:00-05:00,100000.0,100000.0,0.0
2024-01-08 11:46:00-05:00,100000.0,100000.0,0.0
2024-01-08 11:47:00-05:00,100000.0,100000.0,0.0
2024-01-08 11:48:00-05:00,100000.0,100000.0,0.0
2024-01-08 11:49:00-05:00,100000.0,100000.0,0.0
2024-01-08 11:50:00-05:00,100000.0,100000.0,0.0
2024-01-08 11:51:00-05:00,100000.0,100000.0,0.0
2024-01-08 11:52:00-05:00,100000.0,100000.0,0.0
2024-01-08 11:53:00-05:00,100000.0,100000.0,0.0
2024-01-08 11:54:00-05:00,100000.0,100000.0,0.0
2024-01-08 11:55:00-05:00,100000.0,100000.0,0.0
2024-01-08 11:56:00-05:00,100000.0,100000.0,0.0
2024-01-08 11:57:00-05:00,100000.0,100000.0,0.0
2024-01-08 11:58:00-05:00,100000.0,100000.0,0.0
2024-01-08 11:59:00-05:00,100000.0,100000.0,0.0
2024-01-08 12:00:00-05:00,100000.0,100000.0,0.0
2024-01-08 12:01:00-05:00,100000.0,100000.0,0.0
2024-01-08 12:02:00-05:00,100000.0,100000.0,0.0
2024-01-08 12:03:00-05:00,100000.0,100000.0,0.0
2024-01-08 12:04:00-05:00,100000.0,100000.0,0.0
2024-01-08 12:05:00-05:00,100000.0,100000.0,0.0
2024-01-08 12:06:00-05:00,100000.0,100000.0,0.0
2024-01-08 12:07:00-05:00,100000.0,100000.0,0.0
2024-01-08 12:08:00-05:00,100000.0,100000.0,0.0
2024-01-08 12:09:00-05:00,100000.0,100000.0,0.0
2024-01-08 12:10:00-05:00,100000.0,100000.0,0.0
2024-01-08 12:11:00-05:00,100000.0,100000.0,0.0
2024-01-08 12:12:00-05:00,100000.0,100000.0,0.0
2024-01-08 12:13:00-05:00,100000.0,100000.0,0.0
2024-01-08 12:14:00-05:00,100000.0,100000.0,0.0
2024-01-08 12:15:00-05:00,100000.0,100000.0,0.0
2024-01-08 12:16:00-05:00,100000.0,100000.0,0.0
2024-01-08 12:17:00-05:00,100000.0,100000.0,0.0
2024-01-08 12:18:00-05:00,100000.0,100000.0,0.0
2024-01-08 12:19:00-05:00,100000.0,100000.0,0.0
2024-01-08 12:20:00-05:00,100000.0,100000.0,0.0
2024-01-08 12:21:00-05:00,100000.0,100000.0,0.0
2024-01-08 12:22:00-05:00,100000.0,100000.0,0.0
2024-01-08 12:23:00-05:00,100000.0,100000.0,0.0
2024-01-08 12:24:00-05:00,100000.0,100000.0,0.0
2024-01-08 12:25:00-05:00,100000.0,100000.0,0.0
2024-01-08 12:26:00-05:00,100000.0,100000.0,0.0
2024-01-08 12:27:00-05:00,100000.0,100000.0,0.0
2024-01-08 12:28:00-05:00,100000.0,100000.0,0.0
2024-01-08 12:29:00-05:00,100000.0,100000.0,0.0
2024-01-08 12:30:00-05:00,100000.0,100000.0,0.0
2024-01-08 12:31:00-05:00,100000.0,100000.0,0.0
2024-01-08 12:32:00-05:00,100000.0,100000.0,0.0
2024-01-08 12:33:00-05:00,100000.0,100000.0,0.0
2024-01-08 12:34:00-05:00,100000.0,100000.0,0.0
2024-01-08 12:35:00-05:00,100000.0,100000.0,0.0
2024-01-08 12:36:00-05:00,100000.0,100000.0,0.0
2024-01-08 12:37:00-05:00,100000.0,100000.0,0.0
2024-01-08 12:38:00-05:00,100000.0,100000.0,0.0
2024-01-08 12:39:00-05:00,100000.0,100000.0,0.0
2024-01-08 12:40:00-05:00,100000.0,100000.0,0.0
2024-01-08 12:41:00-05:00,100000.0,100000.0,0.0
2024-01-08 12:42:00-05:00,100000.0,100000.0,0.0
2024-01-08 12:43:00-05:00,100000.0,100000.0,0.0
2024-01-08 12:44:00-05:00,100000.0,100000.0,0.0
2024-01-08 12:45:00-05:00,100000.0,100000.0,0.0
2024-01-08 12:46:00-05:00,100000.0,100000.0,0.0
2024-01-08 12:47:00-05:00,100000.0,100000.0,0.0
2024-01-08 12:48:00-05:00,100000.0,100000.0,0.0
2024-01-08 12:49:00-05:00,100000.0,100000.0,0.0
2024-01-08 12:50:00-05:00,100000.0,100000.0,0.0
2024-01-08 12:51:00-05:00,100000.0,100000.0,0.0
2024-01-08 12:52:00-05:00,100000.0,100000.0,0.0
2024-01-08 12:53:00-05:00,100000.0,100000.0,0.0
2024-01-08 12:54:00-05:00,100000.0,100000.0,0.0
2024-01-08 12:55:00-05:00,100000.0,100000.0,0.0
2024-01-08 12:56:00-05:00,100000.0,100000.0,0.0
2024-01-08 12:57:00-05:00,100000.0,100000.0,0.0
2024-01-08 12:58:00-05:00,100000.0,100000.0,0.0
2024-01-08 12:59:00-05:00,100000.0,100000.0,0.0
2024-01-08 13:00:00-05:00,100000.0,100000.0,0.0
2024-01-08 13:01:00-05:00,100000.0,100000.0,0.0
2024-01-08 13:02:00-05:00,100000.0,100000.0,0.0
2024-01-08 13:03:00-05:00,100000.0,100000.0,0.0
2024-01-08 13:04:00-05:00,100000.0,100000.0,0.0
2024-01-08 13:05:00-05:00,100000.0,100000.0,0.0
2024-01-08 13:06:00-05:00,100000.0,100000.0,0.0
2024-01-08 13:07:00-05:00,100000.0,100000.0,0.0
2024-01-08 13:08:00-05:00,100000.0,100000.0,0.0
2024-01-08 13:09:00-05:00,100000.0,100000.0,0.0
2024-01-08 13:10:00-05:00,100000.0,100000.0,0.0
2024-01-08 13:11:00-05:00,100000.0,100000.0,0.0
2024-01-08 13:12:00-05:00,100000.0,100000.0,0.0
2024-01-08 13:13:00-05:00,100000.0,100000.0,0.0
2024-01-08 13:14:00-05:00,100000.0,100000.0,0.0
2024-01-08 13:15:00-05:00,100000.0,100000.0,0.0
2024-01-08 13:16:00-05:00,100000.0,100000.0,0.0
2024-01-08 13:17:00-05:00,100000.0,100000.0,0.0
2024-01-08 13:18:00-05:00,100000.0,100000.0,0.0
2024-01-08 13:19:00-05:00,100000.0,100000.0,0.0
2024-01-08 13:20:00-05:00,100000.0,100000.0,0.0
2024-01-08 13:21:00-05:00,100000.0,100000.0,0.0
2024-01-08 13:22:00-05:00,100000.0,100000.0,0.0
2024-01-08 13:23:00-05:00,100000.0,100000.0,0.0
2024-01-08 13:24:00-05:00,100000.0,100000.0,0.0
2024-01-08 13:25:00-05:00,100000.0,100000.0,0.0
2024-01-08 13:26:00-05:00,100000.0,100000.0,0.0
2024-01-08 13:27:00-05:00,100000.0,100000.0,0.0
2024-01-08 13:28:00-05:00,100000.0,100000.0,0.0
2024-01-08 13:29:00-05:00,100000.0,100000.0,0.0
2024-01-08 13:30:00-05:00,100000.0,100000.0,0.0
2024-01-08 13:31:00-05:00,100000.0,100000.0,0.0
2024-01-08 13:32:00-05:00,100000.0,100000.0,0.0
2024-01-08 13:33:00-05:00,100000.0,100000.0,0.0
2024-01-08 13:34:00-05:00,100000.0,100000.0,0.0
2024-01-08 13:35:00-05:00,100000.0,100000.0,0.0
2024-01-08 13:36:00-05:00,100000.0,100000.0,0.0
2024-01-08 13:37:00-05:00,100000.0,100000.0,0.0
2024-01-08 13:38:00-05:00,100000.0,100000.0,0.0
2024-01-08 13:39:00-05:00,100000.0,100000.0,0.0
2024-01-08 13:40:00-05:00,100000.0,100000.0,0.0
2024-01-08 13:41:00-05:00,100000.0,100000.0,0.0
2024-01-08 13:42:00-05:00,100000.0,100000.0,0.0
2024-01-08 13:43:00-05:00,100000.0,100000.0,0.0
2024-01-08 13:44:00-05:00,100000.0,100000.0,0.0
2024-01-08 13:45:00-05:00,100000.0,100000.0,0.0
2024-01-08 13:46:00-05:00,100000.0,100000.0,0.0
2024-01-08 13:47:00-05:00,100000.0,100000.0,0.0
2024-01-08 13:48:00-05:00,100000.0,100000.0,0.0
2024-01-08 13:49:00-05:00,100000.0,100000.0,0.0
2024-01-08 13:50:00-05:00,100000.0,100000.0,0.0
2024-01-08 13:51:00-05:00,100000.0,100000.0,0.0
2024-01-08 13:52:00-05:00,100000.0,100000.0,0.0
2024-01-08 13:53:00-05:00,100000.0,100000.0,0.0
2024-01-08 13:54:00-05:00,100000.0,100000.0,0.0
2024-01-08 13:55:00-05:00,100000.0,100000.0,0.0
2024-01-08 13:56:00-05:00,100000.0,100000.0,0.0
2024-01-08 13:57:00-05:00,100000.0,100000.0,0.0
2024-01-08 13:58:00-05:00,100000.0,100000.0,0.0
2024-01-08 13:59:00-05:00,100000.0,100000.0,0.0
2024-01-08 14:00:00-05:00,100000.0,100000.0,0.0
2024-01-08 14:01:00-05:00,100000.0,100000.0,0.0
2024-01-08 14:02:00-05:00,100000.0,100000.0,0.0
2024-01-08 14:03:00-05:00,100000.0,100000.0,0.0
2024-01-08 14:04:00-05:00,100000.0,100000.0,0.0
2024-01-08 14:05:00-05:00,100000.0,100000.0,0.0
2024-01-08 14:06:00-05:00,100000.0,100000.0,0.0
2024-01-08 14:07:00-05:00,100000.0,100000.0,0.0
2024-01-08 14:08:00-05:00,100000.0,100000.0,0.0
2024-01-08 14:09:00-05:00,100000.0,100000.0,0.0
2024-01-08 14:10:00-05:00,100000.0,100000.0,0.0
2024-01-08 14:11:00-05:00,100000.0,100000.0,0.0
2024-01-08 14:12:00-05:00,100000.0,100000.0,0.0
2024-01-08 14:13:00-05:00,100000.0,100000.0,0.0
2024-01-08 14:14:00-05:00,100000.0,100000.0,0.0
2024-01-08 14:15:00-05:00,100000.0,100000.0,0.0
2024-01-08 14:16:00-05:00,100000.0,100000.0,0.0
2024-01-08 14:17:00-05:00,100000.0,100000.0,0.0
2024-01-08 14:18:00-05:00,100000.0,100000.0,0.0
2024-01-08 14:19:00-05:00,100000.0,100000.0,0.0
2024-01-08 14:20:00-05:00,100000.0,100000.0,0.0
2024-01-08 14:21:00-05:00,100000.0,100000.0,0.0
2024-01-08 14:22:00-05:00,100000.0,100000.0,0.0
2024-01-08 14:23:00-05:00,100000.0,100000.0,0.0
2024-01-08 14:24:00-05:00,100000.0,100000.0,0.0
2024-01-08 14:25:00-05:00,100000.0,100000.0,0.0
2024-01-08 14:26:00-05:00,100000.0,100000.0,0.0
2024-01-08 14:27:00-05:00,100000.0,100000.0,0.0
2024-01-08 14:28:00-05:00,100000.0,100000.0,0.0
2024-01-08 14:29:00-05:00,100000.0,100000.0,0.0
2024-01-08 14:30:00-05:00,100000.0,100000.0,0.0
2024-01-08 14:31:00-05:00,100000.0,100000.0,0.0
2024-01-08 14:32:00-05:00,100000.0,100000.0,0.0
2024-01-08 14:33:00-05:00,100000.0,100000.0,0.0
2024-01-08 14:34:00-05:00,100000.0,100000.0,0.0
2024-01-08 14:35:00-05:00,100000.0,100000.0,0.0
2024-01-08 14:36:00-05:00,100000.0,100000.0,0.0
2024-01-08 14:37:00-05:00,100000.0,100000.0,0.0
2024-01-08 14:38:00-05:00,100000.0,100000.0,0.0
2024-01-08 14:39:00-05:00,100000.0,100000.0,0.0
2024-01-08 14:40:00-05:00,100000.0,100000.0,0.0
2024-01-08 14:41:00-05:00,100000.0,100000.0,0.0
2024-01-08 14:42:00-05:00,100000.0,100000.0,0.0
2024-01-08 14:43:00-05:00,100000.0,100000.0,0.0
2024-01-08 14:44:00-05:00,100000.0,100000.0,0.0
2024-01-08 14:45:00-05:00,100000.0,100000.0,0.0
2024-01-08 14:46:00-05:00,100000.0,100000.0,0.0
2024-01-08 14:47:00-05:00,100000.0,100000.0,0.0
2024-01-08 14:48:00-05:00,100000.0,100000.0,0.0
2024-01-08 14:49:00-05:00,100000.0,100000.0,0.0
2024-01-08 14:50:00-05:00,100000.0,100000.0,0.0
2024-01-08 14:51:00-05:00,100000.0,100000.0,0.0
2024-01-08 14:52:00-05:00,100000.0,100000.0,0.0
2024-01-08 14:53:00-05:00,100000.0,100000.0,0.0
2024-01-08 14:54:00-05:00,100000.0,100000.0,0.0
2024-01-08 14:55:00-05:00,100000.0,100000.0,0.0
2024-01-08 14:56:00-05:00,100000.0,100000.0,0.0
2024-01-08 14:57:00-05:00,100000.0,100000.0,0.0
2024-01-08 14:58:00-05:00,100000.0,100000.0,0.0
2024-01-08 14:59:00-05:00,100000.0,100000.0,0.0
2024-01-08 15:00:00-05:00,100000.0,100000.0,0.0
2024-01-08 15:01:00-05:00,100000.0,100000.0,0.0
2024-01-08 15:02:00-05:00,100000.0,100000.0,0.0
2024-01-08 15:03:00-05:00,100000.0,100000.0,0.0
2024-01-08 15:04:00-05:00,100000.0,100000.0,0.0
2024-01-08 15:05:00-05:00,100000.0,100000.0,0.0
2024-01-08 15:06:00-05:00,100000.0,100000.0,0.0
2024-01-08 15:07:00-05:00,100000.0,100000.0,0.0
2024-01-08 15:08:00-05:00,100000.0,100000.0,0.0
2024-01-08 15:09:00-05:00,100000.0,100000.0,0.0
2024-01-08 15:10:00-05:00,100000.0,100000.0,0.0
2024-01-08 15:11:00-05:00,100000.0,100000.0,0.0
2024-01-08 15:12:00-05:00,100000.0,100000.0,0.0
2024-01-08 15:13:00-05:00,100000.0,100000.0,0.0
2024-01-08 15:14:00-05:00,100000.0,100000.0,0.0
2024-01-08 15:15:00-05:00,100000.0,100000.0,0.0
2024-01-08 15:16:00-05:00,100000.0,100000.0,0.0
2024-01-08 15:17:00-05:00,100000.0,100000.0,0.0
2024-01-08 15:18:00-05:00,100000.0,100000.0,0.0
2024-01-08 15:19:00-05:00,100000.0,100000.0,0.0
2024-01-08 15:20:00-05:00,100000.0,100000.0,0.0
2024-01-08 15:21:00-05:00,100000.0,100000.0,0.0
2024-01-08 15:22:00-05:00,100000.0,100000.0,0.0
2024-01-08 15:23:00-05:00,100000.0,100000.0,0.0
2024-01-08 15:24:00-05:00,100000.0,100000.0,0.0
2024-01-08 15:25:00-05:00,100000.0,100000.0,0.0
2024-01-08 15:26:00-05:00,100000.0,100000.0,0.0
2024-01-08 15:27:00-05:00,100000.0,100000.0,0.0
2024-01-08 15:28:00-05:00,100000.0,100000.0,0.0
2024-01-08 15:29:00-05:00,100000.0,100000.0,0.0
2024-01-08 15:30:00-05:00,100000.0,100000.0,0.0
2024-01-08 15:31:00-05:00,100000.0,100000.0,0.0
2024-01-08 15:32:00-05:00,100000.0,100000.0,0.0
2024-01-08 15:33:00-05:00,100000.0,100000.0,0.0
2024-01-08 15:34:00-05:00,100000.0,100000.0,0.0
2024-01-08 15:35:00-05:00,100000.0,100000.0,0.0
2024-01-08 15:36:00-05:00,100000.0,100000.0,0.0
2024-01-08 15:37:00-05:00,100000.0,100000.0,0.0
2024-01-08 15:38:00-05:00,100000.0,100000.0,0.0
2024-01-08 15:39:00-05:00,100000.0,100000.0,0.0
2024-01-08 15:40:00-05:00,100000.0,100000.0,0.0
2024-01-08 15:41:00-05:00,100000.0,100000.0,0.0
2024-01-08 15:42:00-05:00,100000.0,100000.0,0.0
2024-01-08 15:43:00-05:00,100000.0,100000.0,0.0
2024-01-08 15:44:00-05:00,100000.0,100000.0,0.0
2024-01-08 15:45:00-05:00,100000.0,100000.0,0.0
2024-01-08 15:46:00-05:00,100000.0,100000.0,0.0
2024-01-08 15:47:00-05:00,100000.0,100000.0,0.0
2024-01-08 15:48:00-05:00,100000.0,100000.0,0.0
2024-01-08 15:49:00-05:00,100000.0,100000.0,0.0
2024-01-08 15:50:00-05:00,100000.0,100000.0,0.0
2024-01-08 15:51:00-05:00,100000.0,100000.0,0.0
2024-01-08 15:52:00-05:00,100000.0,100000.0,0.0
2024-01-08 15:53:00-05:00,100000.0,100000.0,0.0
2024-01-08 15:54:00-05:00,100000.0,100000.0,0.0
2024-01-08 15:55:00-05:00,100000.0,100000.0,0.0
2024-01-08 15:56:00-05:00,100000.0,100000.0,0.0
2024-01-08 15:57:00-05:00,100000.0,100000.0,0.0
2024-01-08 15:58:00-05:00,100000.0,100000.0,0.0
2024-01-08 15:59:00-05:00,100000.0,100000.0,0.0
2024-01-09 09:30:00-05:00,100000.0,100000.0,0.0
2024-01-09 09:31:00-05:00,100000.0,100000.0,0.0
2024-01-09 09:32:00-05:00,100000.0,100000.0,0.0
2024-01-09 09:33:00-05:00,100000.0,100000.0,0.0
2024-01-09 09:34:00-05:00,100000.0,100000.0,0.0
2024-01-09 09:35:00-05:00,100000.0,100000.0,0.0
2024-01-09 09:36:00-05:00,100000.0,100000.0,0.0
2024-01-09 09:37:00-05:00,100000.0,100000.0,0.0
2024-01-09 09:38:00-05:00,100000.0,100000.0,0.0
2024-01-09 09:39:00-05:00,100000.0,100000.0,0.0
2024-01-09 09:40:00-05:00,100000.0,100000.0,0.0
2024-01-09 09:41:00-05:00,100000.0,100000.0,0.0
2024-01-09 09:42:00-05:00,100000.0,100000.0,0.0
2024-01-09 09:43:00-05:00,100000.0,100000.0,0.0
2024-01-09 09:44:00-05:00,100000.0,100000.0,0.0
2024-01-09 09:45:00-05:00,100000.0,100000.0,0.0
2024-01-09 09:46:00-05:00,100000.0,100000.0,0.0
2024-01-09 09:47:00-05:00,100000.0,100000.0,0.0
2024-01-09 09:48:00-05:00,100000.0,100000.0,0.0
2024-01-09 09:49:00-05:00,100000.0,100000.0,0.0
2024-01-09 09:50:00-05:00,100000.0,100000.0,0.0
2024-01-09 09:51:00-05:00,100000.0,100000.0,0.0
2024-01-09 09:52:00-05:00,100000.0,100000.0,0.0
2024-01-09 09:53:00-05:00,100000.0,100000.0,0.0
2024-01-09 09:54:00-05:00,100000.0,100000.0,0.0
2024-01-09 09:55:00-05:00,100000.0,100000.0,0.0
2024-01-09 09:56:00-05:00,100000.0,100000.0,0.0
2024-01-09 09:57:00-05:00,100000.0,100000.0,0.0
2024-01-09 09:58:00-05:00,100000.0,100000.0,0.0
2024-01-09 09:59:00-05:00,100000.0,100000.0,0.0
2024-01-09 10:00:00-05:00,100000.0,100000.0,0.0
2024-01-09 10:01:00-05:00,100000.0,100000.0,0.0
2024-01-09 10:02:00-05:00,100000.0,100000.0,0.0
2024-01-09 10:03:00-05:00,100000.0,100000.0,0.0
2024-01-09 10:04:00-05:00,100000.0,100000.0,0.0
2024-01-09 10:05:00-05:00,100000.0,100000.0,0.0
2024-01-09 10:06:00-05:00,100000.0,100000.0,0.0
2024-01-09 10:07:00-05:00,100000.0,100000.0,0.0
2024-01-09 10:08:00-05:00,100000.0,100000.0,0.0
2024-01-09 10:09:00-05:00,100000.0,100000.0,0.0
2024-01-09 10:10:00-05:00,100000.0,100000.0,0.0
2024-01-09 10:11:00-05:00,100000.0,100000.0,0.0
2024-01-09 10:12:00-05:00,100000.0,100000.0,0.0
2024-01-09 10:13:00-05:00,100000.0,100000.0,0.0
2024-01-09 10:14:00-05:00,100000.0,100000.0,0.0
2024-01-09 10:15:00-05:00,100000.0,100000.0,0.0
2024-01-09 10:16:00-05:00,100000.0,100000.0,0.0
2024-01-09 10:17:00-05:00,100000.0,100000.0,0.0
2024-01-09 10:18:00-05:00,100000.0,100000.0,0.0
2024-01-09 10:19:00-05:00,100000.0,100000.0,0.0
2024-01-09 10:20:00-05:00,100000.0,100000.0,0.0
2024-01-09 10:21:00-05:00,100000.0,100000.0,0.0
2024-01-09 10:22:00-05:00,100000.0,100000.0,0.0
2024-01-09 10:23:00-05:00,100000.0,100000.0,0.0
2024-01-09 10:24:00-05:00,100000.0,100000.0,0.0
2024-01-09 10:25:00-05:00,100000.0,100000.0,0.0
2024-01-09 10:26:00-05:00,100000.0,100000.0,0.0
2024-01-09 10:27:00-05:00,100000.0,100000.0,0.0
2024-01-09 10:28:00-05:00,100000.0,100000.0,0.0
2024-01-09 10:29:00-05:00,100000.0,100000.0,0.0
2024-01-09 10:30:00-05:00,100000.0,100000.0,0.0
2024-01-09 10:31:00-05:00,100000.0,100000.0,0.0
2024-01-09 10:32:00-05:00,100000.0,100000.0,0.0
2024-01-09 10:33:00-05:00,100000.0,100000.0,0.0
2024-01-09 10:34:00-05:00,100000.0,100000.0,0.0
2024-01-09 10:35:00-05:00,100000.0,100000.0,0.0
2024-01-09 10:36:00-05:00,100000.0,100000.0,0.0
2024-01-09 10:37:00-05:00,100000.0,100000.0,0.0
2024-01-09 10:38:00-05:00,100000.0,100000.0,0.0
2024-01-09 10:39:00-05:00,100000.0,100000.0,0.0
2024-01-09 10:40:00-05:00,100000.0,100000.0,0.0
2024-01-09 10:41:00-05:00,100000.0,100000.0,0.0
2024-01-09 10:42:00-05:00,100000.0,100000.0,0.0
2024-01-09 10:43:00-05:00,100000.0,100000.0,0.0
2024-01-09 10:44:00-05:00,100000.0,100000.0,0.0
2024-01-09 10:45:00-05:00,100000.0,100000.0,0.0
2024-01-09 10:46:00-05:00,100000.0,100000.0,0.0
2024-01-09 10:47:00-05:00,100000.0,100000.0,0.0
2024-01-09 10:48:00-05:00,100000.0,100000.0,0.0
2024-01-09 10:49:00-05:00,100000.0,100000.0,0.0
2024-01-09 10:50:00-05:00,100000.0,100000.0,0.0
2024-01-09 10:51:00-05:00,100000.0,100000.0,0.0
2024-01-09 10:52:00-05:00,100000.0,100000.0,0.0
2024-01-09 10:53:00-05:00,100000.0,100000.0,0.0
2024-01-09 10:54:00-05:00,100000.0,100000.0,0.0
2024-01-09 10:55:00-05:00,100000.0,100000.0,0.0
2024-01-09 10:56:00-05:00,100000.0,100000.0,0.0
2024-01-09 10:57:00-05:00,100000.0,100000.0,0.0
2024-01-09 10:58:00-05:00,100000.0,100000.0,0.0
2024-01-09 10:59:00-05:00,100000.0,100000.0,0.0
2024-01-09 11:00:00-05:00,100000.0,100000.0,0.0
2024-01-09 11:01:00-05:00,100000.0,100000.0,0.0
2024-01-09 11:02:00-05:00,100000.0,100000.0,0.0
2024-01-09 11:03:00-05:00,100000.0,100000.0,0.0
2024-01-09 11:04:00-05:00,100000.0,100000.0,0.0
2024-01-09 11:05:00-05:00,100000.0,100000.0,0.0
2024-01-09 11:06:00-05:00,100000.0,100000.0,0.0
2024-01-09 11:07:00-05:00,100000.0,100000.0,0.0
2024-01-09 11:08:00-05:00,100000.0,100000.0,0.0
2024-01-09 11:09:00-05:00,100000.0,100000.0,0.0
2024-01-09 11:10:00-05:00,100000.0,100000.0,0.0
2024-01-09 11:11:00-05:00,100000.0,100000.0,0.0
2024-01-09 11:12:00-05:00,100000.0,100000.0,0.0
2024-01-09 11:13:00-05:00,100000.0,100000.0,0.0
2024-01-09 11:14:00-05:00,100000.0,100000.0,0.0
2024-01-09 11:15:00-05:00,100000.0,100000.0,0.0
2024-01-09 11:16:00-05:00,100000.0,100000.0,0.0
2024-01-09 11:17:00-05:00,100000.0,100000.0,0.0
2024-01-09 11:18:00-05:00,100000.0,100000.0,0.0
2024-01-09 11:19:00-05:00,100000.0,100000.0,0.0
2024-01-09 11:20:00-05:00,100000.0,100000.0,0.0
2024-01-09 11:21:00-05:00,100000.0,100000.0,0.0
2024-01-09 11:22:00-05:00,100000.0,100000.0,0.0
2024-01-09 11:23:00-05:00,100000.0,100000.0,0.0
2024-01-09 11:24:00-05:00,100000.0,100000.0,0.0
2024-01-09 11:25:00-05:00,100000.0,100000.0,0.0
2024-01-09 11:26:00-05:00,100000.0,100000.0,0.0
2024-01-09 11:27:00-05:00,100000.0,100000.0,0.0
2024-01-09 11:28:00-05:00,100000.0,100000.0,0.0
2024-01-09 11:29:00-05:00,100000.0,100000.0,0.0
2024-01-09 11:30:00-05:00,100000.0,100000.0,0.0
2024-01-09 11:31:00-05:00,100000.0,100000.0,0.0
2024-01-09 11:32:00-05:00,100000.0,100000.0,0.0
2024-01-09 11:33:00-05:00,100000.0,100000.0,0.0
2024-01-09 11:34:00-05:00,100000.0,100000.0,0.0
2024-01-09 11:35:00-05:00,100000.0,100000.0,0.0
2024-01-09 11:36:00-05:00,100000.0,100000.0,0.0
2024-01-09 11:37:00-05:00,100000.0,100000.0,0.0
2024-01-09 11:38:00-05:00,100000.0,100000.0,0.0
2024-01-09 11:39:00-05:00,100000.0,100000.0,0.0
2024-01-09 11:40:00-05:00,100000.0,100000.0,0.0
2024-01-09 11:41:00-05:00,100000.0,100000.0,0.0
2024-01-09 11:42:00-05:00,100000.0,100000.0,0.0
2024-01-09 11:43:00-05:00,100000.0,100000.0,0.0
2024-01-09 11:44:00-05:00,100000.0,100000.0,0.0
2024-01-09 11:45:00-05:00,100000.0,100000.0,0.0
2024-01-09 11:46:00-05:00,100000.0,100000.0,0.0
2024-01-09 11:47:00-05:00,100000.0,100000.0,0.0
2024-01-09 11:48:00-05:00,100000.0,100000.0,0.0
2024-01-09 11:49:00-05:00,100000.0,100000.0,0.0
2024-01-09 11:50:00-05:00,100000.0,100000.0,0.0
2024-01-09 11:51:00-05:00,100000.0,100000.0,0.0
2024-01-09 11:52:00-05:00,100000.0,100000.0,0.0
2024-01-09 11:53:00-05:00,100000.0,100000.0,0.0
2024-01-09 11:54:00-05:00,100000.0,100000.0,0.0
2024-01-09 11:55:00-05:00,100000.0,100000.0,0.0
2024-01-09 11:56:00-05:00,100000.0,100000.0,0.0
2024-01-09 11:57:00-05:00,100000.0,100000.0,0.0
2024-01-09 11:58:00-05:00,100000.0,100000.0,0.0
2024-01-09 11:59:00-05:00,100000.0,100000.0,0.0
2024-01-09 12:00:00-05:00,100000.0,100000.0,0.0
2024-01-09 12:01:00-05:00,100000.0,100000.0,0.0
2024-01-09 12:02:00-05:00,100000.0,100000.0,0.0
2024-01-09 12:03:00-05:00,100000.0,100000.0,0.0
2024-01-09 12:04:00-05:00,100000.0,100000.0,0.0
2024-01-09 12:05:00-05:00,100000.0,100000.0,0.0
2024-01-09 12:06:00-05:00,100000.0,100000.0,0.0
2024-01-09 12:07:00-05:00,100000.0,100000.0,0.0
2024-01-09 12:08:00-05:00,100000.0,100000.0,0.0
2024-01-09 12:09:00-05:00,100000.0,100000.0,0.0
2024-01-09 12:10:00-05:00,100000.0,100000.0,0.0
2024-01-09 12:11:00-05:00,100000.0,100000.0,0.0
2024-01-09 12:12:00-05:00,100000.0,100000.0,0.0
2024-01-09 12:13:00-05:00,100000.0,100000.0,0.0
2024-01-09 12:14:00-05:00,100000.0,100000.0,0.0
2024-01-09 12:15:00-05:00,100000.0,100000.0,0.0
2024-01-09 12:16:00-05:00,100000.0,100000.0,0.0
2024-01-09 12:17:00-05:00,100000.0,100000.0,0.0
2024-01-09 12:18:00-05:00,100000.0,100000.0,0.0
2024-01-09 12:19:00-05:00,100000.0,100000.0,0.0
2024-01-09 12:20:00-05:00,100000.0,100000.0,0.0
2024-01-09 12:21:00-05:00,100000.0,100000.0,0.0
2024-01-09 12:22:00-05:00,100000.0,100000.0,0.0
2024-01-09 12:23:00-05:00,100000.0,100000.0,0.0
2024-01-09 12:24:00-05:00,100000.0,100000.0,0.0
2024-01-09 12:25:00-05:00,100000.0,100000.0,0.0
2024-01-09 12:26:00-05:00,100000.0,100000.0,0.0
2024-01-09 12:27:00-05:00,100000.0,100000.0,0.0
2024-01-09 12:28:00-05:00,100000.0,100000.0,0.0
2024-01-09 12:29:00-05:00,100000.0,100000.0,0.0
2024-01-09 12:30:00-05:00,100000.0,100000.0,0.0
2024-01-09 12:31:00-05:00,100000.0,100000.0,0.0
2024-01-09 12:32:00-05:00,100000.0,100000.0,0.0
2024-01-09 12:33:00-05:00,100000.0,100000.0,0.0
2024-01-09 12:34:00-05:00,100000.0,100000.0,0.0
2024-01-09 12:35:00-05:00,100000.0,100000.0,0.0
2024-01-09 12:36:00-05:00,100000.0,100000.0,0.0
2024-01-09 12:37:00-05:00,100000.0,100000.0,0.0
2024-01-09 12:38:00-05:00,100000.0,100000.0,0.0
2024-01-09 12:39:00-05:00,100000.0,100000.0,0.0
2024-01-09 12:40:00-05:00,100000.0,100000.0,0.0
2024-01-09 12:41:00-05:00,100000.0,100000.0,0.0
2024-01-09 12:42:00-05:00,100000.0,100000.0,0.0
2024-01-09 12:43:00-05:00,100000.0,100000.0,0.0
2024-01-09 12:44:00-05:00,100000.0,100000.0,0.0
2024-01-09 12:45:00-05:00,100000.0,100000.0,0.0
2024-01-09 12:46:00-05:00,100000.0,100000.0,0.0
2024-01-09 12:47:00-05:00,100000.0,100000.0,0.0
2024-01-09 12:48:00-05:00,100000.0,100000.0,0.0
2024-01-09 12:49:00-05:00,100000.0,100000.0,0.0
2024-01-09 12:50:00-05:00,100000.0,100000.0,0.0
2024-01-09 12:51:00-05:00,100000.0,100000.0,0.0
2024-01-09 12:52:00-05:00,100000.0,100000.0,0.0
2024-01-09 12:53:00-05:00,100000.0,100000.0,0.0
2024-01-09 12:54:00-05:00,100000.0,100000.0,0.0
2024-01-09 12:55:00-05:00,100000.0,100000.0,0.0
2024-01-09 12:56:00-05:00,100000.0,100000.0,0.0
2024-01-09 12:57:00-05:00,100000.0,100000.0,0.0
2024-01-09 12:58:00-05:00,100000.0,100000.0,0.0
2024-01-09 12:59:00-05:00,100000.0,100000.0,0.0
2024-01-09 13:00:00-05:00,100000.0,100000.0,0.0
2024-01-09 13:01:00-05:00,100000.0,100000.0,0.0
2024-01-09 13:02:00-05:00,100000.0,100000.0,0.0
2024-01-09 13:03:00-05:00,100000.0,100000.0,0.0
2024-01-09 13:04:00-05:00,100000.0,100000.0,0.0
2024-01-09 13:05:00-05:00,100000.0,100000.0,0.0
2024-01-09 13:06:00-05:00,100000.0,100000.0,0.0
2024-01-09 13:07:00-05:00,100000.0,100000.0,0.0
2024-01-09 13:08:00-05:00,100000.0,100000.0,0.0
2024-01-09 13:09:00-05:00,100000.0,100000.0,0.0
2024-01-09 13:10:00-05:00,100000.0,100000.0,0.0
2024-01-09 13:11:00-05:00,100000.0,100000.0,0.0
2024-01-09 13:12:00-05:00,100000.0,100000.0,0.0
2024-01-09 13:13:00-05:00,100000.0,100000.0,0.0
2024-01-09 13:14:00-05:00,100000.0,100000.0,0.0
2024-01-09 13:15:00-05:00,100000.0,100000.0,0.0
2024-01-09 13:16:00-05:00,100000.0,100000.0,0.0
2024-01-09 13:17:00-05:00,100000.0,100000.0,0.0
2024-01-09 13:18:00-05:00,100000.0,100000.0,0.0
2024-01-09 13:19:00-05:00,100000.0,100000.0,0.0
2024-01-09 13:20:00-05:00,100000.0,100000.0,0.0
2024-01-09 13:21:00-05:00,100000.0,100000.0,0.0
2024-01-09 13:22:00-05:00,100000.0,100000.0,0.0
2024-01-09 13:23:00-05:00,100000.0,100000.0,0.0
2024-01-09 13:24:00-05:00,100000.0,100000.0,0.0
2024-01-09 13:25:00-05:00,100000.0,100000.0,0.0
2024-01-09 13:26:00-05:00,100000.0,100000.0,0.0
2024-01-09 13:27:00-05:00,100000.0,100000.0,0.0
2024-01-09 13:28:00-05:00,100000.0,100000.0,0.0
2024-01-09 13:29:00-05:00,100000.0,100000.0,0.0
2024-01-09 13:30:00-05:00,100000.0,100000.0,0.0
2024-01-09 13:31:00-05:00,100000.0,100000.0,0.0
2024-01-09 13:32:00-05:00,100000.0,100000.0,0.0
2024-01-09 13:33:00-05:00,100000.0,100000.0,0.0
2024-01-09 13:34:00-05:00,100000.0,100000.0,0.0
2024-01-09 13:35:00-05:00,100000.0,100000.0,0.0
2024-01-09 13:36:00-05:00,100000.0,100000.0,0.0
2024-01-09 13:37:00-05:00,100000.0,100000.0,0.0
2024-01-09 13:38:00-05:00,100000.0,100000.0,0.0
2024-01-09 13:39:00-05:00,100000.0,100000.0,0.0
2024-01-09 13:40:00-05:00,100000.0,100000.0,0.0
2024-01-09 13:41:00-05:00,100000.0,100000.0,0.0
2024-01-09 13:42:00-05:00,100000.0,100000.0,0.0
2024-01-09 13:43:00-05:00,100000.0,100000.0,0.0
2024-01-09 13:44:00-05:00,100000.0,100000.0,0.0
2024-01-09 13:45:00-05:00,100000.0,100000.0,0.0
2024-01-09 13:46:00-05:00,100000.0,100000.0,0.0
2024-01-09 13:47:00-05:00,100000.0,100000.0,0.0
2024-01-09 13:48:00-05:00,100000.0,100000.0,0.0
2024-01-09 13:49:00-05:00,100000.0,100000.0,0.0
2024-01-09 13:50:00-05:00,100000.0,100000.0,0.0
2024-01-09 13:51:00-05:00,100000.0,100000.0,0.0
2024-01-09 13:52:00-05:00,100000.0,100000.0,0.0
2024-01-09 13:53:00-05:00,100000.0,100000.0,0.0
2024-01-09 13:54:00-05:00,100000.0,100000.0,0.0
2024-01-09 13:55:00-05:00,100000.0,100000.0,0.0
2024-01-09 13:56:00-05:00,100000.0,100000.0,0.0
2024-01-09 13:57:00-05:00,100000.0,100000.0,0.0
2024-01-09 13:58:00-05:00,100000.0,100000.0,0.0
2024-01-09 13:59:00-05:00,100000.0,100000.0,0.0
2024-01-09 14:00:00-05:00,100000.0,100000.0,0.0
2024-01-09 14:01:00-05:00,100000.0,100000.0,0.0
2024-01-09 14:02:00-05:00,100000.0,100000.0,0.0
2024-01-09 14:03:00-05:00,100000.0,100000.0,0.0
2024-01-09 14:04:00-05:00,100000.0,100000.0,0.0
2024-01-09 14:05:00-05:00,100000.0,100000.0,0.0
2024-01-09 14:06:00-05:00,100000.0,100000.0,0.0
2024-01-09 14:07:00-05:00,100000.0,100000.0,0.0
2024-01-09 14:08:00-05:00,100000.0,100000.0,0.0
2024-01-09 14:09:00-05:00,100000.0,100000.0,0.0
2024-01-09 14:10:00-05:00,100000.0,100000.0,0.0
2024-01-09 14:11:00-05:00,100000.0,100000.0,0.0
2024-01-09 14:12:00-05:00,100000.0,100000.0,0.0
2024-01-09 14:13:00-05:00,100000.0,100000.0,0.0
2024-01-09 14:14:00-05:00,100000.0,100000.0,0.0
2024-01-09 14:15:00-05:00,100000.0,100000.0,0.0
2024-01-09 14:16:00-05:00,100000.0,100000.0,0.0
2024-01-09 14:17:00-05:00,100000.0,100000.0,0.0
2024-01-09 14:18:00-05:00,100000.0,100000.0,0.0
2024-01-09 14:19:00-05:00,100000.0,100000.0,0.0
2024-01-09 14:20:00-05:00,100000.0,100000.0,0.0
2024-01-09 14:21:00-05:00,100000.0,100000.0,0.0
2024-01-09 14:22:00-05:00,100000.0,100000.0,0.0
2024-01-09 14:23:00-05:00,100000.0,100000.0,0.0
2024-01-09 14:24:00-05:00,100000.0,100000.0,0.0
2024-01-09 14:25:00-05:00,100000.0,100000.0,0.0
2024-01-09 14:26:00-05:00,100000.0,100000.0,0.0
2024-01-09 14:27:00-05:00,100000.0,100000.0,0.0
2024-01-09 14:28:00-05:00,100000.0,100000.0,0.0
2024-01-09 14:29:00-05:00,100000.0,100000.0,0.0
2024-01-09 14:30:00-05:00,100000.0,100000.0,0.0
2024-01-09 14:31:00-05:00,100000.0,100000.0,0.0
2024-01-09 14:32:00-05:00,100000.0,100000.0,0.0
2024-01-09 14:33:00-05:00,100000.0,100000.0,0.0
2024-01-09 14:34:00-05:00,100000.0,100000.0,0.0
2024-01-09 14:35:00-05:00,100000.0,100000.0,0.0
2024-01-09 14:36:00-05:00,100000.0,100000.0,0.0
2024-01-09 14:37:00-05:00,100000.0,100000.0,0.0
2024-01-09 14:38:00-05:00,100000.0,100000.0,0.0
2024-01-09 14:39:00-05:00,100000.0,100000.0,0.0
2024-01-09 14:40:00-05:00,100000.0,100000.0,0.0
2024-01-09 14:41:00-05:00,100000.0,100000.0,0.0
2024-01-09 14:42:00-05:00,100000.0,100000.0,0.0
2024-01-09 14:43:00-05:00,100000.0,100000.0,0.0
2024-01-09 14:44:00-05:00,100000.0,100000.0,0.0
2024-01-09 14:45:00-05:00,100000.0,100000.0,0.0
2024-01-09 14:46:00-05:00,100000.0,100000.0,0.0
2024-01-09 14:47:00-05:00,100000.0,100000.0,0.0
2024-01-09 14:48:00-05:00,100000.0,100000.0,0.0
2024-01-09 14:49:00-05:00,100000.0,100000.0,0.0
2024-01-09 14:50:00-05:00,100000.0,100000.0,0.0
2024-01-09 14:51:00-05:00,100000.0,100000.0,0.0
2024-01-09 14:52:00-05:00,100000.0,100000.0,0.0
2024-01-09 14:53:00-05:00,100000.0,100000.0,0.0
2024-01-09 14:54:00-05:00,100000.0,100000.0,0.0
2024-01-09 14:55:00-05:00,100000.0,100000.0,0.0
2024-01-09 14:56:00-05:00,100000.0,100000.0,0.0
2024-01-09 14:57:00-05:00,100000.0,100000.0,0.0
2024-01-09 14:58:00-05:00,100000.0,100000.0,0.0
2024-01-09 14:59:00-05:00,100000.0,100000.0,0.0
2024-01-09 15:00:00-05:00,100000.0,100000.0,0.0
2024-01-09 15:01:00-05:00,100000.0,100000.0,0.0
2024-01-09 15:02:00-05:00,100000.0,100000.0,0.0
2024-01-09 15:03:00-05:00,100000.0,100000.0,0.0
2024-01-09 15:04:00-05:00,100000.0,100000.0,0.0
2024-01-09 15:05:00-05:00,100000.0,100000.0,0.0
2024-01-09 15:06:00-05:00,100000.0,100000.0,0.0
2024-01-09 15:07:00-05:00,100000.0,100000.0,0.0
2024-01-09 15:08:00-05:00,100000.0,100000.0,0.0
2024-01-09 15:09:00-05:00,100000.0,100000.0,0.0
2024-01-09 15:10:00-05:00,100000.0,100000.0,0.0
2024-01-09 15:11:00-05:00,100000.0,100000.0,0.0
2024-01-09 15:12:00-05:00,100000.0,100000.0,0.0
2024-01-09 15:13:00-05:00,100000.0,100000.0,0.0
2024-01-09 15:14:00-05:00,100000.0,100000.0,0.0
2024-01-09 15:15:00-05:00,100000.0,100000.0,0.0
2024-01-09 15:16:00-05:00,100000.0,100000.0,0.0
2024-01-09 15:17:00-05:00,100000.0,100000.0,0.0
2024-01-09 15:18:00-05:00,100000.0,100000.0,0.0
2024-01-09 15:19:00-05:00,100000.0,100000.0,0.0
2024-01-09 15:20:00-05:00,100000.0,100000.0,0.0
2024-01-09 15:21:00-05:00,100000.0,100000.0,0.0
2024-01-09 15:22:00-05:00,100000.0,100000.0,0.0
2024-01-09 15:23:00-05:00,100000.0,100000.0,0.0
2024-01-09 15:24:00-05:00,100000.0,100000.0,0.0
2024-01-09 15:25:00-05:00,100000.0,100000.0,0.0
2024-01-09 15:26:00-05:00,100000.0,100000.0,0.0
2024-01-09 15:27:00-05:00,100000.0,100000.0,0.0
2024-01-09 15:28:00-05:00,100000.0,100000.0,0.0
2024-01-09 15:29:00-05:00,100000.0,100000.0,0.0
2024-01-09 15:30:00-05:00,100000.0,100000.0,0.0
2024-01-09 15:31:00-05:00,100000.0,100000.0,0.0
2024-01-09 15:32:00-05:00,100000.0,100000.0,0.0
2024-01-09 15:33:00-05:00,100000.0,100000.0,0.0
2024-01-09 15:34:00-05:00,100000.0,100000.0,0.0
2024-01-09 15:35:00-05:00,100000.0,100000.0,0.0
2024-01-09 15:36:00-05:00,100000.0,100000.0,0.0
2024-01-09 15:37:00-05:00,100000.0,100000.0,0.0
2024-01-09 15:38:00-05:00,100000.0,100000.0,0.0
2024-01-09 15:39:00-05:00,100000.0,100000.0,0.0
2024-01-09 15:40:00-05:00,100000.0,100000.0,0.0
2024-01-09 15:41:00-05:00,100000.0,100000.0,0.0
2024-01-09 15:42:00-05:00,100000.0,100000.0,0.0
2024-01-09 15:43:00-05:00,100000.0,100000.0,0.0
2024-01-09 15:44:00-05:00,100000.0,100000.0,0.0
2024-01-09 15:45:00-05:00,100000.0,100000.0,0.0
2024-01-09 15:46:00-05:00,100000.0,100000.0,0.0
2024-01-09 15:47:00-05:00,100000.0,100000.0,0.0
2024-01-09 15:48:00-05:00,100000.0,100000.0,0.0
2024-01-09 15:49:00-05:00,100000.0,100000.0,0.0
2024-01-09 15:50:00-05:00,100000.0,100000.0,0.0
2024-01-09 15:51:00-05:00,100000.0,100000.0,0.0
2024-01-09 15:52:00-05:00,100000.0,100000.0,0.0
2024-01-09 15:53:00-05:00,100000.0,100000.0,0.0
2024-01-09 15:54:00-05:00,100000.0,100000.0,0.0
2024-01-09 15:55:00-05:00,100000.0,100000.0,0.0
2024-01-09 15:56:00-05:00,100000.0,100000.0,0.0
2024-01-09 15:57:00-05:00,100000.0,100000.0,0.0
2024-01-09 15:58:00-05:00,100000.0,100000.0,0.0
2024-01-09 15:59:00-05:00,100000.0,100000.0,0.0
2024-01-10 09:30:00-05:00,100000.0,100000.0,0.0
2024-01-10 09:31:00-05:00,100000.0,100000.0,0.0
2024-01-10 09:32:00-05:00,100000.0,100000.0,0.0
2024-01-10 09:33:00-05:00,100000.0,100000.0,0.0
2024-01-10 09:34:00-05:00,100000.0,100000.0,0.0
2024-01-10 09:35:00-05:00,100000.0,100000.0,0.0
2024-01-10 09:36:00-05:00,100000.0,100000.0,0.0
2024-01-10 09:37:00-05:00,100000.0,100000.0,0.0
2024-01-10 09:38:00-05:00,100000.0,100000.0,0.0
2024-01-10 09:39:00-05:00,100000.0,100000.0,0.0
2024-01-10 09:40:00-05:00,100000.0,100000.0,0.0
2024-01-10 09:41:00-05:00,100000.0,100000.0,0.0
2024-01-10 09:42:00-05:00,100000.0,100000.0,0.0
2024-01-10 09:43:00-05:00,100000.0,100000.0,0.0
2024-01-10 09:44:00-05:00,100000.0,100000.0,0.0
2024-01-10 09:45:00-05:00,100000.0,100000.0,0.0
2024-01-10 09:46:00-05:00,100000.0,100000.0,0.0
2024-01-10 09:47:00-05:00,100000.0,100000.0,0.0
2024-01-10 09:48:00-05:00,100000.0,100000.0,0.0
2024-01-10 09:49:00-05:00,100000.0,100000.0,0.0
2024-01-10 09:50:00-05:00,100000.0,100000.0,0.0
2024-01-10 09:51:00-05:00,100000.0,100000.0,0.0
2024-01-10 09:52:00-05:00,100000.0,100000.0,0.0
2024-01-10 09:53:00-05:00,100000.0,100000.0,0.0
2024-01-10 09:54:00-05:00,100000.0,100000.0,0.0
2024-01-10 09:55:00-05:00,100000.0,100000.0,0.0
2024-01-10 09:56:00-05:00,100000.0,100000.0,0.0
2024-01-10 09:57:00-05:00,100000.0,100000.0,0.0
2024-01-10 09:58:00-05:00,100000.0,100000.0,0.0
2024-01-10 09:59:00-05:00,100000.0,100000.0,0.0
2024-01-10 10:00:00-05:00,100000.0,100000.0,0.0
2024-01-10 10:01:00-05:00,100000.0,100000.0,0.0
2024-01-10 10:02:00-05:00,100000.0,100000.0,0.0
2024-01-10 10:03:00-05:00,100000.0,100000.0,0.0
2024-01-10 10:04:00-05:00,100000.0,100000.0,0.0
2024-01-10 10:05:00-05:00,100000.0,100000.0,0.0
2024-01-10 10:06:00-05:00,100000.0,100000.0,0.0
2024-01-10 10:07:00-05:00,100000.0,100000.0,0.0
2024-01-10 10:08:00-05:00,100000.0,100000.0,0.0
2024-01-10 10:09:00-05:00,100000.0,100000.0,0.0
2024-01-10 10:10:00-05:00,100000.0,100000.0,0.0
2024-01-10 10:11:00-05:00,100000.0,100000.0,0.0
2024-01-10 10:12:00-05:00,100000.0,100000.0,0.0
2024-01-10 10:13:00-05:00,100000.0,100000.0,0.0
2024-01-10 10:14:00-05:00,100000.0,100000.0,0.0
2024-01-10 10:15:00-05:00,100000.0,100000.0,0.0
2024-01-10 10:16:00-05:00,100000.0,100000.0,0.0
2024-01-10 10:17:00-05:00,100000.0,100000.0,0.0
2024-01-10 10:18:00-05:00,100000.0,100000.0,0.0
2024-01-10 10:19:00-05:00,100000.0,100000.0,0.0
2024-01-10 10:20:00-05:00,100000.0,100000.0,0.0
2024-01-10 10:21:00-05:00,100000.0,100000.0,0.0
2024-01-10 10:22:00-05:00,100000.0,100000.0,0.0
2024-01-10 10:23:00-05:00,100000.0,100000.0,0.0
2024-01-10 10:24:00-05:00,100000.0,100000.0,0.0
2024-01-10 10:25:00-05:00,100000.0,100000.0,0.0
2024-01-10 10:26:00-05:00,100000.0,100000.0,0.0
2024-01-10 10:27:00-05:00,100000.0,100000.0,0.0
2024-01-10 10:28:00-05:00,100000.0,100000.0,0.0
2024-01-10 10:29:00-05:00,100000.0,100000.0,0.0
2024-01-10 10:30:00-05:00,100000.0,100000.0,0.0
2024-01-10 10:31:00-05:00,100000.0,100000.0,0.0
2024-01-10 10:32:00-05:00,100000.0,100000.0,0.0
2024-01-10 10:33:00-05:00,100000.0,100000.0,0.0
2024-01-10 10:34:00-05:00,100000.0,100000.0,0.0
2024-01-10 10:35:00-05:00,100000.0,100000.0,0.0
2024-01-10 10:36:00-05:00,100000.0,100000.0,0.0
2024-01-10 10:37:00-05:00,100000.0,100000.0,0.0
2024-01-10 10:38:00-05:00,100000.0,100000.0,0.0
2024-01-10 10:39:00-05:00,100000.0,100000.0,0.0
2024-01-10 10:40:00-05:00,100000.0,100000.0,0.0
2024-01-10 10:41:00-05:00,100000.0,100000.0,0.0
2024-01-10 10:42:00-05:00,100000.0,100000.0,0.0
2024-01-10 10:43:00-05:00,100000.0,100000.0,0.0
2024-01-10 10:44:00-05:00,100000.0,100000.0,0.0
2024-01-10 10:45:00-05:00,100000.0,100000.0,0.0
2024-01-10 10:46:00-05:00,100000.0,100000.0,0.0
2024-01-10 10:47:00-05:00,100000.0,100000.0,0.0
2024-01-10 10:48:00-05:00,100000.0,100000.0,0.0
2024-01-10 10:49:00-05:00,100000.0,100000.0,0.0
2024-01-10 10:50:00-05:00,100000.0,100000.0,0.0
2024-01-10 10:51:00-05:00,100000.0,100000.0,0.0
2024-01-10 10:52:00-05:00,100000.0,100000.0,0.0
2024-01-10 10:53:00-05:00,100000.0,100000.0,0.0
2024-01-10 10:54:00-05:00,100000.0,100000.0,0.0
2024-01-10 10:55:00-05:00,100000.0,100000.0,0.0
2024-01-10 10:56:00-05:00,100000.0,100000.0,0.0
2024-01-10 10:57:00-05:00,100000.0,100000.0,0.0
2024-01-10 10:58:00-05:00,100000.0,100000.0,0.0
2024-01-10 10:59:00-05:00,100000.0,100000.0,0.0
2024-01-10 11:00:00-05:00,100000.0,100000.0,0.0
2024-01-10 11:01:00-05:00,100000.0,100000.0,0.0
2024-01-10 11:02:00-05:00,100000.0,100000.0,0.0
2024-01-10 11:03:00-05:00,100000.0,100000.0,0.0
2024-01-10 11:04:00-05:00,100000.0,100000.0,0.0
2024-01-10 11:05:00-05:00,100000.0,100000.0,0.0
2024-01-10 11:06:00-05:00,100000.0,100000.0,0.0
2024-01-10 11:07:00-05:00,100000.0,100000.0,0.0
2024-01-10 11:08:00-05:00,100000.0,100000.0,0.0
2024-01-10 11:09:00-05:00,100000.0,100000.0,0.0
2024-01-10 11:10:00-05:00,100000.0,100000.0,0.0
2024-01-10 11:11:00-05:00,100000.0,100000.0,0.0
2024-01-10 11:12:00-05:00,100000.0,100000.0,0.0
2024-01-10 11:13:00-05:00,100000.0,100000.0,0.0
2024-01-10 11:14:00-05:00,100000.0,100000.0,0.0
2024-01-10 11:15:00-05:00,100000.0,100000.0,0.0
2024-01-10 11:16:00-05:00,100000.0,100000.0,0.0
2024-01-10 11:17:00-05:00,100000.0,100000.0,0.0
2024-01-10 11:18:00-05:00,100000.0,100000.0,0.0
2024-01-10 11:19:00-05:00,100000.0,100000.0,0.0
2024-01-10 11:20:00-05:00,100000.0,100000.0,0.0
2024-01-10 11:21:00-05:00,100000.0,100000.0,0.0
2024-01-10 11:22:00-05:00,100000.0,100000.0,0.0
2024-01-10 11:23:00-05:00,100000.0,100000.0,0.0
2024-01-10 11:24:00-05:00,100000.0,100000.0,0.0
2024-01-10 11:25:00-05:00,100000.0,100000.0,0.0
2024-01-10 11:26:00-05:00,100000.0,100000.0,0.0
2024-01-10 11:27:00-05:00,100000.0,100000.0,0.0
2024-01-10 11:28:00-05:00,100000.0,100000.0,0.0
2024-01-10 11:29:00-05:00,100000.0,100000.0,0.0
2024-01-10 11:30:00-05:00,100000.0,100000.0,0.0
2024-01-10 11:31:00-05:00,100000.0,100000.0,0.0
2024-01-10 11:32:00-05:00,100000.0,100000.0,0.0
2024-01-10 11:33:00-05:00,100000.0,100000.0,0.0
2024-01-10 11:34:00-05:00,100000.0,100000.0,0.0
2024-01-10 11:35:00-05:00,100000.0,100000.0,0.0
2024-01-10 11:36:00-05:00,100000.0,100000.0,0.0
2024-01-10 11:37:00-05:00,100000.0,100000.0,0.0
2024-01-10 11:38:00-05:00,100000.0,100000.0,0.0
2024-01-10 11:39:00-05:00,100000.0,100000.0,0.0
2024-01-10 11:40:00-05:00,100000.0,100000.0,0.0
2024-01-10 11:41:00-05:00,100000.0,100000.0,0.0
2024-01-10 11:42:00-05:00,100000.0,100000.0,0.0
2024-01-10 11:43:00-05:00,100000.0,100000.0,0.0
2024-01-10 11:44:00-05:00,100000.0,100000.0,0.0
2024-01-10 11:45:00-05:00,100000.0,100000.0,0.0
2024-01-10 11:46:00-05:00,100000.0,100000.0,0.0
2024-01-10 11:47:00-05:00,100000.0,100000.0,0.0
2024-01-10 11:48:00-05:00,100000.0,100000.0,0.0
2024-01-10 11:49:00-05:00,100000.0,100000.0,0.0
2024-01-10 11:50:00-05:00,100000.0,100000.0,0.0
2024-01-10 11:51:00-05:00,100000.0,100000.0,0.0
2024-01-10 11:52:00-05:00,100000.0,100000.0,0.0
2024-01-10 11:53:00-05:00,100000.0,100000.0,0.0
2024-01-10 11:54:00-05:00,100000.0,100000.0,0.0
2024-01-10 11:55:00-05:00,100000.0,100000.0,0.0
2024-01-10 11:56:00-05:00,100000.0,100000.0,0.0
2024-01-10 11:57:00-05:00,100000.0,100000.0,0.0
2024-01-10 11:58:00-05:00,100000.0,100000.0,0.0
2024-01-10 11:59:00-05:00,100000.0,100000.0,0.0
2024-01-10 12:00:00-05:00,100000.0,100000.0,0.0
2024-01-10 12:01:00-05:00,100000.0,100000.0,0.0
2024-01-10 12:02:00-05:00,100000.0,100000.0,0.0
2024-01-10 12:03:00-05:00,100000.0,100000.0,0.0
2024-01-10 12:04:00-05:00,100000.0,100000.0,0.0
2024-01-10 12:05:00-05:00,100000.0,100000.0,0.0
2024-01-10 12:06:00-05:00,100000.0,100000.0,0.0
2024-01-10 12:07:00-05:00,100000.0,100000.0,0.0
2024-01-10 12:08:00-05:00,100000.0,100000.0,0.0
2024-01-10 12:09:00-05:00,100000.0,100000.0,0.0
2024-01-10 12:10:00-05:00,100000.0,100000.0,0.0
2024-01-10 12:11:00-05:00,100000.0,100000.0,0.0
2024-01-10 12:12:00-05:00,100000.0,100000.0,0.0
2024-01-10 12:13:00-05:00,100000.0,100000.0,0.0
2024-01-10 12:14:00-05:00,100000.0,100000.0,0.0
2024-01-10 12:15:00-05:00,100000.0,100000.0,0.0
2024-01-10 12:16:00-05:00,100000.0,100000.0,0.0
2024-01-10 12:17:00-05:00,100000.0,100000.0,0.0
2024-01-10 12:18:00-05:00,100000.0,100000.0,0.0
2024-01-10 12:19:00-05:00,100000.0,100000.0,0.0
2024-01-10 12:20:00-05:00,100000.0,100000.0,0.0
2024-01-10 12:21:00-05:00,100000.0,100000.0,0.0
2024-01-10 12:22:00-05:00,100000.0,100000.0,0.0
2024-01-10 12:23:00-05:00,100000.0,100000.0,0.0
2024-01-10 12:24:00-05:00,100000.0,100000.0,0.0
2024-01-10 12:25:00-05:00,100000.0,100000.0,0.0
2024-01-10 12:26:00-05:00,100000.0,100000.0,0.0
2024-01-10 12:27:00-05:00,100000.0,100000.0,0.0
2024-01-10 12:28:00-05:00,100000.0,100000.0,0.0
2024-01-10 12:29:00-05:00,100000.0,100000.0,0.0
2024-01-10 12:30:00-05:00,100000.0,100000.0,0.0
2024-01-10 12:31:00-05:00,100000.0,100000.0,0.0
2024-01-10 12:32:00-05:00,100000.0,100000.0,0.0
2024-01-10 12:33:00-05:00,100000.0,100000.0,0.0
2024-01-10 12:34:00-05:00,100000.0,100000.0,0.0
2024-01-10 12:35:00-05:00,100000.0,100000.0,0.0
2024-01-10 12:36:00-05:00,100000.0,100000.0,0.0
2024-01-10 12:37:00-05:00,100000.0,100000.0,0.0
2024-01-10 12:38:00-05:00,100000.0,100000.0,0.0
2024-01-10 12:39:00-05:00,100000.0,100000.0,0.0
2024-01-10 12:40:00-05:00,100000.0,100000.0,0.0
2024-01-10 12:41:00-05:00,100000.0,100000.0,0.0
2024-01-10 12:42:00-05:00,100000.0,100000.0,0.0
2024-01-10 12:43:00-05:00,100000.0,100000.0,0.0
2024-01-10 12:44:00-05:00,100000.0,100000.0,0.0
2024-01-10 12:45:00-05:00,100000.0,100000.0,0.0
2024-01-10 12:46:00-05:00,100000.0,100000.0,0.0
2024-01-10 12:47:00-05:00,100000.0,100000.0,0.0
2024-01-10 12:48:00-05:00,100000.0,100000.0,0.0
2024-01-10 12:49:00-05:00,100000.0,100000.0,0.0
2024-01-10 12:50:00-05:00,100000.0,100000.0,0.0
2024-01-10 12:51:00-05:00,100000.0,100000.0,0.0
2024-01-10 12:52:00-05:00,100000.0,100000.0,0.0
2024-01-10 12:53:00-05:00,100000.0,100000.0,0.0
2024-01-10 12:54:00-05:00,100000.0,100000.0,0.0
2024-01-10 12:55:00-05:00,100000.0,100000.0,0.0
2024-01-10 12:56:00-05:00,100000.0,100000.0,0.0
2024-01-10 12:57:00-05:00,100000.0,100000.0,0.0
2024-01-10 12:58:00-05:00,100000.0,100000.0,0.0
2024-01-10 12:59:00-05:00,100000.0,100000.0,0.0
2024-01-10 13:00:00-05:00,100000.0,100000.0,0.0
2024-01-10 13:01:00-05:00,100000.0,100000.0,0.0
2024-01-10 13:02:00-05:00,100000.0,100000.0,0.0
2024-01-10 13:03:00-05:00,100000.0,100000.0,0.0
2024-01-10 13:04:00-05:00,100000.0,100000.0,0.0
2024-01-10 13:05:00-05:00,100000.0,100000.0,0.0
2024-01-10 13:06:00-05:00,100000.0,100000.0,0.0
2024-01-10 13:07:00-05:00,100000.0,100000.0,0.0
2024-01-10 13:08:00-05:00,100000.0,100000.0,0.0
2024-01-10 13:09:00-05:00,100000.0,100000.0,0.0
2024-01-10 13:10:00-05:00,100000.0,100000.0,0.0
2024-01-10 13:11:00-05:00,100000.0,100000.0,0.0
2024-01-10 13:12:00-05:00,100000.0,100000.0,0.0
2024-01-10 13:13:00-05:00,100000.0,100000.0,0.0
2024-01-10 13:14:00-05:00,100000.0,100000.0,0.0
2024-01-10 13:15:00-05:00,100000.0,100000.0,0.0
2024-01-10 13:16:00-05:00,100000.0,100000.0,0.0
2024-01-10 13:17:00-05:00,100000.0,100000.0,0.0
2024-01-10 13:18:00-05:00,100000.0,100000.0,0.0
2024-01-10 13:19:00-05:00,100000.0,100000.0,0.0
2024-01-10 13:20:00-05:00,100000.0,100000.0,0.0
2024-01-10 13:21:00-05:00,100000.0,100000.0,0.0
2024-01-10 13:22:00-05:00,100000.0,100000.0,0.0
2024-01-10 13:23:00-05:00,100000.0,100000.0,0.0
2024-01-10 13:24:00-05:00,100000.0,100000.0,0.0
2024-01-10 13:25:00-05:00,100000.0,100000.0,0.0
2024-01-10 13:26:00-05:00,100000.0,100000.0,0.0
2024-01-10 13:27:00-05:00,100000.0,100000.0,0.0
2024-01-10 13:28:00-05:00,100000.0,100000.0,0.0
2024-01-10 13:29:00-05:00,100000.0,100000.0,0.0
2024-01-10 13:30:00-05:00,100000.0,100000.0,0.0
2024-01-10 13:31:00-05:00,100000.0,100000.0,0.0
2024-01-10 13:32:00-05:00,100000.0,100000.0,0.0
2024-01-10 13:33:00-05:00,100000.0,100000.0,0.0
2024-01-10 13:34:00-05:00,100000.0,100000.0,0.0
2024-01-10 13:35:00-05:00,100000.0,100000.0,0.0
2024-01-10 13:36:00-05:00,100000.0,100000.0,0.0
2024-01-10 13:37:00-05:00,100000.0,100000.0,0.0
2024-01-10 13:38:00-05:00,100000.0,100000.0,0.0
2024-01-10 13:39:00-05:00,100000.0,100000.0,0.0
2024-01-10 13:40:00-05:00,100000.0,100000.0,0.0
2024-01-10 13:41:00-05:00,100000.0,100000.0,0.0
2024-01-10 13:42:00-05:00,100000.0,100000.0,0.0
2024-01-10 13:43:00-05:00,100000.0,100000.0,0.0
2024-01-10 13:44:00-05:00,100000.0,100000.0,0.0
2024-01-10 13:45:00-05:00,100000.0,100000.0,0.0
2024-01-10 13:46:00-05:00,100000.0,100000.0,0.0
2024-01-10 13:47:00-05:00,100000.0,100000.0,0.0
2024-01-10 13:48:00-05:00,100000.0,100000.0,0.0
2024-01-10 13:49:00-05:00,100000.0,100000.0,0.0
2024-01-10 13:50:00-05:00,100000.0,100000.0,0.0
2024-01-10 13:51:00-05:00,100000.0,100000.0,0.0
2024-01-10 13:52:00-05:00,100000.0,100000.0,0.0
2024-01-10 13:53:00-05:00,100000.0,100000.0,0.0
2024-01-10 13:54:00-05:00,100000.0,100000.0,0.0
2024-01-10 13:55:00-05:00,100000.0,100000.0,0.0
2024-01-10 13:56:00-05:00,100000.0,100000.0,0.0
2024-01-10 13:57:00-05:00,100000.0,100000.0,0.0
2024-01-10 13:58:00-05:00,100000.0,100000.0,0.0
2024-01-10 13:59:00-05:00,100000.0,100000.0,0.0
2024-01-10 14:00:00-05:00,100000.0,100000.0,0.0
2024-01-10 14:01:00-05:00,100000.0,100000.0,0.0
2024-01-10 14:02:00-05:00,100000.0,100000.0,0.0
2024-01-10 14:03:00-05:00,100000.0,100000.0,0.0
2024-01-10 14:04:00-05:00,100000.0,100000.0,0.0
2024-01-10 14:05:00-05:00,100000.0,100000.0,0.0
2024-01-10 14:06:00-05:00,100000.0,100000.0,0.0
2024-01-10 14:07:00-05:00,100000.0,100000.0,0.0
2024-01-10 14:08:00-05:00,100000.0,100000.0,0.0
2024-01-10 14:09:00-05:00,100000.0,100000.0,0.0
2024-01-10 14:10:00-05:00,100000.0,100000.0,0.0
2024-01-10 14:11:00-05:00,100000.0,100000.0,0.0
2024-01-10 14:12:00-05:00,100000.0,100000.0,0.0
2024-01-10 14:13:00-05:00,100000.0,100000.0,0.0
2024-01-10 14:14:00-05:00,100000.0,100000.0,0.0
2024-01-10 14:15:00-05:00,100000.0,100000.0,0.0
2024-01-10 14:16:00-05:00,100000.0,100000.0,0.0
2024-01-10 14:17:00-05:00,100000.0,100000.0,0.0
2024-01-10 14:18:00-05:00,100000.0,100000.0,0.0
2024-01-10 14:19:00-05:00,100000.0,100000.0,0.0
2024-01-10 14:20:00-05:00,100000.0,100000.0,0.0
2024-01-10 14:21:00-05:00,100000.0,100000.0,0.0
2024-01-10 14:22:00-05:00,100000.0,100000.0,0.0
2024-01-10 14:23:00-05:00,100000.0,100000.0,0.0
2024-01-10 14:24:00-05:00,100000.0,100000.0,0.0
2024-01-10 14:25:00-05:00,100000.0,100000.0,0.0
2024-01-10 14:26:00-05:00,100000.0,100000.0,0.0
2024-01-10 14:27:00-05:00,100000.0,100000.0,0.0
2024-01-10 14:28:00-05:00,100000.0,100000.0,0.0
2024-01-10 14:29:00-05:00,100000.0,100000.0,0.0
2024-01-10 14:30:00-05:00,100000.0,100000.0,0.0
2024-01-10 14:31:00-05:00,100000.0,100000.0,0.0
2024-01-10 14:32:00-05:00,100000.0,100000.0,0.0
2024-01-10 14:33:00-05:00,100000.0,100000.0,0.0
2024-01-10 14:34:00-05:00,100000.0,100000.0,0.0
2024-01-10 14:35:00-05:00,100000.0,100000.0,0.0
2024-01-10 14:36:00-05:00,100000.0,100000.0,0.0
2024-01-10 14:37:00-05:00,100000.0,100000.0,0.0
2024-01-10 14:38:00-05:00,100000.0,100000.0,0.0
2024-01-10 14:39:00-05:00,100000.0,100000.0,0.0
2024-01-10 14:40:00-05:00,100000.0,100000.0,0.0
2024-01-10 14:41:00-05:00,100000.0,100000.0,0.0
2024-01-10 14:42:00-05:00,100000.0,100000.0,0.0
2024-01-10 14:43:00-05:00,100000.0,100000.0,0.0
2024-01-10 14:44:00-05:00,100000.0,100000.0,0.0
2024-01-10 14:45:00-05:00,100000.0,100000.0,0.0
2024-01-10 14:46:00-05:00,100000.0,100000.0,0.0
2024-01-10 14:47:00-05:00,100000.0,100000.0,0.0
2024-01-10 14:48:00-05:00,100000.0,100000.0,0.0
2024-01-10 14:49:00-05:00,100000.0,100000.0,0.0
2024-01-10 14:50:00-05:00,100000.0,100000.0,0.0
2024-01-10 14:51:00-05:00,100000.0,100000.0,0.0
2024-01-10 14:52:00-05:00,100000.0,100000.0,0.0
2024-01-10 14:53:00-05:00,100000.0,100000.0,0.0
2024-01-10 14:54:00-05:00,100000.0,100000.0,0.0
2024-01-10 14:55:00-05:00,100000.0,100000.0,0.0
2024-01-10 14:56:00-05:00,100000.0,100000.0,0.0
2024-01-10 14:57:00-05:00,100000.0,100000.0,0.0
2024-01-10 14:58:00-05:00,100000.0,100000.0,0.0
2024-01-10 14:59:00-05:00,100000.0,100000.0,0.0
2024-01-10 15:00:00-05:00,100000.0,100000.0,0.0
2024-01-10 15:01:00-05:00,100000.0,100000.0,0.0
2024-01-10 15:02:00-05:00,100000.0,100000.0,0.0
2024-01-10 15:03:00-05:00,100000.0,100000.0,0.0
2024-01-10 15:04:00-05:00,100000.0,100000.0,0.0
2024-01-10 15:05:00-05:00,100000.0,100000.0,0.0
2024-01-10 15:06:00-05:00,100000.0,100000.0,0.0
2024-01-10 15:07:00-05:00,100000.0,100000.0,0.0
2024-01-10 15:08:00-05:00,100000.0,100000.0,0.0
2024-01-10 15:09:00-05:00,100000.0,100000.0,0.0
2024-01-10 15:10:00-05:00,100000.0,100000.0,0.0
2024-01-10 15:11:00-05:00,100000.0,100000.0,0.0
2024-01-10 15:12:00-05:00,100000.0,100000.0,0.0
2024-01-10 15:13:00-05:00,100000.0,100000.0,0.0
2024-01-10 15:14:00-05:00,100000.0,100000.0,0.0
2024-01-10 15:15:00-05:00,100000.0,100000.0,0.0
2024-01-10 15:16:00-05:00,100000.0,100000.0,0.0
2024-01-10 15:17:00-05:00,100000.0,100000.0,0.0
2024-01-10 15:18:00-05:00,100000.0,100000.0,0.0
2024-01-10 15:19:00-05:00,100000.0,100000.0,0.0
2024-01-10 15:20:00-05:00,100000.0,100000.0,0.0
2024-01-10 15:21:00-05:00,100000.0,100000.0,0.0
2024-01-10 15:22:00-05:00,100000.0,100000.0,0.0
2024-01-10 15:23:00-05:00,100000.0,100000.0,0.0
2024-01-10 15:24:00-05:00,100000.0,100000.0,0.0
2024-01-10 15:25:00-05:00,100000.0,100000.0,0.0
2024-01-10 15:26:00-05:00,100000.0,100000.0,0.0
2024-01-10 15:27:00-05:00,100000.0,100000.0,0.0
2024-01-10 15:28:00-05:00,100000.0,100000.0,0.0
2024-01-10 15:29:00-05:00,100000.0,100000.0,0.0
2024-01-10 15:30:00-05:00,100000.0,100000.0,0.0
2024-01-10 15:31:00-05:00,100000.0,100000.0,0.0
2024-01-10 15:32:00-05:00,100000.0,100000.0,0.0
2024-01-10 15:33:00-05:00,100000.0,100000.0,0.0
2024-01-10 15:34:00-05:00,100000.0,100000.0,0.0
2024-01-10 15:35:00-05:00,100000.0,100000.0,0.0
2024-01-10 15:36:00-05:00,100000.0,100000.0,0.0
2024-01-10 15:37:00-05:00,100000.0,100000.0,0.0
2024-01-10 15:38:00-05:00,100000.0,100000.0,0.0
2024-01-10 15:39:00-05:00,100000.0,100000.0,0.0
2024-01-10 15:40:00-05:00,100000.0,100000.0,0.0
2024-01-10 15:41:00-05:00,100000.0,100000.0,0.0
2024-01-10 15:42:00-05:00,100000.0,100000.0,0.0
2024-01-10 15:43:00-05:00,100000.0,100000.0,0.0
2024-01-10 15:44:00-05:00,100000.0,100000.0,0.0
2024-01-10 15:45:00-05:00,100000.0,100000.0,0.0
2024-01-10 15:46:00-05:00,100000.0,100000.0,0.0
2024-01-10 15:47:00-05:00,100000.0,100000.0,0.0
2024-01-10 15:48:00-05:00,100000.0,100000.0,0.0
2024-01-10 15:49:00-05:00,100000.0,100000.0,0.0
2024-01-10 15:50:00-05:00,100000.0,100000.0,0.0
2024-01-10 15:51:00-05:00,100000.0,100000.0,0.0
2024-01-10 15:52:00-05:00,100000.0,100000.0,0.0
2024-01-10 15:53:00-05:00,100000.0,100000.0,0.0
2024-01-10 15:54:00-05:00,100000.0,100000.0,0.0
2024-01-10 15:55:00-05:00,100000.0,100000.0,0.0
2024-01-10 15:56:00-05:00,100000.0,100000.0,0.0
2024-01-10 15:57:00-05:00,100000.0,100000.0,0.0
2024-01-10 15:58:00-05:00,100000.0,100000.0,0.0
2024-01-10 15:59:00-05:00,100000.0,100000.0,0.0
2024-01-11 09:30:00-05:00,100000.0,100000.0,0.0
2024-01-11 09:31:00-05:00,100000.0,100000.0,0.0
2024-01-11 09:32:00-05:00,100000.0,100000.0,0.0
2024-01-11 09:33:00-05:00,100000.0,100000.0,0.0
2024-01-11 09:34:00-05:00,100000.0,100000.0,0.0
2024-01-11 09:35:00-05:00,100000.0,100000.0,0.0
2024-01-11 09:36:00-05:00,100000.0,100000.0,0.0
2024-01-11 09:37:00-05:00,100000.0,100000.0,0.0
2024-01-11 09:38:00-05:00,100000.0,100000.0,0.0
2024-01-11 09:39:00-05:00,100000.0,100000.0,0.0
2024-01-11 09:40:00-05:00,100000.0,100000.0,0.0
2024-01-11 09:41:00-05:00,100000.0,100000.0,0.0
2024-01-11 09:42:00-05:00,100000.0,100000.0,0.0
2024-01-11 09:43:00-05:00,100000.0,100000.0,0.0
2024-01-11 09:44:00-05:00,100000.0,100000.0,0.0
2024-01-11 09:45:00-05:00,100000.0,100000.0,0.0
2024-01-11 09:46:00-05:00,100000.0,100000.0,0.0
2024-01-11 09:47:00-05:00,100000.0,100000.0,0.0
2024-01-11 09:48:00-05:00,100000.0,100000.0,0.0
2024-01-11 09:49:00-05:00,100000.0,100000.0,0.0
2024-01-11 09:50:00-05:00,100000.0,100000.0,0.0
2024-01-11 09:51:00-05:00,100000.0,100000.0,0.0
2024-01-11 09:52:00-05:00,100000.0,100000.0,0.0
2024-01-11 09:53:00-05:00,100000.0,100000.0,0.0
2024-01-11 09:54:00-05:00,100000.0,100000.0,0.0
2024-01-11 09:55:00-05:00,100000.0,100000.0,0.0
2024-01-11 09:56:00-05:00,100000.0,100000.0,0.0
2024-01-11 09:57:00-05:00,100000.0,100000.0,0.0
2024-01-11 09:58:00-05:00,100000.0,100000.0,0.0
2024-01-11 09:59:00-05:00,100000.0,100000.0,0.0
2024-01-11 10:00:00-05:00,100000.0,100000.0,0.0
2024-01-11 10:01:00-05:00,100000.0,100000.0,0.0
2024-01-11 10:02:00-05:00,100000.0,100000.0,0.0
2024-01-11 10:03:00-05:00,100000.0,100000.0,0.0
2024-01-11 10:04:00-05:00,100000.0,100000.0,0.0
2024-01-11 10:05:00-05:00,100000.0,100000.0,0.0
2024-01-11 10:06:00-05:00,100000.0,100000.0,0.0
2024-01-11 10:07:00-05:00,100000.0,100000.0,0.0
2024-01-11 10:08:00-05:00,100000.0,100000.0,0.0
2024-01-11 10:09:00-05:00,100000.0,100000.0,0.0
2024-01-11 10:10:00-05:00,100000.0,100000.0,0.0
2024-01-11 10:11:00-05:00,100000.0,100000.0,0.0
2024-01-11 10:12:00-05:00,100000.0,100000.0,0.0
2024-01-11 10:13:00-05:00,100000.0,100000.0,0.0
2024-01-11 10:14:00-05:00,100000.0,100000.0,0.0
2024-01-11 10:15:00-05:00,100000.0,100000.0,0.0
2024-01-11 10:16:00-05:00,100000.0,100000.0,0.0
2024-01-11 10:17:00-05:00,100000.0,100000.0,0.0
2024-01-11 10:18:00-05:00,100000.0,100000.0,0.0
2024-01-11 10:19:00-05:00,100000.0,100000.0,0.0
2024-01-11 10:20:00-05:00,100000.0,100000.0,0.0
2024-01-11 10:21:00-05:00,100000.0,100000.0,0.0
2024-01-11 10:22:00-05:00,100000.0,100000.0,0.0
2024-01-11 10:23:00-05:00,100000.0,100000.0,0.0
2024-01-11 10:24:00-05:00,100000.0,100000.0,0.0
2024-01-11 10:25:00-05:00,100000.0,100000.0,0.0
2024-01-11 10:26:00-05:00,100000.0,100000.0,0.0
2024-01-11 10:27:00-05:00,100000.0,100000.0,0.0
2024-01-11 10:28:00-05:00,100000.0,100000.0,0.0
2024-01-11 10:29:00-05:00,100000.0,100000.0,0.0
2024-01-11 10:30:00-05:00,100000.0,100000.0,0.0
2024-01-11 10:31:00-05:00,100000.0,100000.0,0.0
2024-01-11 10:32:00-05:00,100000.0,100000.0,0.0
2024-01-11 10:33:00-05:00,100000.0,100000.0,0.0
2024-01-11 10:34:00-05:00,100000.0,100000.0,0.0
2024-01-11 10:35:00-05:00,100000.0,100000.0,0.0
2024-01-11 10:36:00-05:00,100000.0,100000.0,0.0
2024-01-11 10:37:00-05:00,100000.0,100000.0,0.0
2024-01-11 10:38:00-05:00,100000.0,100000.0,0.0
2024-01-11 10:39:00-05:00,100000.0,100000.0,0.0
2024-01-11 10:40:00-05:00,100000.0,100000.0,0.0
2024-01-11 10:41:00-05:00,100000.0,100000.0,0.0
2024-01-11 10:42:00-05:00,100000.0,100000.0,0.0
2024-01-11 10:43:00-05:00,100000.0,100000.0,0.0
2024-01-11 10:44:00-05:00,100000.0,100000.0,0.0
2024-01-11 10:45:00-05:00,100000.0,100000.0,0.0
2024-01-11 10:46:00-05:00,100000.0,100000.0,0.0
2024-01-11 10:47:00-05:00,100000.0,100000.0,0.0
2024-01-11 10:48:00-05:00,100000.0,100000.0,0.0
2024-01-11 10:49:00-05:00,100000.0,100000.0,0.0
2024-01-11 10:50:00-05:00,100000.0,100000.0,0.0
2024-01-11 10:51:00-05:00,100000.0,100000.0,0.0
2024-01-11 10:52:00-05:00,100000.0,100000.0,0.0
2024-01-11 10:53:00-05:00,100000.0,100000.0,0.0
2024-01-11 10:54:00-05:00,100000.0,100000.0,0.0
2024-01-11 10:55:00-05:00,100000.0,100000.0,0.0
2024-01-11 10:56:00-05:00,100000.0,100000.0,0.0
2024-01-11 10:57:00-05:00,100000.0,100000.0,0.0
2024-01-11 10:58:00-05:00,100000.0,100000.0,0.0
2024-01-11 10:59:00-05:00,100000.0,100000.0,0.0
2024-01-11 11:00:00-05:00,100000.0,100000.0,0.0
2024-01-11 11:01:00-05:00,100000.0,100000.0,0.0
2024-01-11 11:02:00-05:00,100000.0,100000.0,0.0
2024-01-11 11:03:00-05:00,100000.0,100000.0,0.0
2024-01-11 11:04:00-05:00,100000.0,100000.0,0.0
2024-01-11 11:05:00-05:00,100000.0,100000.0,0.0
2024-01-11 11:06:00-05:00,100000.0,100000.0,0.0
2024-01-11 11:07:00-05:00,100000.0,100000.0,0.0
2024-01-11 11:08:00-05:00,100000.0,100000.0,0.0
2024-01-11 11:09:00-05:00,100000.0,100000.0,0.0
2024-01-11 11:10:00-05:00,100000.0,100000.0,0.0
2024-01-11 11:11:00-05:00,100000.0,100000.0,0.0
2024-01-11 11:12:00-05:00,100000.0,100000.0,0.0
2024-01-11 11:13:00-05:00,100000.0,100000.0,0.0
2024-01-11 11:14:00-05:00,100000.0,100000.0,0.0
2024-01-11 11:15:00-05:00,100000.0,100000.0,0.0
2024-01-11 11:16:00-05:00,100000.0,100000.0,0.0
2024-01-11 11:17:00-05:00,100000.0,100000.0,0.0
2024-01-11 11:18:00-05:00,100000.0,100000.0,0.0
2024-01-11 11:19:00-05:00,100000.0,100000.0,0.0
2024-01-11 11:20:00-05:00,100000.0,100000.0,0.0
2024-01-11 11:21:00-05:00,100000.0,100000.0,0.0
2024-01-11 11:22:00-05:00,100000.0,100000.0,0.0
2024-01-11 11:23:00-05:00,100000.0,100000.0,0.0
2024-01-11 11:24:00-05:00,100000.0,100000.0,0.0
2024-01-11 11:25:00-05:00,100000.0,100000.0,0.0
2024-01-11 11:26:00-05:00,100000.0,100000.0,0.0
2024-01-11 11:27:00-05:00,100000.0,100000.0,0.0
2024-01-11 11:28:00-05:00,100000.0,100000.0,0.0
2024-01-11 11:29:00-05:00,100000.0,100000.0,0.0
2024-01-11 11:30:00-05:00,100000.0,100000.0,0.0
2024-01-11 11:31:00-05:00,100000.0,100000.0,0.0
2024-01-11 11:32:00-05:00,100000.0,100000.0,0.0
2024-01-11 11:33:00-05:00,100000.0,100000.0,0.0
2024-01-11 11:34:00-05:00,100000.0,100000.0,0.0
2024-01-11 11:35:00-05:00,100000.0,100000.0,0.0
2024-01-11 11:36:00-05:00,100000.0,100000.0,0.0
2024-01-11 11:37:00-05:00,100000.0,100000.0,0.0
2024-01-11 11:38:00-05:00,100000.0,100000.0,0.0
2024-01-11 11:39:00-05:00,100000.0,100000.0,0.0
2024-01-11 11:40:00-05:00,100000.0,100000.0,0.0
2024-01-11 11:41:00-05:00,100000.0,100000.0,0.0
2024-01-11 11:42:00-05:00,100000.0,100000.0,0.0
2024-01-11 11:43:00-05:00,100000.0,100000.0,0.0
2024-01-11 11:44:00-05:00,100000.0,100000.0,0.0
2024-01-11 11:45:00-05:00,100000.0,100000.0,0.0
2024-01-11 11:46:00-05:00,100000.0,100000.0,0.0
2024-01-11 11:47:00-05:00,100000.0,100000.0,0.0
2024-01-11 11:48:00-05:00,100000.0,100000.0,0.0
2024-01-11 11:49:00-05:00,100000.0,100000.0,0.0
2024-01-11 11:50:00-05:00,100000.0,100000.0,0.0
2024-01-11 11:51:00-05:00,100000.0,100000.0,0.0
2024-01-11 11:52:00-05:00,100000.0,100000.0,0.0
2024-01-11 11:53:00-05:00,100000.0,100000.0,0.0
2024-01-11 11:54:00-05:00,100000.0,100000.0,0.0
2024-01-11 11:55:00-05:00,100000.0,100000.0,0.0
2024-01-11 11:56:00-05:00,100000.0,100000.0,0.0
2024-01-11 11:57:00-05:00,100000.0,100000.0,0.0
2024-01-11 11:58:00-05:00,100000.0,100000.0,0.0
2024-01-11 11:59:00-05:00,100000.0,100000.0,0.0
2024-01-11 12:00:00-05:00,100000.0,100000.0,0.0
2024-01-11 12:01:00-05:00,100000.0,100000.0,0.0
2024-01-11 12:02:00-05:00,100000.0,100000.0,0.0
2024-01-11 12:03:00-05:00,100000.0,100000.0,0.0
2024-01-11 12:04:00-05:00,100000.0,100000.0,0.0
2024-01-11 12:05:00-05:00,100000.0,100000.0,0.0
2024-01-11 12:06:00-05:00,100000.0,100000.0,0.0
2024-01-11 12:07:00-05:00,100000.0,100000.0,0.0
2024-01-11 12:08:00-05:00,100000.0,100000.0,0.0
2024-01-11 12:09:00-05:00,100000.0,100000.0,0.0
2024-01-11 12:10:00-05:00,100000.0,100000.0,0.0
2024-01-11 12:11:00-05:00,100000.0,100000.0,0.0
2024-01-11 12:12:00-05:00,100000.0,100000.0,0.0
2024-01-11 12:13:00-05:00,100000.0,100000.0,0.0
2024-01-11 12:14:00-05:00,100000.0,100000.0,0.0
2024-01-11 12:15:00-05:00,100000.0,100000.0,0.0
2024-01-11 12:16:00-05:00,100000.0,100000.0,0.0
2024-01-11 12:17:00-05:00,100000.0,100000.0,0.0
2024-01-11 12:18:00-05:00,100000.0,100000.0,0.0
2024-01-11 12:19:00-05:00,100000.0,100000.0,0.0
2024-01-11 12:20:00-05:00,100000.0,100000.0,0.0
2024-01-11 12:21:00-05:00,100000.0,100000.0,0.0
2024-01-11 12:22:00-05:00,100000.0,100000.0,0.0
2024-01-11 12:23:00-05:00,100000.0,100000.0,0.0
2024-01-11 12:24:00-05:00,100000.0,100000.0,0.0
2024-01-11 12:25:00-05:00,100000.0,100000.0,0.0
2024-01-11 12:26:00-05:00,100000.0,100000.0,0.0
2024-01-11 12:27:00-05:00,100000.0,100000.0,0.0
2024-01-11 12:28:00-05:00,100000.0,100000.0,0.0
2024-01-11 12:29:00-05:00,100000.0,100000.0,0.0
2024-01-11 12:30:00-05:00,100000.0,100000.0,0.0
2024-01-11 12:31:00-05:00,100000.0,100000.0,0.0
2024-01-11 12:32:00-05:00,100000.0,100000.0,0.0
2024-01-11 12:33:00-05:00,100000.0,100000.0,0.0
2024-01-11 12:34:00-05:00,100000.0,100000.0,0.0
2024-01-11 12:35:00-05:00,100000.0,100000.0,0.0
2024-01-11 12:36:00-05:00,100000.0,100000.0,0.0
2024-01-11 12:37:00-05:00,100000.0,100000.0,0.0
2024-01-11 12:38:00-05:00,100000.0,100000.0,0.0
2024-01-11 12:39:00-05:00,100000.0,100000.0,0.0
2024-01-11 12:40:00-05:00,100000.0,100000.0,0.0
2024-01-11 12:41:00-05:00,100000.0,100000.0,0.0
2024-01-11 12:42:00-05:00,100000.0,100000.0,0.0
2024-01-11 12:43:00-05:00,100000.0,100000.0,0.0
2024-01-11 12:44:00-05:00,100000.0,100000.0,0.0
2024-01-11 12:45:00-05:00,100000.0,100000.0,0.0
2024-01-11 12:46:00-05:00,100000.0,100000.0,0.0
2024-01-11 12:47:00-05:00,100000.0,100000.0,0.0
2024-01-11 12:48:00-05:00,100000.0,100000.0,0.0
2024-01-11 12:49:00-05:00,100000.0,100000.0,0.0
2024-01-11 12:50:00-05:00,100000.0,100000.0,0.0
2024-01-11 12:51:00-05:00,100000.0,100000.0,0.0
2024-01-11 12:52:00-05:00,100000.0,100000.0,0.0
2024-01-11 12:53:00-05:00,100000.0,100000.0,0.0
2024-01-11 12:54:00-05:00,100000.0,100000.0,0.0
2024-01-11 12:55:00-05:00,100000.0,100000.0,0.0
2024-01-11 12:56:00-05:00,100000.0,100000.0,0.0
2024-01-11 12:57:00-05:00,100000.0,100000.0,0.0
2024-01-11 12:58:00-05:00,100000.0,100000.0,0.0
2024-01-11 12:59:00-05:00,100000.0,100000.0,0.0
2024-01-11 13:00:00-05:00,100000.0,100000.0,0.0
2024-01-11 13:01:00-05:00,100000.0,100000.0,0.0
2024-01-11 13:02:00-05:00,100000.0,100000.0,0.0
2024-01-11 13:03:00-05:00,100000.0,100000.0,0.0
2024-01-11 13:04:00-05:00,100000.0,100000.0,0.0
2024-01-11 13:05:00-05:00,100000.0,100000.0,0.0
2024-01-11 13:06:00-05:00,100000.0,100000.0,0.0
2024-01-11 13:07:00-05:00,100000.0,100000.0,0.0
2024-01-11 13:08:00-05:00,100000.0,100000.0,0.0
2024-01-11 13:09:00-05:00,100000.0,100000.0,0.0
2024-01-11 13:10:00-05:00,100000.0,100000.0,0.0
2024-01-11 13:11:00-05:00,100000.0,100000.0,0.0
2024-01-11 13:12:00-05:00,100000.0,100000.0,0.0
2024-01-11 13:13:00-05:00,100000.0,100000.0,0.0
2024-01-11 13:14:00-05:00,100000.0,100000.0,0.0
2024-01-11 13:15:00-05:00,100000.0,100000.0,0.0
2024-01-11 13:16:00-05:00,100000.0,100000.0,0.0
2024-01-11 13:17:00-05:00,100000.0,100000.0,0.0
2024-01-11 13:18:00-05:00,100000.0,100000.0,0.0
2024-01-11 13:19:00-05:00,100000.0,100000.0,0.0
2024-01-11 13:20:00-05:00,100000.0,100000.0,0.0
2024-01-11 13:21:00-05:00,100000.0,100000.0,0.0
2024-01-11 13:22:00-05:00,100000.0,100000.0,0.0
2024-01-11 13:23:00-05:00,100000.0,100000.0,0.0
2024-01-11 13:24:00-05:00,100000.0,100000.0,0.0
2024-01-11 13:25:00-05:00,100000.0,100000.0,0.0
2024-01-11 13:26:00-05:00,100000.0,100000.0,0.0
2024-01-11 13:27:00-05:00,100000.0,100000.0,0.0
2024-01-11 13:28:00-05:00,100000.0,100000.0,0.0
2024-01-11 13:29:00-05:00,100000.0,100000.0,0.0
2024-01-11 13:30:00-05:00,100000.0,100000.0,0.0
2024-01-11 13:31:00-05:00,100000.0,100000.0,0.0
2024-01-11 13:32:00-05:00,100000.0,100000.0,0.0
2024-01-11 13:33:00-05:00,100000.0,100000.0,0.0
2024-01-11 13:34:00-05:00,100000.0,100000.0,0.0
2024-01-11 13:35:00-05:00,100000.0,100000.0,0.0
2024-01-11 13:36:00-05:00,100000.0,100000.0,0.0
2024-01-11 13:37:00-05:00,100000.0,100000.0,0.0
2024-01-11 13:38:00-05:00,100000.0,100000.0,0.0
2024-01-11 13:39:00-05:00,100000.0,100000.0,0.0
2024-01-11 13:40:00-05:00,100000.0,100000.0,0.0
2024-01-11 13:41:00-05:00,100000.0,100000.0,0.0
2024-01-11 13:42:00-05:00,100000.0,100000.0,0.0
2024-01-11 13:43:00-05:00,100000.0,100000.0,0.0
2024-01-11 13:44:00-05:00,100000.0,100000.0,0.0
2024-01-11 13:45:00-05:00,100000.0,100000.0,0.0
2024-01-11 13:46:00-05:00,100000.0,100000.0,0.0
2024-01-11 13:47:00-05:00,100000.0,100000.0,0.0
2024-01-11 13:48:00-05:00,100000.0,100000.0,0.0
2024-01-11 13:49:00-05:00,100000.0,100000.0,0.0
2024-01-11 13:50:00-05:00,100000.0,100000.0,0.0
2024-01-11 13:51:00-05:00,100000.0,100000.0,0.0
2024-01-11 13:52:00-05:00,100000.0,100000.0,0.0
2024-01-11 13:53:00-05:00,100000.0,100000.0,0.0
2024-01-11 13:54:00-05:00,100000.0,100000.0,0.0
2024-01-11 13:55:00-05:00,100000.0,100000.0,0.0
2024-01-11 13:56:00-05:00,100000.0,100000.0,0.0
2024-01-11 13:57:00-05:00,100000.0,100000.0,0.0
2024-01-11 13:58:00-05:00,100000.0,100000.0,0.0
2024-01-11 13:59:00-05:00,100000.0,100000.0,0.0
2024-01-11 14:00:00-05:00,100000.0,100000.0,0.0
2024-01-11 14:01:00-05:00,100000.0,100000.0,0.0
2024-01-11 14:02:00-05:00,100000.0,100000.0,0.0
2024-01-11 14:03:00-05:00,100000.0,100000.0,0.0
2024-01-11 14:04:00-05:00,100000.0,100000.0,0.0
2024-01-11 14:05:00-05:00,100000.0,100000.0,0.0
2024-01-11 14:06:00-05:00,100000.0,100000.0,0.0
2024-01-11 14:07:00-05:00,100000.0,100000.0,0.0
2024-01-11 14:08:00-05:00,100000.0,100000.0,0.0
2024-01-11 14:09:00-05:00,100000.0,100000.0,0.0
2024-01-11 14:10:00-05:00,100000.0,100000.0,0.0
2024-01-11 14:11:00-05:00,100000.0,100000.0,0.0
2024-01-11 14:12:00-05:00,100000.0,100000.0,0.0
2024-01-11 14:13:00-05:00,100000.0,100000.0,0.0
2024-01-11 14:14:00-05:00,100000.0,100000.0,0.0
2024-01-11 14:15:00-05:00,100000.0,100000.0,0.0
2024-01-11 14:16:00-05:00,100000.0,100000.0,0.0
2024-01-11 14:17:00-05:00,100000.0,100000.0,0.0
2024-01-11 14:18:00-05:00,100000.0,100000.0,0.0
2024-01-11 14:19:00-05:00,100000.0,100000.0,0.0
2024-01-11 14:20:00-05:00,100000.0,100000.0,0.0
2024-01-11 14:21:00-05:00,100000.0,100000.0,0.0
2024-01-11 14:22:00-05:00,100000.0,100000.0,0.0
2024-01-11 14:23:00-05:00,100000.0,100000.0,0.0
2024-01-11 14:24:00-05:00,100000.0,100000.0,0.0
2024-01-11 14:25:00-05:00,100000.0,100000.0,0.0
2024-01-11 14:26:00-05:00,100000.0,100000.0,0.0
2024-01-11 14:27:00-05:00,100000.0,100000.0,0.0
2024-01-11 14:28:00-05:00,100000.0,100000.0,0.0
2024-01-11 14:29:00-05:00,100000.0,100000.0,0.0
2024-01-11 14:30:00-05:00,100000.0,100000.0,0.0
2024-01-11 14:31:00-05:00,100000.0,100000.0,0.0
2024-01-11 14:32:00-05:00,100000.0,100000.0,0.0
2024-01-11 14:33:00-05:00,100000.0,100000.0,0.0
2024-01-11 14:34:00-05:00,100000.0,100000.0,0.0
2024-01-11 14:35:00-05:00,100000.0,100000.0,0.0
2024-01-11 14:36:00-05:00,100000.0,100000.0,0.0
2024-01-11 14:37:00-05:00,100000.0,100000.0,0.0
2024-01-11 14:38:00-05:00,100000.0,100000.0,0.0
2024-01-11 14:39:00-05:00,100000.0,100000.0,0.0
2024-01-11 14:40:00-05:00,100000.0,100000.0,0.0
2024-01-11 14:41:00-05:00,100000.0,100000.0,0.0
2024-01-11 14:42:00-05:00,100000.0,100000.0,0.0
2024-01-11 14:43:00-05:00,100000.0,100000.0,0.0
2024-01-11 14:44:00-05:00,100000.0,100000.0,0.0
2024-01-11 14:45:00-05:00,100000.0,100000.0,0.0
2024-01-11 14:46:00-05:00,100000.0,100000.0,0.0
2024-01-11 14:47:00-05:00,100000.0,100000.0,0.0
2024-01-11 14:48:00-05:00,100000.0,100000.0,0.0
2024-01-11 14:49:00-05:00,100000.0,100000.0,0.0
2024-01-11 14:50:00-05:00,100000.0,100000.0,0.0
2024-01-11 14:51:00-05:00,100000.0,100000.0,0.0
2024-01-11 14:52:00-05:00,100000.0,100000.0,0.0
2024-01-11 14:53:00-05:00,100000.0,100000.0,0.0
2024-01-11 14:54:00-05:00,100000.0,100000.0,0.0
2024-01-11 14:55:00-05:00,100000.0,100000.0,0.0
2024-01-11 14:56:00-05:00,100000.0,100000.0,0.0
2024-01-11 14:57:00-05:00,100000.0,100000.0,0.0
2024-01-11 14:58:00-05:00,100000.0,100000.0,0.0
2024-01-11 14:59:00-05:00,100000.0,100000.0,0.0
2024-01-11 15:00:00-05:00,100000.0,100000.0,0.0
2024-01-11 15:01:00-05:00,100000.0,100000.0,0.0
2024-01-11 15:02:00-05:00,100000.0,100000.0,0.0
2024-01-11 15:03:00-05:00,100000.0,100000.0,0.0
2024-01-11 15:04:00-05:00,100000.0,100000.0,0.0
2024-01-11 15:05:00-05:00,100000.0,100000.0,0.0
2024-01-11 15:06:00-05:00,100000.0,100000.0,0.0
2024-01-11 15:07:00-05:00,100000.0,100000.0,0.0
2024-01-11 15:08:00-05:00,100000.0,100000.0,0.0
2024-01-11 15:09:00-05:00,100000.0,100000.0,0.0
2024-01-11 15:10:00-05:00,100000.0,100000.0,0.0
2024-01-11 15:11:00-05:00,100000.0,100000.0,0.0
2024-01-11 15:12:00-05:00,100000.0,100000.0,0.0
2024-01-11 15:13:00-05:00,100000.0,100000.0,0.0
2024-01-11 15:14:00-05:00,100000.0,100000.0,0.0
2024-01-11 15:15:00-05:00,100000.0,100000.0,0.0
2024-01-11 15:16:00-05:00,100000.0,100000.0,0.0
2024-01-11 15:17:00-05:00,100000.0,100000.0,0.0
2024-01-11 15:18:00-05:00,100000.0,100000.0,0.0
2024-01-11 15:19:00-05:00,100000.0,100000.0,0.0
2024-01-11 15:20:00-05:00,100000.0,100000.0,0.0
2024-01-11 15:21:00-05:00,100000.0,100000.0,0.0
2024-01-11 15:22:00-05:00,100000.0,100000.0,0.0
2024-01-11 15:23:00-05:00,100000.0,100000.0,0.0
2024-01-11 15:24:00-05:00,100000.0,100000.0,0.0
2024-01-11 15:25:00-05:00,100000.0,100000.0,0.0
2024-01-11 15:26:00-05:00,100000.0,100000.0,0.0
2024-01-11 15:27:00-05:00,100000.0,100000.0,0.0
2024-01-11 15:28:00-05:00,100000.0,100000.0,0.0
2024-01-11 15:29:00-05:00,100000.0,100000.0,0.0
2024-01-11 15:30:00-05:00,100000.0,100000.0,0.0
2024-01-11 15:31:00-05:00,100000.0,100000.0,0.0
2024-01-11 15:32:00-05:00,100000.0,100000.0,0.0
2024-01-11 15:33:00-05:00,100000.0,100000.0,0.0
2024-01-11 15:34:00-05:00,100000.0,100000.0,0.0
2024-01-11 15:35:00-05:00,100000.0,100000.0,0.0
2024-01-11 15:36:00-05:00,100000.0,100000.0,0.0
2024-01-11 15:37:00-05:00,100000.0,100000.0,0.0
2024-01-11 15:38:00-05:00,100000.0,100000.0,0.0
2024-01-11 15:39:00-05:00,100000.0,100000.0,0.0
2024-01-11 15:40:00-05:00,100000.0,100000.0,0.0
2024-01-11 15:41:00-05:00,100000.0,100000.0,0.0
2024-01-11 15:42:00-05:00,100000.0,100000.0,0.0
2024-01-11 15:43:00-05:00,100000.0,100000.0,0.0
2024-01-11 15:44:00-05:00,100000.0,100000.0,0.0
2024-01-11 15:45:00-05:00,100000.0,100000.0,0.0
2024-01-11 15:46:00-05:00,100000.0,100000.0,0.0
2024-01-11 15:47:00-05:00,100000.0,100000.0,0.0
2024-01-11 15:48:00-05:00,100000.0,100000.0,0.0
2024-01-11 15:49:00-05:00,100000.0,100000.0,0.0
2024-01-11 15:50:00-05:00,100000.0,100000.0,0.0
2024-01-11 15:51:00-05:00,100000.0,100000.0,0.0
2024-01-11 15:52:00-05:00,100000.0,100000.0,0.0
2024-01-11 15:53:00-05:00,100000.0,100000.0,0.0
2024-01-11 15:54:00-05:00,100000.0,100000.0,0.0
2024-01-11 15:55:00-05:00,100000.0,100000.0,0.0
2024-01-11 15:56:00-05:00,100000.0,100000.0,0.0
2024-01-11 15:57:00-05:00,100000.0,100000.0,0.0
2024-01-11 15:58:00-05:00,100000.0,100000.0,0.0
2024-01-11 15:59:00-05:00,100000.0,100000.0,0.0
2024-01-12 09:30:00-05:00,100000.0,100000.0,0.0
2024-01-12 09:31:00-05:00,100000.0,100000.0,0.0
2024-01-12 09:32:00-05:00,100000.0,100000.0,0.0
2024-01-12 09:33:00-05:00,100000.0,100000.0,0.0
2024-01-12 09:34:00-05:00,100000.0,100000.0,0.0
2024-01-12 09:35:00-05:00,100000.0,100000.0,0.0
2024-01-12 09:36:00-05:00,100000.0,100000.0,0.0
2024-01-12 09:37:00-05:00,100000.0,100000.0,0.0
2024-01-12 09:38:00-05:00,100000.0,100000.0,0.0
2024-01-12 09:39:00-05:00,100000.0,100000.0,0.0
2024-01-12 09:40:00-05:00,100000.0,100000.0,0.0
2024-01-12 09:41:00-05:00,100000.0,100000.0,0.0
2024-01-12 09:42:00-05:00,100000.0,100000.0,0.0
2024-01-12 09:43:00-05:00,100000.0,100000.0,0.0
2024-01-12 09:44:00-05:00,100000.0,100000.0,0.0
2024-01-12 09:45:00-05:00,100000.0,100000.0,0.0
2024-01-12 09:46:00-05:00,100000.0,100000.0,0.0
2024-01-12 09:47:00-05:00,100000.0,100000.0,0.0
2024-01-12 09:48:00-05:00,100000.0,100000.0,0.0
2024-01-12 09:49:00-05:00,100000.0,100000.0,0.0
2024-01-12 09:50:00-05:00,100000.0,100000.0,0.0
2024-01-12 09:51:00-05:00,100000.0,100000.0,0.0
2024-01-12 09:52:00-05:00,100000.0,100000.0,0.0
2024-01-12 09:53:00-05:00,100000.0,100000.0,0.0
2024-01-12 09:54:00-05:00,100000.0,100000.0,0.0
2024-01-12 09:55:00-05:00,100000.0,100000.0,0.0
2024-01-12 09:56:00-05:00,100000.0,100000.0,0.0
2024-01-12 09:57:00-05:00,100000.0,100000.0,0.0
2024-01-12 09:58:00-05:00,100000.0,100000.0,0.0
2024-01-12 09:59:00-05:00,100000.0,100000.0,0.0
2024-01-12 10:00:00-05:00,100000.0,100000.0,0.0
2024-01-12 10:01:00-05:00,100000.0,100000.0,0.0
2024-01-12 10:02:00-05:00,100000.0,100000.0,0.0
2024-01-12 10:03:00-05:00,100000.0,100000.0,0.0
2024-01-12 10:04:00-05:00,100000.0,100000.0,0.0
2024-01-12 10:05:00-05:00,100000.0,100000.0,0.0
2024-01-12 10:06:00-05:00,100000.0,100000.0,0.0
2024-01-12 10:07:00-05:00,100000.0,100000.0,0.0
2024-01-12 10:08:00-05:00,100000.0,100000.0,0.0
2024-01-12 10:09:00-05:00,100000.0,100000.0,0.0
2024-01-12 10:10:00-05:00,100000.0,100000.0,0.0
2024-01-12 10:11:00-05:00,100000.0,100000.0,0.0
2024-01-12 10:12:00-05:00,100000.0,100000.0,0.0
2024-01-12 10:13:00-05:00,100000.0,100000.0,0.0
2024-01-12 10:14:00-05:00,100000.0,100000.0,0.0
2024-01-12 10:15:00-05:00,100000.0,100000.0,0.0
2024-01-12 10:16:00-05:00,100000.0,100000.0,0.0
2024-01-12 10:17:00-05:00,100000.0,100000.0,0.0
2024-01-12 10:18:00-05:00,100000.0,100000.0,0.0
2024-01-12 10:19:00-05:00,100000.0,100000.0,0.0
2024-01-12 10:20:00-05:00,100000.0,100000.0,0.0
2024-01-12 10:21:00-05:00,100000.0,100000.0,0.0
2024-01-12 10:22:00-05:00,100000.0,100000.0,0.0
2024-01-12 10:23:00-05:00,100000.0,100000.0,0.0
2024-01-12 10:24:00-05:00,100000.0,100000.0,0.0
2024-01-12 10:25:00-05:00,100000.0,100000.0,0.0
2024-01-12 10:26:00-05:00,100000.0,100000.0,0.0
2024-01-12 10:27:00-05:00,100000.0,100000.0,0.0
2024-01-12 10:28:00-05:00,100000.0,100000.0,0.0
2024-01-12 10:29:00-05:00,100000.0,100000.0,0.0
2024-01-12 10:30:00-05:00,100000.0,100000.0,0.0
2024-01-12 10:31:00-05:00,100000.0,100000.0,0.0
2024-01-12 10:32:00-05:00,100000.0,100000.0,0.0
2024-01-12 10:33:00-05:00,100000.0,100000.0,0.0
2024-01-12 10:34:00-05:00,100000.0,100000.0,0.0
2024-01-12 10:35:00-05:00,100000.0,100000.0,0.0
2024-01-12 10:36:00-05:00,100000.0,100000.0,0.0
2024-01-12 10:37:00-05:00,100000.0,100000.0,0.0
2024-01-12 10:38:00-05:00,100000.0,100000.0,0.0
2024-01-12 10:39:00-05:00,100000.0,100000.0,0.0
2024-01-12 10:40:00-05:00,100000.0,100000.0,0.0
2024-01-12 10:41:00-05:00,100000.0,100000.0,0.0
2024-01-12 10:42:00-05:00,100000.0,100000.0,0.0
2024-01-12 10:43:00-05:00,100000.0,100000.0,0.0
2024-01-12 10:44:00-05:00,100000.0,100000.0,0.0
2024-01-12 10:45:00-05:00,100000.0,100000.0,0.0
2024-01-12 10:46:00-05:00,100000.0,100000.0,0.0
2024-01-12 10:47:00-05:00,100000.0,100000.0,0.0
2024-01-12 10:48:00-05:00,100000.0,100000.0,0.0
2024-01-12 10:49:00-05:00,100000.0,100000.0,0.0
2024-01-12 10:50:00-05:00,100000.0,100000.0,0.0
2024-01-12 10:51:00-05:00,100000.0,100000.0,0.0
2024-01-12 10:52:00-05:00,100000.0,100000.0,0.0
2024-01-12 10:53:00-05:00,100000.0,100000.0,0.0
2024-01-12 10:54:00-05:00,100000.0,100000.0,0.0
2024-01-12 10:55:00-05:00,100000.0,100000.0,0.0
2024-01-12 10:56:00-05:00,100000.0,100000.0,0.0
2024-01-12 10:57:00-05:00,100000.0,100000.0,0.0
2024-01-12 10:58:00-05:00,100000.0,100000.0,0.0
2024-01-12 10:59:00-05:00,100000.0,100000.0,0.0
2024-01-12 11:00:00-05:00,100000.0,100000.0,0.0
2024-01-12 11:01:00-05:00,100000.0,100000.0,0.0
2024-01-12 11:02:00-05:00,100000.0,100000.0,0.0
2024-01-12 11:03:00-05:00,100000.0,100000.0,0.0
2024-01-12 11:04:00-05:00,100000.0,100000.0,0.0
2024-01-12 11:05:00-05:00,100000.0,100000.0,0.0
2024-01-12 11:06:00-05:00,100000.0,100000.0,0.0
2024-01-12 11:07:00-05:00,100000.0,100000.0,0.0
2024-01-12 11:08:00-05:00,100000.0,100000.0,0.0
2024-01-12 11:09:00-05:00,100000.0,100000.0,0.0
2024-01-12 11:10:00-05:00,100000.0,100000.0,0.0
2024-01-12 11:11:00-05:00,100000.0,100000.0,0.0
2024-01-12 11:12:00-05:00,100000.0,100000.0,0.0
2024-01-12 11:13:00-05:00,100000.0,100000.0,0.0
2024-01-12 11:14:00-05:00,100000.0,100000.0,0.0
2024-01-12 11:15:00-05:00,100000.0,100000.0,0.0
2024-01-12 11:16:00-05:00,100000.0,100000.0,0.0
2024-01-12 11:17:00-05:00,100000.0,100000.0,0.0
2024-01-12 11:18:00-05:00,100000.0,100000.0,0.0
2024-01-12 11:19:00-05:00,100000.0,100000.0,0.0
2024-01-12 11:20:00-05:00,100000.0,100000.0,0.0
2024-01-12 11:21:00-05:00,100000.0,100000.0,0.0
2024-01-12 11:22:00-05:00,100000.0,100000.0,0.0
2024-01-12 11:23:00-05:00,100000.0,100000.0,0.0
2024-01-12 11:24:00-05:00,100000.0,100000.0,0.0
2024-01-12 11:25:00-05:00,100000.0,100000.0,0.0
2024-01-12 11:26:00-05:00,100000.0,100000.0,0.0
2024-01-12 11:27:00-05:00,100000.0,100000.0,0.0
2024-01-12 11:28:00-05:00,100000.0,100000.0,0.0
2024-01-12 11:29:00-05:00,100000.0,100000.0,0.0
2024-01-12 11:30:00-05:00,100000.0,100000.0,0.0
2024-01-12 11:31:00-05:00,100000.0,100000.0,0.0
2024-01-12 11:32:00-05:00,100000.0,100000.0,0.0
2024-01-12 11:33:00-05:00,100000.0,100000.0,0.0
2024-01-12 11:34:00-05:00,100000.0,100000.0,0.0
2024-01-12 11:35:00-05:00,100000.0,100000.0,0.0
2024-01-12 11:36:00-05:00,100000.0,100000.0,0.0
2024-01-12 11:37:00-05:00,100000.0,100000.0,0.0
2024-01-12 11:38:00-05:00,100000.0,100000.0,0.0
2024-01-12 11:39:00-05:00,100000.0,100000.0,0.0
2024-01-12 11:40:00-05:00,100000.0,100000.0,0.0
2024-01-12 11:41:00-05:00,100000.0,100000.0,0.0
2024-01-12 11:42:00-05:00,100000.0,100000.0,0.0
2024-01-12 11:43:00-05:00,100000.0,100000.0,0.0
2024-01-12 11:44:00-05:00,100000.0,100000.0,0.0
2024-01-12 11:45:00-05:00,100000.0,100000.0,0.0
2024-01-12 11:46:00-05:00,100000.0,100000.0,0.0
2024-01-12 11:47:00-05:00,100000.0,100000.0,0.0
2024-01-12 11:48:00-05:00,100000.0,100000.0,0.0
2024-01-12 11:49:00-05:00,100000.0,100000.0,0.0
2024-01-12 11:50:00-05:00,100000.0,100000.0,0.0
2024-01-12 11:51:00-05:00,100000.0,100000.0,0.0
2024-01-12 11:52:00-05:00,100000.0,100000.0,0.0
2024-01-12 11:53:00-05:00,100000.0,100000.0,0.0
2024-01-12 11:54:00-05:00,100000.0,100000.0,0.0
2024-01-12 11:55:00-05:00,100000.0,100000.0,0.0
2024-01-12 11:56:00-05:00,100000.0,100000.0,0.0
2024-01-12 11:57:00-05:00,100000.0,100000.0,0.0
2024-01-12 11:58:00-05:00,100000.0,100000.0,0.0
2024-01-12 11:59:00-05:00,100000.0,100000.0,0.0
2024-01-12 12:00:00-05:00,100000.0,100000.0,0.0
2024-01-12 12:01:00-05:00,100000.0,100000.0,0.0
2024-01-12 12:02:00-05:00,100000.0,100000.0,0.0
2024-01-12 12:03:00-05:00,100000.0,100000.0,0.0
2024-01-12 12:04:00-05:00,100000.0,100000.0,0.0
2024-01-12 12:05:00-05:00,100000.0,100000.0,0.0
2024-01-12 12:06:00-05:00,100000.0,100000.0,0.0
2024-01-12 12:07:00-05:00,100000.0,100000.0,0.0
2024-01-12 12:08:00-05:00,100000.0,100000.0,0.0
2024-01-12 12:09:00-05:00,100000.0,100000.0,0.0
2024-01-12 12:10:00-05:00,100000.0,100000.0,0.0
2024-01-12 12:11:00-05:00,100000.0,100000.0,0.0
2024-01-12 12:12:00-05:00,100000.0,100000.0,0.0
2024-01-12 12:13:00-05:00,100000.0,100000.0,0.0
2024-01-12 12:14:00-05:00,100000.0,100000.0,0.0
2024-01-12 12:15:00-05:00,100000.0,100000.0,0.0
2024-01-12 12:16:00-05:00,100000.0,100000.0,0.0
2024-01-12 12:17:00-05:00,100000.0,100000.0,0.0
2024-01-12 12:18:00-05:00,100000.0,100000.0,0.0
2024-01-12 12:19:00-05:00,100000.0,100000.0,0.0
2024-01-12 12:20:00-05:00,100000.0,100000.0,0.0
2024-01-12 12:21:00-05:00,100000.0,100000.0,0.0
2024-01-12 12:22:00-05:00,100000.0,100000.0,0.0
2024-01-12 12:23:00-05:00,100000.0,100000.0,0.0
2024-01-12 12:24:00-05:00,100000.0,100000.0,0.0
2024-01-12 12:25:00-05:00,100000.0,100000.0,0.0
2024-01-12 12:26:00-05:00,100000.0,100000.0,0.0
2024-01-12 12:27:00-05:00,100000.0,100000.0,0.0
2024-01-12 12:28:00-05:00,100000.0,100000.0,0.0
2024-01-12 12:29:00-05:00,100000.0,100000.0,0.0
2024-01-12 12:30:00-05:00,100000.0,100000.0,0.0
2024-01-12 12:31:00-05:00,100000.0,100000.0,0.0
2024-01-12 12:32:00-05:00,100000.0,100000.0,0.0
2024-01-12 12:33:00-05:00,100000.0,100000.0,0.0
2024-01-12 12:34:00-05:00,100000.0,100000.0,0.0
2024-01-12 12:35:00-05:00,100000.0,100000.0,0.0
2024-01-12 12:36:00-05:00,100000.0,100000.0,0.0
2024-01-12 12:37:00-05:00,100000.0,100000.0,0.0
2024-01-12 12:38:00-05:00,100000.0,100000.0,0.0
2024-01-12 12:39:00-05:00,100000.0,100000.0,0.0
2024-01-12 12:40:00-05:00,100000.0,100000.0,0.0
2024-01-12 12:41:00-05:00,100000.0,100000.0,0.0
2024-01-12 12:42:00-05:00,100000.0,100000.0,0.0
2024-01-12 12:43:00-05:00,100000.0,100000.0,0.0
2024-01-12 12:44:00-05:00,100000.0,100000.0,0.0
2024-01-12 12:45:00-05:00,100000.0,100000.0,0.0
2024-01-12 12:46:00-05:00,100000.0,100000.0,0.0
2024-01-12 12:47:00-05:00,100000.0,100000.0,0.0
2024-01-12 12:48:00-05:00,100000.0,100000.0,0.0
2024-01-12 12:49:00-05:00,100000.0,100000.0,0.0
2024-01-12 12:50:00-05:00,100000.0,100000.0,0.0
2024-01-12 12:51:00-05:00,100000.0,100000.0,0.0
2024-01-12 12:52:00-05:00,100000.0,100000.0,0.0
2024-01-12 12:53:00-05:00,100000.0,100000.0,0.0
2024-01-12 12:54:00-05:00,100000.0,100000.0,0.0
2024-01-12 12:55:00-05:00,100000.0,100000.0,0.0
2024-01-12 12:56:00-05:00,100000.0,100000.0,0.0
2024-01-12 12:57:00-05:00,100000.0,100000.0,0.0
2024-01-12 12:58:00-05:00,100000.0,100000.0,0.0
2024-01-12 12:59:00-05:00,100000.0,100000.0,0.0
2024-01-12 13:00:00-05:00,100000.0,100000.0,0.0
2024-01-12 13:01:00-05:00,100000.0,100000.0,0.0
2024-01-12 13:02:00-05:00,100000.0,100000.0,0.0
2024-01-12 13:03:00-05:00,100000.0,100000.0,0.0
2024-01-12 13:04:00-05:00,100000.0,100000.0,0.0
2024-01-12 13:05:00-05:00,100000.0,100000.0,0.0
2024-01-12 13:06:00-05:00,100000.0,100000.0,0.0
2024-01-12 13:07:00-05:00,100000.0,100000.0,0.0
2024-01-12 13:08:00-05:00,100000.0,100000.0,0.0
2024-01-12 13:09:00-05:00,100000.0,100000.0,0.0
2024-01-12 13:10:00-05:00,100000.0,100000.0,0.0
2024-01-12 13:11:00-05:00,100000.0,100000.0,0.0
2024-01-12 13:12:00-05:00,100000.0,100000.0,0.0
2024-01-12 13:13:00-05:00,100000.0,100000.0,0.0
2024-01-12 13:14:00-05:00,100000.0,100000.0,0.0
2024-01-12 13:15:00-05:00,100000.0,100000.0,0.0
2024-01-12 13:16:00-05:00,100000.0,100000.0,0.0
2024-01-12 13:17:00-05:00,100000.0,100000.0,0.0
2024-01-12 13:18:00-05:00,100000.0,100000.0,0.0
2024-01-12 13:19:00-05:00,100000.0,100000.0,0.0
2024-01-12 13:20:00-05:00,100000.0,100000.0,0.0
2024-01-12 13:21:00-05:00,100000.0,100000.0,0.0
2024-01-12 13:22:00-05:00,100000.0,100000.0,0.0
2024-01-12 13:23:00-05:00,100000.0,100000.0,0.0
2024-01-12 13:24:00-05:00,100000.0,100000.0,0.0
2024-01-12 13:25:00-05:00,100000.0,100000.0,0.0
2024-01-12 13:26:00-05:00,100000.0,100000.0,0.0
2024-01-12 13:27:00-05:00,100000.0,100000.0,0.0
2024-01-12 13:28:00-05:00,100000.0,100000.0,0.0
2024-01-12 13:29:00-05:00,100000.0,100000.0,0.0
2024-01-12 13:30:00-05:00,100000.0,100000.0,0.0
2024-01-12 13:31:00-05:00,100000.0,100000.0,0.0
2024-01-12 13:32:00-05:00,100000.0,100000.0,0.0
2024-01-12 13:33:00-05:00,100000.0,100000.0,0.0
2024-01-12 13:34:00-05:00,100000.0,100000.0,0.0
2024-01-12 13:35:00-05:00,100000.0,100000.0,0.0
2024-01-12 13:36:00-05:00,100000.0,100000.0,0.0
2024-01-12 13:37:00-05:00,100000.0,100000.0,0.0
2024-01-12 13:38:00-05:00,100000.0,100000.0,0.0
2024-01-12 13:39:00-05:00,100000.0,100000.0,0.0
2024-01-12 13:40:00-05:00,100000.0,100000.0,0.0
2024-01-12 13:41:00-05:00,100000.0,100000.0,0.0
2024-01-12 13:42:00-05:00,100000.0,100000.0,0.0
2024-01-12 13:43:00-05:00,100000.0,100000.0,0.0
2024-01-12 13:44:00-05:00,100000.0,100000.0,0.0
2024-01-12 13:45:00-05:00,100000.0,100000.0,0.0
2024-01-12 13:46:00-05:00,100000.0,100000.0,0.0
2024-01-12 13:47:00-05:00,100000.0,100000.0,0.0
2024-01-12 13:48:00-05:00,100000.0,100000.0,0.0
2024-01-12 13:49:00-05:00,100000.0,100000.0,0.0
2024-01-12 13:50:00-05:00,100000.0,100000.0,0.0
2024-01-12 13:51:00-05:00,100000.0,100000.0,0.0
2024-01-12 13:52:00-05:00,100000.0,100000.0,0.0
2024-01-12 13:53:00-05:00,100000.0,100000.0,0.0
2024-01-12 13:54:00-05:00,100000.0,100000.0,0.0
2024-01-12 13:55:00-05:00,100000.0,100000.0,0.0
2024-01-12 13:56:00-05:00,100000.0,100000.0,0.0
2024-01-12 13:57:00-05:00,100000.0,100000.0,0.0
2024-01-12 13:58:00-05:00,100000.0,100000.0,0.0
2024-01-12 13:59:00-05:00,100000.0,100000.0,0.0
2024-01-12 14:00:00-05:00,100000.0,100000.0,0.0
2024-01-12 14:01:00-05:00,100000.0,100000.0,0.0
2024-01-12 14:02:00-05:00,100000.0,100000.0,0.0
2024-01-12 14:03:00-05:00,100000.0,100000.0,0.0
2024-01-12 14:04:00-05:00,100000.0,100000.0,0.0
2024-01-12 14:05:00-05:00,100000.0,100000.0,0.0
2024-01-12 14:06:00-05:00,100000.0,100000.0,0.0
2024-01-12 14:07:00-05:00,100000.0,100000.0,0.0
2024-01-12 14:08:00-05:00,100000.0,100000.0,0.0
2024-01-12 14:09:00-05:00,100000.0,100000.0,0.0
2024-01-12 14:10:00-05:00,100000.0,100000.0,0.0
2024-01-12 14:11:00-05:00,100000.0,100000.0,0.0
2024-01-12 14:12:00-05:00,100000.0,100000.0,0.0
2024-01-12 14:13:00-05:00,100000.0,100000.0,0.0
2024-01-12 14:14:00-05:00,100000.0,100000.0,0.0
2024-01-12 14:15:00-05:00,100000.0,100000.0,0.0
2024-01-12 14:16:00-05:00,100000.0,100000.0,0.0
2024-01-12 14:17:00-05:00,100000.0,100000.0,0.0
2024-01-12 14:18:00-05:00,100000.0,100000.0,0.0
2024-01-12 14:19:00-05:00,100000.0,100000.0,0.0
2024-01-12 14:20:00-05:00,100000.0,100000.0,0.0
2024-01-12 14:21:00-05:00,100000.0,100000.0,0.0
2024-01-12 14:22:00-05:00,100000.0,100000.0,0.0
2024-01-12 14:23:00-05:00,100000.0,100000.0,0.0
2024-01-12 14:24:00-05:00,100000.0,100000.0,0.0
2024-01-12 14:25:00-05:00,100000.0,100000.0,0.0
2024-01-12 14:26:00-05:00,100000.0,100000.0,0.0
2024-01-12 14:27:00-05:00,100000.0,100000.0,0.0
2024-01-12 14:28:00-05:00,100000.0,100000.0,0.0
2024-01-12 14:29:00-05:00,100000.0,100000.0,0.0
2024-01-12 14:30:00-05:00,100000.0,100000.0,0.0
2024-01-12 14:31:00-05:00,100000.0,100000.0,0.0
2024-01-12 14:32:00-05:00,100000.0,100000.0,0.0
2024-01-12 14:33:00-05:00,100000.0,100000.0,0.0
2024-01-12 14:34:00-05:00,100000.0,100000.0,0.0
2024-01-12 14:35:00-05:00,100000.0,100000.0,0.0
2024-01-12 14:36:00-05:00,100000.0,100000.0,0.0
2024-01-12 14:37:00-05:00,100000.0,100000.0,0.0
2024-01-12 14:38:00-05:00,100000.0,100000.0,0.0
2024-01-12 14:39:00-05:00,100000.0,100000.0,0.0
2024-01-12 14:40:00-05:00,100000.0,100000.0,0.0
2024-01-12 14:41:00-05:00,100000.0,100000.0,0.0
2024-01-12 14:42:00-05:00,100000.0,100000.0,0.0
2024-01-12 14:43:00-05:00,100000.0,100000.0,0.0
2024-01-12 14:44:00-05:00,100000.0,100000.0,0.0
2024-01-12 14:45:00-05:00,100000.0,100000.0,0.0
2024-01-12 14:46:00-05:00,100000.0,100000.0,0.0
2024-01-12 14:47:00-05:00,100000.0,100000.0,0.0
2024-01-12 14:48:00-05:00,100000.0,100000.0,0.0
2024-01-12 14:49:00-05:00,100000.0,100000.0,0.0
2024-01-12 14:50:00-05:00,100000.0,100000.0,0.0
2024-01-12 14:51:00-05:00,100000.0,100000.0,0.0
2024-01-12 14:52:00-05:00,100000.0,100000.0,0.0
2024-01-12 14:53:00-05:00,100000.0,100000.0,0.0
2024-01-12 14:54:00-05:00,100000.0,100000.0,0.0
2024-01-12 14:55:00-05:00,100000.0,100000.0,0.0
2024-01-12 14:56:00-05:00,100000.0,100000.0,0.0
2024-01-12 14:57:00-05:00,100000.0,100000.0,0.0
2024-01-12 14:58:00-05:00,100000.0,100000.0,0.0
2024-01-12 14:59:00-05:00,100000.0,100000.0,0.0
2024-01-12 15:00:00-05:00,100000.0,100000.0,0.0
2024-01-12 15:01:00-05:00,100000.0,100000.0,0.0
2024-01-12 15:02:00-05:00,100000.0,100000.0,0.0
2024-01-12 15:03:00-05:00,100000.0,100000.0,0.0
2024-01-12 15:04:00-05:00,100000.0,100000.0,0.0
2024-01-12 15:05:00-05:00,100000.0,100000.0,0.0
2024-01-12 15:06:00-05:00,100000.0,100000.0,0.0
2024-01-12 15:07:00-05:00,100000.0,100000.0,0.0
2024-01-12 15:08:00-05:00,100000.0,100000.0,0.0
2024-01-12 15:09:00-05:00,100000.0,100000.0,0.0
2024-01-12 15:10:00-05:00,100000.0,100000.0,0.0
2024-01-12 15:11:00-05:00,100000.0,100000.0,0.0
2024-01-12 15:12:00-05:00,100000.0,100000.0,0.0
2024-01-12 15:13:00-05:00,100000.0,100000.0,0.0
2024-01-12 15:14:00-05:00,100000.0,100000.0,0.0
2024-01-12 15:15:00-05:00,100000.0,100000.0,0.0
2024-01-12 15:16:00-05:00,100000.0,100000.0,0.0
2024-01-12 15:17:00-05:00,100000.0,100000.0,0.0
2024-01-12 15:18:00-05:00,100000.0,100000.0,0.0
2024-01-12 15:19:00-05:00,100000.0,100000.0,0.0
2024-01-12 15:20:00-05:00,100000.0,100000.0,0.0
2024-01-12 15:21:00-05:00,100000.0,100000.0,0.0
2024-01-12 15:22:00-05:00,100000.0,100000.0,0.0
2024-01-12 15:23:00-05:00,100000.0,100000.0,0.0
2024-01-12 15:24:00-05:00,100000.0,100000.0,0.0
2024-01-12 15:25:00-05:00,100000.0,100000.0,0.0
2024-01-12 15:26:00-05:00,100000.0,100000.0,0.0
2024-01-12 15:27:00-05:00,100000.0,100000.0,0.0
2024-01-12 15:28:00-05:00,100000.0,100000.0,0.0
2024-01-12 15:29:00-05:00,100000.0,100000.0,0.0
2024-01-12 15:30:00-05:00,100000.0,100000.0,0.0
2024-01-12 15:31:00-05:00,100000.0,100000.0,0.0
2024-01-12 15:32:00-05:00,100000.0,100000.0,0.0
2024-01-12 15:33:00-05:00,100000.0,100000.0,0.0
2024-01-12 15:34:00-05:00,100000.0,100000.0,0.0
2024-01-12 15:35:00-05:00,100000.0,100000.0,0.0
2024-01-12 15:36:00-05:00,100000.0,100000.0,0.0
2024-01-12 15:37:00-05:00,100000.0,100000.0,0.0
2024-01-12 15:38:00-05:00,100000.0,100000.0,0.0
2024-01-12 15:39:00-05:00,100000.0,100000.0,0.0
2024-01-12 15:40:00-05:00,100000.0,100000.0,0.0
2024-01-12 15:41:00-05:00,100000.0,100000.0,0.0
2024-01-12 15:42:00-05:00,100000.0,100000.0,0.0
2024-01-12 15:43:00-05:00,100000.0,100000.0,0.0
2024-01-12 15:44:00-05:00,100000.0,100000.0,0.0
2024-01-12 15:45:00-05:00,100000.0,100000.0,0.0
2024-01-12 15:46:00-05:00,100000.0,100000.0,0.0
2024-01-12 15:47:00-05:00,100000.0,100000.0,0.0
2024-01-12 15:48:00-05:00,100000.0,100000.0,0.0
2024-01-12 15:49:00-05:00,100000.0,100000.0,0.0
2024-01-12 15:50:00-05:00,100000.0,100000.0,0.0
2024-01-12 15:51:00-05:00,100000.0,100000.0,0.0
2024-01-12 15:52:00-05:00,100000.0,100000.0,0.0
2024-01-12 15:53:00-05:00,100000.0,100000.0,0.0
2024-01-12 15:54:00-05:00,100000.0,100000.0,0.0
2024-01-12 15:55:00-05:00,100000.0,100000.0,0.0
2024-01-12 15:56:00-05:00,100000.0,100000.0,0.0
2024-01-12 15:57:00-05:00,100000.0,100000.0,0.0
2024-01-12 15:58:00-05:00,100000.0,100000.0,0.0
2024-01-12 15:59:00-05:00,100000.0,100000.0,0.0
