datetime,portfolio_value,cash,return
2024-01-22 09:30:00-05:00,100000.0,100000.0,
2024-01-22 09:31:00-05:00,100000.0,100000.0,0.0
2024-01-22 09:32:00-05:00,100000.0,100000.0,0.0
2024-01-22 09:33:00-05:00,100000.0,100000.0,0.0
2024-01-22 09:34:00-05:00,100000.0,100000.0,0.0
2024-01-22 09:35:00-05:00,100000.0,100000.0,0.0
2024-01-22 09:36:00-05:00,100000.0,100000.0,0.0
2024-01-22 09:37:00-05:00,100000.0,100000.0,0.0
2024-01-22 09:38:00-05:00,100000.0,100000.0,0.0
2024-01-22 09:39:00-05:00,100000.0,100000.0,0.0
2024-01-22 09:40:00-05:00,100000.0,100000.0,0.0
2024-01-22 09:41:00-05:00,100000.0,100000.0,0.0
2024-01-22 09:42:00-05:00,100000.0,100000.0,0.0
2024-01-22 09:43:00-05:00,100000.0,100000.0,0.0
2024-01-22 09:44:00-05:00,100000.0,100000.0,0.0
2024-01-22 09:45:00-05:00,100000.0,100000.0,0.0
2024-01-22 09:46:00-05:00,100000.0,100000.0,0.0
2024-01-22 09:47:00-05:00,100000.0,100000.0,0.0
2024-01-22 09:48:00-05:00,100000.0,100000.0,0.0
2024-01-22 09:49:00-05:00,100000.0,100000.0,0.0
2024-01-22 09:50:00-05:00,100000.0,100000.0,0.0
2024-01-22 09:51:00-05:00,100000.0,100000.0,0.0
2024-01-22 09:52:00-05:00,100000.0,100000.0,0.0
2024-01-22 09:53:00-05:00,100000.0,100000.0,0.0
2024-01-22 09:54:00-05:00,100000.0,100000.0,0.0
2024-01-22 09:55:00-05:00,100000.0,100000.0,0.0
2024-01-22 09:56:00-05:00,100000.0,100000.0,0.0
2024-01-22 09:57:00-05:00,100000.0,100000.0,0.0
2024-01-22 09:58:00-05:00,100000.0,100000.0,0.0
2024-01-22 09:59:00-05:00,100000.0,100000.0,0.0
2024-01-22 10:00:00-05:00,100000.0,100000.0,0.0
2024-01-22 10:01:00-05:00,100000.0,100000.0,0.0
2024-01-22 10:02:00-05:00,100000.0,100000.0,0.0
2024-01-22 10:03:00-05:00,100000.0,100000.0,0.0
2024-01-22 10:04:00-05:00,100000.0,100000.0,0.0
2024-01-22 10:05:00-05:00,100000.0,100000.0,0.0
2024-01-22 10:06:00-05:00,100000.0,100000.0,0.0
2024-01-22 10:07:00-05:00,100000.0,100000.0,0.0
2024-01-22 10:08:00-05:00,100000.0,100000.0,0.0
2024-01-22 10:09:00-05:00,100000.0,100000.0,0.0
2024-01-22 10:10:00-05:00,100000.0,100000.0,0.0
2024-01-22 10:11:00-05:00,100000.0,100000.0,0.0
2024-01-22 10:12:00-05:00,100000.0,100000.0,0.0
2024-01-22 10:13:00-05:00,100000.0,100000.0,0.0
2024-01-22 10:14:00-05:00,100000.0,100000.0,0.0
2024-01-22 10:15:00-05:00,100000.0,100000.0,0.0
2024-01-22 10:16:00-05:00,100000.0,100000.0,0.0
2024-01-22 10:17:00-05:00,100000.0,100000.0,0.0
2024-01-22 10:18:00-05:00,100000.0,100000.0,0.0
2024-01-22 10:19:00-05:00,100000.0,100000.0,0.0
2024-01-22 10:20:00-05:00,100000.0,100000.0,0.0
2024-01-22 10:21:00-05:00,100000.0,100000.0,0.0
2024-01-22 10:22:00-05:00,100000.0,100000.0,0.0
2024-01-22 10:23:00-05:00,100000.0,100000.0,0.0
2024-01-22 10:24:00-05:00,100000.0,100000.0,0.0
2024-01-22 10:25:00-05:00,100000.0,100000.0,0.0
2024-01-22 10:26:00-05:00,100000.0,100000.0,0.0
2024-01-22 10:27:00-05:00,100000.0,100000.0,0.0
2024-01-22 10:28:00-05:00,100000.0,100000.0,0.0
2024-01-22 10:29:00-05:00,100000.0,100000.0,0.0
2024-01-22 10:30:00-05:00,100000.0,100000.0,0.0
2024-01-22 10:31:00-05:00,100000.0,100000.0,0.0
2024-01-22 10:32:00-05:00,100000.0,100000.0,0.0
2024-01-22 10:33:00-05:00,100000.0,100000.0,0.0
2024-01-22 10:34:00-05:00,100000.0,100000.0,0.0
2024-01-22 10:35:00-05:00,100000.0,100000.0,0.0
2024-01-22 10:36:00-05:00,100000.0,100000.0,0.0
2024-01-22 10:37:00-05:00,100000.0,100000.0,0.0
2024-01-22 10:38:00-05:00,100000.0,100000.0,0.0
2024-01-22 10:39:00-05:00,100000.0,100000.0,0.0
2024-01-22 10:40:00-05:00,100000.0,100000.0,0.0
2024-01-22 10:41:00-05:00,100000.0,100000.0,0.0
2024-01-22 10:42:00-05:00,100000.0,100000.0,0.0
2024-01-22 10:43:00-05:00,100000.0,100000.0,0.0
2024-01-22 10:44:00-05:00,100000.0,100000.0,0.0
2024-01-22 10:45:00-05:00,100000.0,100000.0,0.0
2024-01-22 10:46:00-05:00,100000.0,100000.0,0.0
2024-01-22 10:47:00-05:00,100000.0,100000.0,0.0
2024-01-22 10:48:00-05:00,100000.0,100000.0,0.0
2024-01-22 10:49:00-05:00,100000.0,100000.0,0.0
2024-01-22 10:50:00-05:00,100000.0,100000.0,0.0
2024-01-22 10:51:00-05:00,100000.0,100000.0,0.0
2024-01-22 10:52:00-05:00,100000.0,100000.0,0.0
2024-01-22 10:53:00-05:00,100000.0,100000.0,0.0
2024-01-22 10:54:00-05:00,100000.0,100000.0,0.0
2024-01-22 10:55:00-05:00,100000.0,100000.0,0.0
2024-01-22 10:56:00-05:00,100000.0,100000.0,0.0
2024-01-22 10:57:00-05:00,100000.0,100000.0,0.0
2024-01-22 10:58:00-05:00,100000.0,100000.0,0.0
2024-01-22 10:59:00-05:00,100000.0,100000.0,0.0
2024-01-22 11:00:00-05:00,100000.0,100000.0,0.0
2024-01-22 11:01:00-05:00,100000.0,100000.0,0.0
2024-01-22 11:02:00-05:00,100000.0,100000.0,0.0
2024-01-22 11:03:00-05:00,100000.0,100000.0,0.0
2024-01-22 11:04:00-05:00,100000.0,100000.0,0.0
2024-01-22 11:05:00-05:00,100000.0,100000.0,0.0
2024-01-22 11:06:00-05:00,100000.0,100000.0,0.0
2024-01-22 11:07:00-05:00,100000.0,100000.0,0.0
2024-01-22 11:08:00-05:00,100000.0,100000.0,0.0
2024-01-22 11:09:00-05:00,100000.0,100000.0,0.0
2024-01-22 11:10:00-05:00,100000.0,100000.0,0.0
2024-01-22 11:11:00-05:00,100000.0,100000.0,0.0
2024-01-22 11:12:00-05:00,100000.0,100000.0,0.0
2024-01-22 11:13:00-05:00,100000.0,100000.0,0.0
2024-01-22 11:14:00-05:00,100000.0,100000.0,0.0
2024-01-22 11:15:00-05:00,100000.0,100000.0,0.0
2024-01-22 11:16:00-05:00,100000.0,100000.0,0.0
2024-01-22 11:17:00-05:00,100000.0,100000.0,0.0
2024-01-22 11:18:00-05:00,100000.0,100000.0,0.0
2024-01-22 11:19:00-05:00,100000.0,100000.0,0.0
2024-01-22 11:20:00-05:00,100000.0,100000.0,0.0
2024-01-22 11:21:00-05:00,100000.0,100000.0,0.0
2024-01-22 11:22:00-05:00,100000.0,100000.0,0.0
2024-01-22 11:23:00-05:00,100000.0,100000.0,0.0
2024-01-22 11:24:00-05:00,100000.0,100000.0,0.0
2024-01-22 11:25:00-05:00,100000.0,100000.0,0.0
2024-01-22 11:26:00-05:00,100000.0,100000.0,0.0
2024-01-22 11:27:00-05:00,100000.0,100000.0,0.0
2024-01-22 11:28:00-05:00,100000.0,100000.0,0.0
2024-01-22 11:29:00-05:00,100000.0,100000.0,0.0
2024-01-22 11:30:00-05:00,100000.0,100000.0,0.0
2024-01-22 11:31:00-05:00,100000.0,100000.0,0.0
2024-01-22 11:32:00-05:00,100000.0,100000.0,0.0
2024-01-22 11:33:00-05:00,100000.0,100000.0,0.0
2024-01-22 11:34:00-05:00,100000.0,100000.0,0.0
2024-01-22 11:35:00-05:00,100000.0,100000.0,0.0
2024-01-22 11:36:00-05:00,100000.0,100000.0,0.0
2024-01-22 11:37:00-05:00,100000.0,100000.0,0.0
2024-01-22 11:38:00-05:00,100000.0,100000.0,0.0
2024-01-22 11:39:00-05:00,100000.0,100000.0,0.0
2024-01-22 11:40:00-05:00,100000.0,100000.0,0.0
2024-01-22 11:41:00-05:00,100000.0,100000.0,0.0
2024-01-22 11:42:00-05:00,100000.0,100000.0,0.0
2024-01-22 11:43:00-05:00,100000.0,100000.0,0.0
2024-01-22 11:44:00-05:00,100000.0,100000.0,0.0
2024-01-22 11:45:00-05:00,100000.0,100000.0,0.0
2024-01-22 11:46:00-05:00,100000.0,100000.0,0.0
2024-01-22 11:47:00-05:00,100000.0,100000.0,0.0
2024-01-22 11:48:00-05:00,100000.0,100000.0,0.0
2024-01-22 11:49:00-05:00,100000.0,100000.0,0.0
2024-01-22 11:50:00-05:00,100000.0,100000.0,0.0
2024-01-22 11:51:00-05:00,100000.0,100000.0,0.0
2024-01-22 11:52:00-05:00,100000.0,100000.0,0.0
2024-01-22 11:53:00-05:00,100000.0,100000.0,0.0
2024-01-22 11:54:00-05:00,100000.0,100000.0,0.0
2024-01-22 11:55:00-05:00,100000.0,100000.0,0.0
2024-01-22 11:56:00-05:00,100000.0,100000.0,0.0
2024-01-22 11:57:00-05:00,100000.0,100000.0,0.0
2024-01-22 11:58:00-05:00,100000.0,100000.0,0.0
2024-01-22 11:59:00-05:00,100000.0,100000.0,0.0
2024-01-22 12:00:00-05:00,100000.0,100000.0,0.0
2024-01-22 12:01:00-05:00,100000.0,100000.0,0.0
2024-01-22 12:02:00-05:00,100000.0,100000.0,0.0
2024-01-22 12:03:00-05:00,100000.0,100000.0,0.0
2024-01-22 12:04:00-05:00,100000.0,100000.0,0.0
2024-01-22 12:05:00-05:00,100000.0,100000.0,0.0
2024-01-22 12:06:00-05:00,100000.0,100000.0,0.0
2024-01-22 12:07:00-05:00,100000.0,100000.0,0.0
2024-01-22 12:08:00-05:00,100000.0,100000.0,0.0
2024-01-22 12:09:00-05:00,100000.0,100000.0,0.0
2024-01-22 12:10:00-05:00,100000.0,100000.0,0.0
2024-01-22 12:11:00-05:00,100000.0,100000.0,0.0
2024-01-22 12:12:00-05:00,100000.0,100000.0,0.0
2024-01-22 12:13:00-05:00,100000.0,100000.0,0.0
2024-01-22 12:14:00-05:00,100000.0,100000.0,0.0
2024-01-22 12:15:00-05:00,100000.0,100000.0,0.0
2024-01-22 12:16:00-05:00,100000.0,100000.0,0.0
2024-01-22 12:17:00-05:00,100000.0,100000.0,0.0
2024-01-22 12:18:00-05:00,100000.0,100000.0,0.0
2024-01-22 12:19:00-05:00,100000.0,100000.0,0.0
2024-01-22 12:20:00-05:00,100000.0,100000.0,0.0
2024-01-22 12:21:00-05:00,100000.0,100000.0,0.0
2024-01-22 12:22:00-05:00,100000.0,100000.0,0.0
2024-01-22 12:23:00-05:00,100000.0,100000.0,0.0
2024-01-22 12:24:00-05:00,100000.0,100000.0,0.0
2024-01-22 12:25:00-05:00,100000.0,100000.0,0.0
2024-01-22 12:26:00-05:00,100000.0,100000.0,0.0
2024-01-22 12:27:00-05:00,100000.0,100000.0,0.0
2024-01-22 12:28:00-05:00,100000.0,100000.0,0.0
2024-01-22 12:29:00-05:00,100000.0,100000.0,0.0
2024-01-22 12:30:00-05:00,100000.0,100000.0,0.0
2024-01-22 12:31:00-05:00,100000.0,100000.0,0.0
2024-01-22 12:32:00-05:00,100000.0,100000.0,0.0
2024-01-22 12:33:00-05:00,100000.0,100000.0,0.0
2024-01-22 12:34:00-05:00,100000.0,100000.0,0.0
2024-01-22 12:35:00-05:00,100000.0,100000.0,0.0
2024-01-22 12:36:00-05:00,100000.0,100000.0,0.0
2024-01-22 12:37:00-05:00,100000.0,100000.0,0.0
2024-01-22 12:38:00-05:00,100000.0,100000.0,0.0
2024-01-22 12:39:00-05:00,100000.0,100000.0,0.0
2024-01-22 12:40:00-05:00,100000.0,100000.0,0.0
2024-01-22 12:41:00-05:00,100000.0,100000.0,0.0
2024-01-22 12:42:00-05:00,100000.0,100000.0,0.0
2024-01-22 12:43:00-05:00,100000.0,100000.0,0.0
2024-01-22 12:44:00-05:00,100000.0,100000.0,0.0
2024-01-22 12:45:00-05:00,100000.0,100000.0,0.0
2024-01-22 12:46:00-05:00,100000.0,100000.0,0.0
2024-01-22 12:47:00-05:00,100000.0,100000.0,0.0
2024-01-22 12:48:00-05:00,100000.0,100000.0,0.0
2024-01-22 12:49:00-05:00,100000.0,100000.0,0.0
2024-01-22 12:50:00-05:00,100000.0,100000.0,0.0
2024-01-22 12:51:00-05:00,100000.0,100000.0,0.0
2024-01-22 12:52:00-05:00,100000.0,100000.0,0.0
2024-01-22 12:53:00-05:00,100000.0,100000.0,0.0
2024-01-22 12:54:00-05:00,100000.0,100000.0,0.0
2024-01-22 12:55:00-05:00,100000.0,100000.0,0.0
2024-01-22 12:56:00-05:00,100000.0,100000.0,0.0
2024-01-22 12:57:00-05:00,100000.0,100000.0,0.0
2024-01-22 12:58:00-05:00,100000.0,100000.0,0.0
2024-01-22 12:59:00-05:00,100000.0,100000.0,0.0
2024-01-22 13:00:00-05:00,100000.0,100000.0,0.0
2024-01-22 13:01:00-05:00,100000.0,100000.0,0.0
2024-01-22 13:02:00-05:00,100000.0,100000.0,0.0
2024-01-22 13:03:00-05:00,100000.0,100000.0,0.0
2024-01-22 13:04:00-05:00,100000.0,100000.0,0.0
2024-01-22 13:05:00-05:00,100000.0,100000.0,0.0
2024-01-22 13:06:00-05:00,100000.0,100000.0,0.0
2024-01-22 13:07:00-05:00,100000.0,100000.0,0.0
2024-01-22 13:08:00-05:00,100000.0,100000.0,0.0
2024-01-22 13:09:00-05:00,100000.0,100000.0,0.0
2024-01-22 13:10:00-05:00,100000.0,100000.0,0.0
2024-01-22 13:11:00-05:00,100000.0,100000.0,0.0
2024-01-22 13:12:00-05:00,100000.0,100000.0,0.0
2024-01-22 13:13:00-05:00,100000.0,100000.0,0.0
2024-01-22 13:14:00-05:00,100000.0,100000.0,0.0
2024-01-22 13:15:00-05:00,100000.0,100000.0,0.0
2024-01-22 13:16:00-05:00,100000.0,100000.0,0.0
2024-01-22 13:17:00-05:00,100000.0,100000.0,0.0
2024-01-22 13:18:00-05:00,100000.0,100000.0,0.0
2024-01-22 13:19:00-05:00,100000.0,100000.0,0.0
2024-01-22 13:20:00-05:00,100000.0,100000.0,0.0
2024-01-22 13:21:00-05:00,100000.0,100000.0,0.0
2024-01-22 13:22:00-05:00,100000.0,100000.0,0.0
2024-01-22 13:23:00-05:00,100000.0,100000.0,0.0
2024-01-22 13:24:00-05:00,100000.0,100000.0,0.0
2024-01-22 13:25:00-05:00,100000.0,100000.0,0.0
2024-01-22 13:26:00-05:00,100000.0,100000.0,0.0
2024-01-22 13:27:00-05:00,100000.0,100000.0,0.0
2024-01-22 13:28:00-05:00,100000.0,100000.0,0.0
2024-01-22 13:29:00-05:00,100000.0,100000.0,0.0
2024-01-22 13:30:00-05:00,100000.0,100000.0,0.0
2024-01-22 13:31:00-05:00,100000.0,100000.0,0.0
2024-01-22 13:32:00-05:00,100000.0,100000.0,0.0
2024-01-22 13:33:00-05:00,100000.0,100000.0,0.0
2024-01-22 13:34:00-05:00,100000.0,100000.0,0.0
2024-01-22 13:35:00-05:00,100000.0,100000.0,0.0
2024-01-22 13:36:00-05:00,100000.0,100000.0,0.0
2024-01-22 13:37:00-05:00,100000.0,100000.0,0.0
2024-01-22 13:38:00-05:00,100000.0,100000.0,0.0
2024-01-22 13:39:00-05:00,100000.0,100000.0,0.0
2024-01-22 13:40:00-05:00,100000.0,100000.0,0.0
2024-01-22 13:41:00-05:00,100000.0,100000.0,0.0
2024-01-22 13:42:00-05:00,100000.0,100000.0,0.0
2024-01-22 13:43:00-05:00,100000.0,100000.0,0.0
2024-01-22 13:44:00-05:00,100000.0,100000.0,0.0
2024-01-22 13:45:00-05:00,100000.0,100000.0,0.0
2024-01-22 13:46:00-05:00,100000.0,100000.0,0.0
2024-01-22 13:47:00-05:00,100000.0,100000.0,0.0
2024-01-22 13:48:00-05:00,100000.0,100000.0,0.0
2024-01-22 13:49:00-05:00,100000.0,100000.0,0.0
2024-01-22 13:50:00-05:00,100000.0,100000.0,0.0
2024-01-22 13:51:00-05:00,100000.0,100000.0,0.0
2024-01-22 13:52:00-05:00,100000.0,100000.0,0.0
2024-01-22 13:53:00-05:00,100000.0,100000.0,0.0
2024-01-22 13:54:00-05:00,100000.0,100000.0,0.0
2024-01-22 13:55:00-05:00,100000.0,100000.0,0.0
2024-01-22 13:56:00-05:00,100000.0,100000.0,0.0
2024-01-22 13:57:00-05:00,100000.0,100000.0,0.0
2024-01-22 13:58:00-05:00,100000.0,100000.0,0.0
2024-01-22 13:59:00-05:00,100000.0,100000.0,0.0
2024-01-22 14:00:00-05:00,100000.0,100000.0,0.0
2024-01-22 14:01:00-05:00,100000.0,100000.0,0.0
2024-01-22 14:02:00-05:00,100000.0,100000.0,0.0
2024-01-22 14:03:00-05:00,100000.0,100000.0,0.0
2024-01-22 14:04:00-05:00,100000.0,100000.0,0.0
2024-01-22 14:05:00-05:00,100000.0,100000.0,0.0
2024-01-22 14:06:00-05:00,100000.0,100000.0,0.0
2024-01-22 14:07:00-05:00,100000.0,100000.0,0.0
2024-01-22 14:08:00-05:00,100000.0,100000.0,0.0
2024-01-22 14:09:00-05:00,100000.0,100000.0,0.0
2024-01-22 14:10:00-05:00,100000.0,100000.0,0.0
2024-01-22 14:11:00-05:00,100000.0,100000.0,0.0
2024-01-22 14:12:00-05:00,100000.0,100000.0,0.0
2024-01-22 14:13:00-05:00,100000.0,100000.0,0.0
2024-01-22 14:14:00-05:00,100000.0,100000.0,0.0
2024-01-22 14:15:00-05:00,100000.0,100000.0,0.0
2024-01-22 14:16:00-05:00,100000.0,100000.0,0.0
2024-01-22 14:17:00-05:00,100000.0,100000.0,0.0
2024-01-22 14:18:00-05:00,100000.0,100000.0,0.0
2024-01-22 14:19:00-05:00,100000.0,100000.0,0.0
2024-01-22 14:20:00-05:00,100000.0,100000.0,0.0
2024-01-22 14:21:00-05:00,100000.0,100000.0,0.0
2024-01-22 14:22:00-05:00,100000.0,100000.0,0.0
2024-01-22 14:23:00-05:00,100000.0,100000.0,0.0
2024-01-22 14:24:00-05:00,100000.0,100000.0,0.0
2024-01-22 14:25:00-05:00,100000.0,100000.0,0.0
2024-01-22 14:26:00-05:00,100000.0,100000.0,0.0
2024-01-22 14:27:00-05:00,100000.0,100000.0,0.0
2024-01-22 14:28:00-05:00,100000.0,100000.0,0.0
2024-01-22 14:29:00-05:00,100000.0,100000.0,0.0
2024-01-22 14:30:00-05:00,100000.0,100000.0,0.0
2024-01-22 14:31:00-05:00,100000.0,100000.0,0.0
2024-01-22 14:32:00-05:00,100000.0,100000.0,0.0
2024-01-22 14:33:00-05:00,100000.0,100000.0,0.0
2024-01-22 14:34:00-05:00,100000.0,100000.0,0.0
2024-01-22 14:35:00-05:00,100000.0,100000.0,0.0
2024-01-22 14:36:00-05:00,100000.0,100000.0,0.0
2024-01-22 14:37:00-05:00,100000.0,100000.0,0.0
2024-01-22 14:38:00-05:00,100000.0,100000.0,0.0
2024-01-22 14:39:00-05:00,100000.0,100000.0,0.0
2024-01-22 14:40:00-05:00,100000.0,100000.0,0.0
2024-01-22 14:41:00-05:00,100000.0,100000.0,0.0
2024-01-22 14:42:00-05:00,100000.0,100000.0,0.0
2024-01-22 14:43:00-05:00,100000.0,100000.0,0.0
2024-01-22 14:44:00-05:00,100000.0,100000.0,0.0
2024-01-22 14:45:00-05:00,100000.0,100000.0,0.0
2024-01-22 14:46:00-05:00,100000.0,100000.0,0.0
2024-01-22 14:47:00-05:00,100000.0,100000.0,0.0
2024-01-22 14:48:00-05:00,100000.0,100000.0,0.0
2024-01-22 14:49:00-05:00,100000.0,100000.0,0.0
2024-01-22 14:50:00-05:00,100000.0,100000.0,0.0
2024-01-22 14:51:00-05:00,100000.0,100000.0,0.0
2024-01-22 14:52:00-05:00,100000.0,100000.0,0.0
2024-01-22 14:53:00-05:00,100000.0,100000.0,0.0
2024-01-22 14:54:00-05:00,100000.0,100000.0,0.0
2024-01-22 14:55:00-05:00,100000.0,100000.0,0.0
2024-01-22 14:56:00-05:00,100000.0,100000.0,0.0
2024-01-22 14:57:00-05:00,100000.0,100000.0,0.0
2024-01-22 14:58:00-05:00,100000.0,100000.0,0.0
2024-01-22 14:59:00-05:00,100000.0,100000.0,0.0
2024-01-22 15:00:00-05:00,100000.0,100000.0,0.0
2024-01-22 15:01:00-05:00,100000.0,100000.0,0.0
2024-01-22 15:02:00-05:00,100000.0,100000.0,0.0
2024-01-22 15:03:00-05:00,100000.0,100000.0,0.0
2024-01-22 15:04:00-05:00,100000.0,100000.0,0.0
2024-01-22 15:05:00-05:00,100000.0,100000.0,0.0
2024-01-22 15:06:00-05:00,100000.0,100000.0,0.0
2024-01-22 15:07:00-05:00,100000.0,100000.0,0.0
2024-01-22 15:08:00-05:00,100000.0,100000.0,0.0
2024-01-22 15:09:00-05:00,100000.0,100000.0,0.0
2024-01-22 15:10:00-05:00,100000.0,100000.0,0.0
2024-01-22 15:11:00-05:00,100000.0,100000.0,0.0
2024-01-22 15:12:00-05:00,100000.0,100000.0,0.0
2024-01-22 15:13:00-05:00,100000.0,100000.0,0.0
2024-01-22 15:14:00-05:00,100000.0,100000.0,0.0
2024-01-22 15:15:00-05:00,100000.0,100000.0,0.0
2024-01-22 15:16:00-05:00,100000.0,100000.0,0.0
2024-01-22 15:17:00-05:00,100000.0,100000.0,0.0
2024-01-22 15:18:00-05:00,100000.0,100000.0,0.0
2024-01-22 15:19:00-05:00,100000.0,100000.0,0.0
2024-01-22 15:20:00-05:00,100000.0,100000.0,0.0
2024-01-22 15:21:00-05:00,100000.0,100000.0,0.0
2024-01-22 15:22:00-05:00,100000.0,100000.0,0.0
2024-01-22 15:23:00-05:00,100000.0,100000.0,0.0
2024-01-22 15:24:00-05:00,100000.0,100000.0,0.0
2024-01-22 15:25:00-05:00,100000.0,100000.0,0.0
2024-01-22 15:26:00-05:00,100000.0,100000.0,0.0
2024-01-22 15:27:00-05:00,100000.0,100000.0,0.0
2024-01-22 15:28:00-05:00,100000.0,100000.0,0.0
2024-01-22 15:29:00-05:00,100000.0,100000.0,0.0
2024-01-22 15:30:00-05:00,100000.0,100000.0,0.0
2024-01-22 15:31:00-05:00,100000.0,100000.0,0.0
2024-01-22 15:32:00-05:00,100000.0,100000.0,0.0
2024-01-22 15:33:00-05:00,100000.0,100000.0,0.0
2024-01-22 15:34:00-05:00,100000.0,100000.0,0.0
2024-01-22 15:35:00-05:00,100000.0,100000.0,0.0
2024-01-22 15:36:00-05:00,100000.0,100000.0,0.0
2024-01-22 15:37:00-05:00,100000.0,100000.0,0.0
2024-01-22 15:38:00-05:00,100000.0,100000.0,0.0
2024-01-22 15:39:00-05:00,100000.0,100000.0,0.0
2024-01-22 15:40:00-05:00,100000.0,100000.0,0.0
2024-01-22 15:41:00-05:00,100000.0,100000.0,0.0
2024-01-22 15:42:00-05:00,100000.0,100000.0,0.0
2024-01-22 15:43:00-05:00,100000.0,100000.0,0.0
2024-01-22 15:44:00-05:00,100000.0,100000.0,0.0
2024-01-22 15:45:00-05:00,100000.0,100000.0,0.0
2024-01-22 15:46:00-05:00,100000.0,100000.0,0.0
2024-01-22 15:47:00-05:00,100000.0,100000.0,0.0
2024-01-22 15:48:00-05:00,100000.0,100000.0,0.0
2024-01-22 15:49:00-05:00,100000.0,100000.0,0.0
2024-01-22 15:50:00-05:00,100000.0,100000.0,0.0
2024-01-22 15:51:00-05:00,100000.0,100000.0,0.0
2024-01-22 15:52:00-05:00,100000.0,100000.0,0.0
2024-01-22 15:53:00-05:00,100000.0,100000.0,0.0
2024-01-22 15:54:00-05:00,100000.0,100000.0,0.0
2024-01-22 15:55:00-05:00,100000.0,100000.0,0.0
2024-01-22 15:56:00-05:00,100000.0,100000.0,0.0
2024-01-22 15:57:00-05:00,100000.0,100000.0,0.0
2024-01-22 15:58:00-05:00,100000.0,100000.0,0.0
2024-01-22 15:59:00-05:00,100000.0,100000.0,0.0
2024-01-23 09:30:00-05:00,100000.0,100000.0,0.0
2024-01-23 09:31:00-05:00,100000.0,100000.0,0.0
2024-01-23 09:32:00-05:00,100000.0,100000.0,0.0
2024-01-23 09:33:00-05:00,100000.0,100000.0,0.0
2024-01-23 09:34:00-05:00,100000.0,100000.0,0.0
2024-01-23 09:35:00-05:00,100000.0,100000.0,0.0
2024-01-23 09:36:00-05:00,100000.0,100000.0,0.0
2024-01-23 09:37:00-05:00,100000.0,100000.0,0.0
2024-01-23 09:38:00-05:00,100000.0,100000.0,0.0
2024-01-23 09:39:00-05:00,100000.0,100000.0,0.0
2024-01-23 09:40:00-05:00,100000.0,100000.0,0.0
2024-01-23 09:41:00-05:00,100000.0,100000.0,0.0
2024-01-23 09:42:00-05:00,100000.0,100000.0,0.0
2024-01-23 09:43:00-05:00,100000.0,100000.0,0.0
2024-01-23 09:44:00-05:00,100000.0,100000.0,0.0
2024-01-23 09:45:00-05:00,100000.0,100000.0,0.0
2024-01-23 09:46:00-05:00,100000.0,100000.0,0.0
2024-01-23 09:47:00-05:00,100000.0,100000.0,0.0
2024-01-23 09:48:00-05:00,100000.0,100000.0,0.0
2024-01-23 09:49:00-05:00,100000.0,100000.0,0.0
2024-01-23 09:50:00-05:00,100000.0,100000.0,0.0
2024-01-23 09:51:00-05:00,100000.0,100000.0,0.0
2024-01-23 09:52:00-05:00,100000.0,100000.0,0.0
2024-01-23 09:53:00-05:00,100000.0,100000.0,0.0
2024-01-23 09:54:00-05:00,100000.0,100000.0,0.0
2024-01-23 09:55:00-05:00,100000.0,100000.0,0.0
2024-01-23 09:56:00-05:00,100000.0,100000.0,0.0
2024-01-23 09:57:00-05:00,100000.0,100000.0,0.0
2024-01-23 09:58:00-05:00,100000.0,100000.0,0.0
2024-01-23 09:59:00-05:00,100000.0,100000.0,0.0
2024-01-23 10:00:00-05:00,100000.0,100000.0,0.0
2024-01-23 10:01:00-05:00,100000.0,100000.0,0.0
2024-01-23 10:02:00-05:00,100000.0,100000.0,0.0
2024-01-23 10:03:00-05:00,100000.0,100000.0,0.0
2024-01-23 10:04:00-05:00,100000.0,100000.0,0.0
2024-01-23 10:05:00-05:00,100000.0,100000.0,0.0
2024-01-23 10:06:00-05:00,100000.0,100000.0,0.0
2024-01-23 10:07:00-05:00,100000.0,100000.0,0.0
2024-01-23 10:08:00-05:00,100000.0,100000.0,0.0
2024-01-23 10:09:00-05:00,100000.0,100000.0,0.0
2024-01-23 10:10:00-05:00,100000.0,100000.0,0.0
2024-01-23 10:11:00-05:00,100000.0,100000.0,0.0
2024-01-23 10:12:00-05:00,100000.0,100000.0,0.0
2024-01-23 10:13:00-05:00,100000.0,100000.0,0.0
2024-01-23 10:14:00-05:00,100000.0,100000.0,0.0
2024-01-23 10:15:00-05:00,100000.0,100000.0,0.0
2024-01-23 10:16:00-05:00,100000.0,100000.0,0.0
2024-01-23 10:17:00-05:00,100000.0,100000.0,0.0
2024-01-23 10:18:00-05:00,100000.0,100000.0,0.0
2024-01-23 10:19:00-05:00,100000.0,100000.0,0.0
2024-01-23 10:20:00-05:00,100000.0,100000.0,0.0
2024-01-23 10:21:00-05:00,100000.0,100000.0,0.0
2024-01-23 10:22:00-05:00,100000.0,100000.0,0.0
2024-01-23 10:23:00-05:00,100000.0,100000.0,0.0
2024-01-23 10:24:00-05:00,100000.0,100000.0,0.0
2024-01-23 10:25:00-05:00,100000.0,100000.0,0.0
2024-01-23 10:26:00-05:00,100000.0,100000.0,0.0
2024-01-23 10:27:00-05:00,100000.0,100000.0,0.0
2024-01-23 10:28:00-05:00,100000.0,100000.0,0.0
2024-01-23 10:29:00-05:00,100000.0,100000.0,0.0
2024-01-23 10:30:00-05:00,100000.0,100000.0,0.0
2024-01-23 10:31:00-05:00,100000.0,100000.0,0.0
2024-01-23 10:32:00-05:00,100000.0,100000.0,0.0
2024-01-23 10:33:00-05:00,100000.0,100000.0,0.0
2024-01-23 10:34:00-05:00,100000.0,100000.0,0.0
2024-01-23 10:35:00-05:00,100000.0,100000.0,0.0
2024-01-23 10:36:00-05:00,100000.0,100000.0,0.0
2024-01-23 10:37:00-05:00,100000.0,100000.0,0.0
2024-01-23 10:38:00-05:00,100000.0,100000.0,0.0
2024-01-23 10:39:00-05:00,100000.0,100000.0,0.0
2024-01-23 10:40:00-05:00,100000.0,100000.0,0.0
2024-01-23 10:41:00-05:00,100000.0,100000.0,0.0
2024-01-23 10:42:00-05:00,100000.0,100000.0,0.0
2024-01-23 10:43:00-05:00,100000.0,100000.0,0.0
2024-01-23 10:44:00-05:00,100000.0,100000.0,0.0
2024-01-23 10:45:00-05:00,100000.0,100000.0,0.0
2024-01-23 10:46:00-05:00,100000.0,100000.0,0.0
2024-01-23 10:47:00-05:00,100000.0,100000.0,0.0
2024-01-23 10:48:00-05:00,100000.0,100000.0,0.0
2024-01-23 10:49:00-05:00,100000.0,100000.0,0.0
2024-01-23 10:50:00-05:00,100000.0,100000.0,0.0
2024-01-23 10:51:00-05:00,100000.0,100000.0,0.0
2024-01-23 10:52:00-05:00,100000.0,100000.0,0.0
2024-01-23 10:53:00-05:00,100000.0,100000.0,0.0
2024-01-23 10:54:00-05:00,100000.0,100000.0,0.0
2024-01-23 10:55:00-05:00,100000.0,100000.0,0.0
2024-01-23 10:56:00-05:00,100000.0,100000.0,0.0
2024-01-23 10:57:00-05:00,100000.0,100000.0,0.0
2024-01-23 10:58:00-05:00,100000.0,100000.0,0.0
2024-01-23 10:59:00-05:00,100000.0,100000.0,0.0
2024-01-23 11:00:00-05:00,100000.0,100000.0,0.0
2024-01-23 11:01:00-05:00,100000.0,100000.0,0.0
2024-01-23 11:02:00-05:00,100000.0,100000.0,0.0
2024-01-23 11:03:00-05:00,100000.0,100000.0,0.0
2024-01-23 11:04:00-05:00,100000.0,100000.0,0.0
2024-01-23 11:05:00-05:00,100000.0,100000.0,0.0
2024-01-23 11:06:00-05:00,100000.0,100000.0,0.0
2024-01-23 11:07:00-05:00,100000.0,100000.0,0.0
2024-01-23 11:08:00-05:00,100000.0,100000.0,0.0
2024-01-23 11:09:00-05:00,100000.0,100000.0,0.0
2024-01-23 11:10:00-05:00,100000.0,100000.0,0.0
2024-01-23 11:11:00-05:00,100000.0,100000.0,0.0
2024-01-23 11:12:00-05:00,100000.0,100000.0,0.0
2024-01-23 11:13:00-05:00,100000.0,100000.0,0.0
2024-01-23 11:14:00-05:00,100000.0,100000.0,0.0
2024-01-23 11:15:00-05:00,100000.0,100000.0,0.0
2024-01-23 11:16:00-05:00,100000.0,100000.0,0.0
2024-01-23 11:17:00-05:00,100000.0,100000.0,0.0
2024-01-23 11:18:00-05:00,100000.0,100000.0,0.0
2024-01-23 11:19:00-05:00,100000.0,100000.0,0.0
2024-01-23 11:20:00-05:00,100000.0,100000.0,0.0
2024-01-23 11:21:00-05:00,100000.0,100000.0,0.0
2024-01-23 11:22:00-05:00,100000.0,100000.0,0.0
2024-01-23 11:23:00-05:00,100000.0,100000.0,0.0
2024-01-23 11:24:00-05:00,100000.0,100000.0,0.0
2024-01-23 11:25:00-05:00,100000.0,100000.0,0.0
2024-01-23 11:26:00-05:00,100000.0,100000.0,0.0
2024-01-23 11:27:00-05:00,100000.0,100000.0,0.0
2024-01-23 11:28:00-05:00,100000.0,100000.0,0.0
2024-01-23 11:29:00-05:00,100000.0,100000.0,0.0
2024-01-23 11:30:00-05:00,100000.0,100000.0,0.0
2024-01-23 11:31:00-05:00,100000.0,100000.0,0.0
2024-01-23 11:32:00-05:00,100000.0,100000.0,0.0
2024-01-23 11:33:00-05:00,100000.0,100000.0,0.0
2024-01-23 11:34:00-05:00,100000.0,100000.0,0.0
2024-01-23 11:35:00-05:00,100000.0,100000.0,0.0
2024-01-23 11:36:00-05:00,100000.0,100000.0,0.0
2024-01-23 11:37:00-05:00,100000.0,100000.0,0.0
2024-01-23 11:38:00-05:00,100000.0,100000.0,0.0
2024-01-23 11:39:00-05:00,100000.0,100000.0,0.0
2024-01-23 11:40:00-05:00,100000.0,100000.0,0.0
2024-01-23 11:41:00-05:00,100000.0,100000.0,0.0
2024-01-23 11:42:00-05:00,100000.0,100000.0,0.0
2024-01-23 11:43:00-05:00,100000.0,100000.0,0.0
2024-01-23 11:44:00-05:00,100000.0,100000.0,0.0
2024-01-23 11:45:00-05:00,100000.0,100000.0,0.0
2024-01-23 11:46:00-05:00,100000.0,100000.0,0.0
2024-01-23 11:47:00-05:00,100000.0,100000.0,0.0
2024-01-23 11:48:00-05:00,100000.0,100000.0,0.0
2024-01-23 11:49:00-05:00,100000.0,100000.0,0.0
2024-01-23 11:50:00-05:00,100000.0,100000.0,0.0
2024-01-23 11:51:00-05:00,100000.0,100000.0,0.0
2024-01-23 11:52:00-05:00,100000.0,100000.0,0.0
2024-01-23 11:53:00-05:00,100000.0,100000.0,0.0
2024-01-23 11:54:00-05:00,100000.0,100000.0,0.0
2024-01-23 11:55:00-05:00,100000.0,100000.0,0.0
2024-01-23 11:56:00-05:00,100000.0,100000.0,0.0
2024-01-23 11:57:00-05:00,100000.0,100000.0,0.0
2024-01-23 11:58:00-05:00,100000.0,100000.0,0.0
2024-01-23 11:59:00-05:00,100000.0,100000.0,0.0
2024-01-23 12:00:00-05:00,100000.0,100000.0,0.0
2024-01-23 12:01:00-05:00,100000.0,100000.0,0.0
2024-01-23 12:02:00-05:00,100000.0,100000.0,0.0
2024-01-23 12:03:00-05:00,100000.0,100000.0,0.0
2024-01-23 12:04:00-05:00,100000.0,100000.0,0.0
2024-01-23 12:05:00-05:00,100000.0,100000.0,0.0
2024-01-23 12:06:00-05:00,100000.0,100000.0,0.0
2024-01-23 12:07:00-05:00,100000.0,100000.0,0.0
2024-01-23 12:08:00-05:00,100000.0,100000.0,0.0
2024-01-23 12:09:00-05:00,100000.0,100000.0,0.0
2024-01-23 12:10:00-05:00,100000.0,100000.0,0.0
2024-01-23 12:11:00-05:00,100000.0,100000.0,0.0
2024-01-23 12:12:00-05:00,100000.0,100000.0,0.0
2024-01-23 12:13:00-05:00,100000.0,100000.0,0.0
2024-01-23 12:14:00-05:00,100000.0,100000.0,0.0
2024-01-23 12:15:00-05:00,100000.0,100000.0,0.0
2024-01-23 12:16:00-05:00,100000.0,100000.0,0.0
2024-01-23 12:17:00-05:00,100000.0,100000.0,0.0
2024-01-23 12:18:00-05:00,100000.0,100000.0,0.0
2024-01-23 12:19:00-05:00,100000.0,100000.0,0.0
2024-01-23 12:20:00-05:00,100000.0,100000.0,0.0
2024-01-23 12:21:00-05:00,100000.0,100000.0,0.0
2024-01-23 12:22:00-05:00,100000.0,100000.0,0.0
2024-01-23 12:23:00-05:00,100000.0,100000.0,0.0
2024-01-23 12:24:00-05:00,100000.0,100000.0,0.0
2024-01-23 12:25:00-05:00,100000.0,100000.0,0.0
2024-01-23 12:26:00-05:00,100000.0,100000.0,0.0
2024-01-23 12:27:00-05:00,100000.0,100000.0,0.0
2024-01-23 12:28:00-05:00,100000.0,100000.0,0.0
2024-01-23 12:29:00-05:00,100000.0,100000.0,0.0
2024-01-23 12:30:00-05:00,100000.0,100000.0,0.0
2024-01-23 12:31:00-05:00,100000.0,100000.0,0.0
2024-01-23 12:32:00-05:00,100000.0,100000.0,0.0
2024-01-23 12:33:00-05:00,100000.0,100000.0,0.0
2024-01-23 12:34:00-05:00,100000.0,100000.0,0.0
2024-01-23 12:35:00-05:00,100000.0,100000.0,0.0
2024-01-23 12:36:00-05:00,100000.0,100000.0,0.0
2024-01-23 12:37:00-05:00,100000.0,100000.0,0.0
2024-01-23 12:38:00-05:00,100000.0,100000.0,0.0
2024-01-23 12:39:00-05:00,100000.0,100000.0,0.0
2024-01-23 12:40:00-05:00,100000.0,100000.0,0.0
2024-01-23 12:41:00-05:00,100000.0,100000.0,0.0
2024-01-23 12:42:00-05:00,100000.0,100000.0,0.0
2024-01-23 12:43:00-05:00,100000.0,100000.0,0.0
2024-01-23 12:44:00-05:00,100000.0,100000.0,0.0
2024-01-23 12:45:00-05:00,100000.0,100000.0,0.0
2024-01-23 12:46:00-05:00,100000.0,100000.0,0.0
2024-01-23 12:47:00-05:00,100000.0,100000.0,0.0
2024-01-23 12:48:00-05:00,100000.0,100000.0,0.0
2024-01-23 12:49:00-05:00,100000.0,100000.0,0.0
2024-01-23 12:50:00-05:00,100000.0,100000.0,0.0
2024-01-23 12:51:00-05:00,100000.0,100000.0,0.0
2024-01-23 12:52:00-05:00,100000.0,100000.0,0.0
2024-01-23 12:53:00-05:00,100000.0,100000.0,0.0
2024-01-23 12:54:00-05:00,100000.0,100000.0,0.0
2024-01-23 12:55:00-05:00,100000.0,100000.0,0.0
2024-01-23 12:56:00-05:00,100000.0,100000.0,0.0
2024-01-23 12:57:00-05:00,100000.0,100000.0,0.0
2024-01-23 12:58:00-05:00,100000.0,100000.0,0.0
2024-01-23 12:59:00-05:00,100000.0,100000.0,0.0
2024-01-23 13:00:00-05:00,100000.0,100000.0,0.0
2024-01-23 13:01:00-05:00,100000.0,100000.0,0.0
2024-01-23 13:02:00-05:00,100000.0,100000.0,0.0
2024-01-23 13:03:00-05:00,100000.0,100000.0,0.0
2024-01-23 13:04:00-05:00,100000.0,100000.0,0.0
2024-01-23 13:05:00-05:00,100000.0,100000.0,0.0
2024-01-23 13:06:00-05:00,100000.0,100000.0,0.0
2024-01-23 13:07:00-05:00,100000.0,100000.0,0.0
2024-01-23 13:08:00-05:00,100000.0,100000.0,0.0
2024-01-23 13:09:00-05:00,100000.0,100000.0,0.0
2024-01-23 13:10:00-05:00,100000.0,100000.0,0.0
2024-01-23 13:11:00-05:00,100000.0,100000.0,0.0
2024-01-23 13:12:00-05:00,100000.0,100000.0,0.0
2024-01-23 13:13:00-05:00,100000.0,100000.0,0.0
2024-01-23 13:14:00-05:00,100000.0,100000.0,0.0
2024-01-23 13:15:00-05:00,100000.0,100000.0,0.0
2024-01-23 13:16:00-05:00,100000.0,100000.0,0.0
2024-01-23 13:17:00-05:00,100000.0,100000.0,0.0
2024-01-23 13:18:00-05:00,100000.0,100000.0,0.0
2024-01-23 13:19:00-05:00,100000.0,100000.0,0.0
2024-01-23 13:20:00-05:00,100000.0,100000.0,0.0
2024-01-23 13:21:00-05:00,100000.0,100000.0,0.0
2024-01-23 13:22:00-05:00,100000.0,100000.0,0.0
2024-01-23 13:23:00-05:00,100000.0,100000.0,0.0
2024-01-23 13:24:00-05:00,100000.0,100000.0,0.0
2024-01-23 13:25:00-05:00,100000.0,100000.0,0.0
2024-01-23 13:26:00-05:00,100000.0,100000.0,0.0
2024-01-23 13:27:00-05:00,100000.0,100000.0,0.0
2024-01-23 13:28:00-05:00,100000.0,100000.0,0.0
2024-01-23 13:29:00-05:00,100000.0,100000.0,0.0
2024-01-23 13:30:00-05:00,100000.0,100000.0,0.0
2024-01-23 13:31:00-05:00,100000.0,100000.0,0.0
2024-01-23 13:32:00-05:00,100000.0,100000.0,0.0
2024-01-23 13:33:00-05:00,100000.0,100000.0,0.0
2024-01-23 13:34:00-05:00,100000.0,100000.0,0.0
2024-01-23 13:35:00-05:00,100000.0,100000.0,0.0
2024-01-23 13:36:00-05:00,100000.0,100000.0,0.0
2024-01-23 13:37:00-05:00,100000.0,100000.0,0.0
2024-01-23 13:38:00-05:00,100000.0,100000.0,0.0
2024-01-23 13:39:00-05:00,100000.0,100000.0,0.0
2024-01-23 13:40:00-05:00,100000.0,100000.0,0.0
2024-01-23 13:41:00-05:00,100000.0,100000.0,0.0
2024-01-23 13:42:00-05:00,100000.0,100000.0,0.0
2024-01-23 13:43:00-05:00,100000.0,100000.0,0.0
2024-01-23 13:44:00-05:00,100000.0,100000.0,0.0
2024-01-23 13:45:00-05:00,100000.0,100000.0,0.0
2024-01-23 13:46:00-05:00,100000.0,100000.0,0.0
2024-01-23 13:47:00-05:00,100000.0,100000.0,0.0
2024-01-23 13:48:00-05:00,100000.0,100000.0,0.0
2024-01-23 13:49:00-05:00,100000.0,100000.0,0.0
2024-01-23 13:50:00-05:00,100000.0,100000.0,0.0
2024-01-23 13:51:00-05:00,100000.0,100000.0,0.0
2024-01-23 13:52:00-05:00,100000.0,100000.0,0.0
2024-01-23 13:53:00-05:00,100000.0,100000.0,0.0
2024-01-23 13:54:00-05:00,100000.0,100000.0,0.0
2024-01-23 13:55:00-05:00,100000.0,100000.0,0.0
2024-01-23 13:56:00-05:00,100000.0,100000.0,0.0
2024-01-23 13:57:00-05:00,100000.0,100000.0,0.0
2024-01-23 13:58:00-05:00,100000.0,100000.0,0.0
2024-01-23 13:59:00-05:00,100000.0,100000.0,0.0
2024-01-23 14:00:00-05:00,100000.0,100000.0,0.0
2024-01-23 14:01:00-05:00,100000.0,100000.0,0.0
2024-01-23 14:02:00-05:00,100000.0,100000.0,0.0
2024-01-23 14:03:00-05:00,100000.0,100000.0,0.0
2024-01-23 14:04:00-05:00,100000.0,100000.0,0.0
2024-01-23 14:05:00-05:00,100000.0,100000.0,0.0
2024-01-23 14:06:00-05:00,100000.0,100000.0,0.0
2024-01-23 14:07:00-05:00,100000.0,100000.0,0.0
2024-01-23 14:08:00-05:00,100000.0,100000.0,0.0
2024-01-23 14:09:00-05:00,100000.0,100000.0,0.0
2024-01-23 14:10:00-05:00,100000.0,100000.0,0.0
2024-01-23 14:11:00-05:00,100000.0,100000.0,0.0
2024-01-23 14:12:00-05:00,100000.0,100000.0,0.0
2024-01-23 14:13:00-05:00,100000.0,100000.0,0.0
2024-01-23 14:14:00-05:00,100000.0,100000.0,0.0
2024-01-23 14:15:00-05:00,100000.0,100000.0,0.0
2024-01-23 14:16:00-05:00,100000.0,100000.0,0.0
2024-01-23 14:17:00-05:00,100000.0,100000.0,0.0
2024-01-23 14:18:00-05:00,100000.0,100000.0,0.0
2024-01-23 14:19:00-05:00,100000.0,100000.0,0.0
2024-01-23 14:20:00-05:00,100000.0,100000.0,0.0
2024-01-23 14:21:00-05:00,100000.0,100000.0,0.0
2024-01-23 14:22:00-05:00,100000.0,100000.0,0.0
2024-01-23 14:23:00-05:00,100000.0,100000.0,0.0
2024-01-23 14:24:00-05:00,100000.0,100000.0,0.0
2024-01-23 14:25:00-05:00,100000.0,100000.0,0.0
2024-01-23 14:26:00-05:00,100000.0,100000.0,0.0
2024-01-23 14:27:00-05:00,100000.0,100000.0,0.0
2024-01-23 14:28:00-05:00,100000.0,100000.0,0.0
2024-01-23 14:29:00-05:00,100000.0,100000.0,0.0
2024-01-23 14:30:00-05:00,100000.0,100000.0,0.0
2024-01-23 14:31:00-05:00,100000.0,100000.0,0.0
2024-01-23 14:32:00-05:00,100000.0,100000.0,0.0
2024-01-23 14:33:00-05:00,100000.0,100000.0,0.0
2024-01-23 14:34:00-05:00,100000.0,100000.0,0.0
2024-01-23 14:35:00-05:00,100000.0,100000.0,0.0
2024-01-23 14:36:00-05:00,100000.0,100000.0,0.0
2024-01-23 14:37:00-05:00,100000.0,100000.0,0.0
2024-01-23 14:38:00-05:00,100000.0,100000.0,0.0
2024-01-23 14:39:00-05:00,100000.0,100000.0,0.0
2024-01-23 14:40:00-05:00,100000.0,100000.0,0.0
2024-01-23 14:41:00-05:00,100000.0,100000.0,0.0
2024-01-23 14:42:00-05:00,100000.0,100000.0,0.0
2024-01-23 14:43:00-05:00,100000.0,100000.0,0.0
2024-01-23 14:44:00-05:00,100000.0,100000.0,0.0
2024-01-23 14:45:00-05:00,100000.0,100000.0,0.0
2024-01-23 14:46:00-05:00,100000.0,100000.0,0.0
2024-01-23 14:47:00-05:00,100000.0,100000.0,0.0
2024-01-23 14:48:00-05:00,100000.0,100000.0,0.0
2024-01-23 14:49:00-05:00,100000.0,100000.0,0.0
2024-01-23 14:50:00-05:00,100000.0,100000.0,0.0
2024-01-23 14:51:00-05:00,100000.0,100000.0,0.0
2024-01-23 14:52:00-05:00,100000.0,100000.0,0.0
2024-01-23 14:53:00-05:00,100000.0,100000.0,0.0
2024-01-23 14:54:00-05:00,100000.0,100000.0,0.0
2024-01-23 14:55:00-05:00,100000.0,100000.0,0.0
2024-01-23 14:56:00-05:00,100000.0,100000.0,0.0
2024-01-23 14:57:00-05:00,100000.0,100000.0,0.0
2024-01-23 14:58:00-05:00,100000.0,100000.0,0.0
2024-01-23 14:59:00-05:00,100000.0,100000.0,0.0
2024-01-23 15:00:00-05:00,100000.0,100000.0,0.0
2024-01-23 15:01:00-05:00,100000.0,100000.0,0.0
2024-01-23 15:02:00-05:00,100000.0,100000.0,0.0
2024-01-23 15:03:00-05:00,100000.0,100000.0,0.0
2024-01-23 15:04:00-05:00,100000.0,100000.0,0.0
2024-01-23 15:05:00-05:00,100000.0,100000.0,0.0
2024-01-23 15:06:00-05:00,100000.0,100000.0,0.0
2024-01-23 15:07:00-05:00,100000.0,100000.0,0.0
2024-01-23 15:08:00-05:00,100000.0,100000.0,0.0
2024-01-23 15:09:00-05:00,100000.0,100000.0,0.0
2024-01-23 15:10:00-05:00,100000.0,100000.0,0.0
2024-01-23 15:11:00-05:00,100000.0,100000.0,0.0
2024-01-23 15:12:00-05:00,100000.0,100000.0,0.0
2024-01-23 15:13:00-05:00,100000.0,100000.0,0.0
2024-01-23 15:14:00-05:00,100000.0,100000.0,0.0
2024-01-23 15:15:00-05:00,100000.0,100000.0,0.0
2024-01-23 15:16:00-05:00,100000.0,100000.0,0.0
2024-01-23 15:17:00-05:00,100000.0,100000.0,0.0
2024-01-23 15:18:00-05:00,100000.0,100000.0,0.0
2024-01-23 15:19:00-05:00,100000.0,100000.0,0.0
2024-01-23 15:20:00-05:00,100000.0,100000.0,0.0
2024-01-23 15:21:00-05:00,100000.0,100000.0,0.0
2024-01-23 15:22:00-05:00,100000.0,100000.0,0.0
2024-01-23 15:23:00-05:00,100000.0,100000.0,0.0
2024-01-23 15:24:00-05:00,100000.0,100000.0,0.0
2024-01-23 15:25:00-05:00,100000.0,100000.0,0.0
2024-01-23 15:26:00-05:00,100000.0,100000.0,0.0
2024-01-23 15:27:00-05:00,100000.0,100000.0,0.0
2024-01-23 15:28:00-05:00,100000.0,100000.0,0.0
2024-01-23 15:29:00-05:00,100000.0,100000.0,0.0
2024-01-23 15:30:00-05:00,100000.0,100000.0,0.0
2024-01-23 15:31:00-05:00,100000.0,100000.0,0.0
2024-01-23 15:32:00-05:00,100000.0,100000.0,0.0
2024-01-23 15:33:00-05:00,100000.0,100000.0,0.0
2024-01-23 15:34:00-05:00,100000.0,100000.0,0.0
2024-01-23 15:35:00-05:00,100000.0,100000.0,0.0
2024-01-23 15:36:00-05:00,100000.0,100000.0,0.0
2024-01-23 15:37:00-05:00,100000.0,100000.0,0.0
2024-01-23 15:38:00-05:00,100000.0,100000.0,0.0
2024-01-23 15:39:00-05:00,100000.0,100000.0,0.0
2024-01-23 15:40:00-05:00,100000.0,100000.0,0.0
2024-01-23 15:41:00-05:00,100000.0,100000.0,0.0
2024-01-23 15:42:00-05:00,100000.0,100000.0,0.0
2024-01-23 15:43:00-05:00,100000.0,100000.0,0.0
2024-01-23 15:44:00-05:00,100000.0,100000.0,0.0
2024-01-23 15:45:00-05:00,100000.0,100000.0,0.0
2024-01-23 15:46:00-05:00,100000.0,100000.0,0.0
2024-01-23 15:47:00-05:00,100000.0,100000.0,0.0
2024-01-23 15:48:00-05:00,100000.0,100000.0,0.0
2024-01-23 15:49:00-05:00,100000.0,100000.0,0.0
2024-01-23 15:50:00-05:00,100000.0,100000.0,0.0
2024-01-23 15:51:00-05:00,100000.0,100000.0,0.0
2024-01-23 15:52:00-05:00,100000.0,100000.0,0.0
2024-01-23 15:53:00-05:00,100000.0,100000.0,0.0
2024-01-23 15:54:00-05:00,100000.0,100000.0,0.0
2024-01-23 15:55:00-05:00,100000.0,100000.0,0.0
2024-01-23 15:56:00-05:00,100000.0,100000.0,0.0
2024-01-23 15:57:00-05:00,100000.0,100000.0,0.0
2024-01-23 15:58:00-05:00,100000.0,100000.0,0.0
2024-01-23 15:59:00-05:00,100000.0,100000.0,0.0
2024-01-24 09:30:00-05:00,100000.0,100000.0,0.0
2024-01-24 09:31:00-05:00,100000.0,100000.0,0.0
2024-01-24 09:32:00-05:00,100000.0,100000.0,0.0
2024-01-24 09:33:00-05:00,100000.0,100000.0,0.0
2024-01-24 09:34:00-05:00,100000.0,100000.0,0.0
2024-01-24 09:35:00-05:00,100000.0,100000.0,0.0
2024-01-24 09:36:00-05:00,100000.0,100000.0,0.0
2024-01-24 09:37:00-05:00,100000.0,100000.0,0.0
2024-01-24 09:38:00-05:00,100000.0,100000.0,0.0
2024-01-24 09:39:00-05:00,100000.0,100000.0,0.0
2024-01-24 09:40:00-05:00,100000.0,100000.0,0.0
2024-01-24 09:41:00-05:00,100000.0,100000.0,0.0
2024-01-24 09:42:00-05:00,100000.0,100000.0,0.0
2024-01-24 09:43:00-05:00,100000.0,100000.0,0.0
2024-01-24 09:44:00-05:00,100000.0,100000.0,0.0
2024-01-24 09:45:00-05:00,100000.0,100000.0,0.0
2024-01-24 09:46:00-05:00,100000.0,100000.0,0.0
2024-01-24 09:47:00-05:00,100000.0,100000.0,0.0
2024-01-24 09:48:00-05:00,100000.0,100000.0,0.0
2024-01-24 09:49:00-05:00,100000.0,100000.0,0.0
2024-01-24 09:50:00-05:00,100000.0,100000.0,0.0
2024-01-24 09:51:00-05:00,100000.0,100000.0,0.0
2024-01-24 09:52:00-05:00,100000.0,100000.0,0.0
2024-01-24 09:53:00-05:00,100000.0,100000.0,0.0
2024-01-24 09:54:00-05:00,100000.0,100000.0,0.0
2024-01-24 09:55:00-05:00,100000.0,100000.0,0.0
2024-01-24 09:56:00-05:00,100000.0,100000.0,0.0
2024-01-24 09:57:00-05:00,100000.0,100000.0,0.0
2024-01-24 09:58:00-05:00,100000.0,100000.0,0.0
2024-01-24 09:59:00-05:00,100000.0,100000.0,0.0
2024-01-24 10:00:00-05:00,100000.0,100000.0,0.0
2024-01-24 10:01:00-05:00,100000.0,100000.0,0.0
2024-01-24 10:02:00-05:00,100000.0,100000.0,0.0
2024-01-24 10:03:00-05:00,100000.0,100000.0,0.0
2024-01-24 10:04:00-05:00,100000.0,100000.0,0.0
2024-01-24 10:05:00-05:00,100000.0,100000.0,0.0
2024-01-24 10:06:00-05:00,100000.0,100000.0,0.0
2024-01-24 10:07:00-05:00,100000.0,100000.0,0.0
2024-01-24 10:08:00-05:00,100000.0,100000.0,0.0
2024-01-24 10:09:00-05:00,100000.0,100000.0,0.0
2024-01-24 10:10:00-05:00,100000.0,100000.0,0.0
2024-01-24 10:11:00-05:00,100000.0,100000.0,0.0
2024-01-24 10:12:00-05:00,100000.0,100000.0,0.0
2024-01-24 10:13:00-05:00,100000.0,100000.0,0.0
2024-01-24 10:14:00-05:00,100000.0,100000.0,0.0
2024-01-24 10:15:00-05:00,100000.0,100000.0,0.0
2024-01-24 10:16:00-05:00,100000.0,100000.0,0.0
2024-01-24 10:17:00-05:00,100000.0,100000.0,0.0
2024-01-24 10:18:00-05:00,100000.0,100000.0,0.0
2024-01-24 10:19:00-05:00,100000.0,100000.0,0.0
2024-01-24 10:20:00-05:00,100000.0,100000.0,0.0
2024-01-24 10:21:00-05:00,100000.0,100000.0,0.0
2024-01-24 10:22:00-05:00,100000.0,100000.0,0.0
2024-01-24 10:23:00-05:00,100000.0,100000.0,0.0
2024-01-24 10:24:00-05:00,100000.0,100000.0,0.0
2024-01-24 10:25:00-05:00,100000.0,100000.0,0.0
2024-01-24 10:26:00-05:00,100000.0,100000.0,0.0
2024-01-24 10:27:00-05:00,100000.0,100000.0,0.0
2024-01-24 10:28:00-05:00,100000.0,100000.0,0.0
2024-01-24 10:29:00-05:00,100000.0,100000.0,0.0
2024-01-24 10:30:00-05:00,100000.0,100000.0,0.0
2024-01-24 10:31:00-05:00,100000.0,100000.0,0.0
2024-01-24 10:32:00-05:00,100000.0,100000.0,0.0
2024-01-24 10:33:00-05:00,100000.0,100000.0,0.0
2024-01-24 10:34:00-05:00,100000.0,100000.0,0.0
2024-01-24 10:35:00-05:00,100000.0,100000.0,0.0
2024-01-24 10:36:00-05:00,100000.0,100000.0,0.0
2024-01-24 10:37:00-05:00,100000.0,100000.0,0.0
2024-01-24 10:38:00-05:00,100000.0,100000.0,0.0
2024-01-24 10:39:00-05:00,100000.0,100000.0,0.0
2024-01-24 10:40:00-05:00,100000.0,100000.0,0.0
2024-01-24 10:41:00-05:00,100000.0,100000.0,0.0
2024-01-24 10:42:00-05:00,100000.0,100000.0,0.0
2024-01-24 10:43:00-05:00,100000.0,100000.0,0.0
2024-01-24 10:44:00-05:00,100000.0,100000.0,0.0
2024-01-24 10:45:00-05:00,100000.0,100000.0,0.0
2024-01-24 10:46:00-05:00,100000.0,100000.0,0.0
2024-01-24 10:47:00-05:00,100000.0,100000.0,0.0
2024-01-24 10:48:00-05:00,100000.0,100000.0,0.0
2024-01-24 10:49:00-05:00,100000.0,100000.0,0.0
2024-01-24 10:50:00-05:00,100000.0,100000.0,0.0
2024-01-24 10:51:00-05:00,100000.0,100000.0,0.0
2024-01-24 10:52:00-05:00,100000.0,100000.0,0.0
2024-01-24 10:53:00-05:00,100000.0,100000.0,0.0
2024-01-24 10:54:00-05:00,100000.0,100000.0,0.0
2024-01-24 10:55:00-05:00,100000.0,100000.0,0.0
2024-01-24 10:56:00-05:00,100000.0,100000.0,0.0
2024-01-24 10:57:00-05:00,100000.0,100000.0,0.0
2024-01-24 10:58:00-05:00,100000.0,100000.0,0.0
2024-01-24 10:59:00-05:00,100000.0,100000.0,0.0
2024-01-24 11:00:00-05:00,100000.0,100000.0,0.0
2024-01-24 11:01:00-05:00,100000.0,100000.0,0.0
2024-01-24 11:02:00-05:00,100000.0,100000.0,0.0
2024-01-24 11:03:00-05:00,100000.0,100000.0,0.0
2024-01-24 11:04:00-05:00,100000.0,100000.0,0.0
2024-01-24 11:05:00-05:00,100000.0,100000.0,0.0
2024-01-24 11:06:00-05:00,100000.0,100000.0,0.0
2024-01-24 11:07:00-05:00,100000.0,100000.0,0.0
2024-01-24 11:08:00-05:00,100000.0,100000.0,0.0
2024-01-24 11:09:00-05:00,100000.0,100000.0,0.0
2024-01-24 11:10:00-05:00,100000.0,100000.0,0.0
2024-01-24 11:11:00-05:00,100000.0,100000.0,0.0
2024-01-24 11:12:00-05:00,100000.0,100000.0,0.0
2024-01-24 11:13:00-05:00,100000.0,100000.0,0.0
2024-01-24 11:14:00-05:00,100000.0,100000.0,0.0
2024-01-24 11:15:00-05:00,100000.0,100000.0,0.0
2024-01-24 11:16:00-05:00,100000.0,100000.0,0.0
2024-01-24 11:17:00-05:00,100000.0,100000.0,0.0
2024-01-24 11:18:00-05:00,100000.0,100000.0,0.0
2024-01-24 11:19:00-05:00,100000.0,100000.0,0.0
2024-01-24 11:20:00-05:00,100000.0,100000.0,0.0
2024-01-24 11:21:00-05:00,100000.0,100000.0,0.0
2024-01-24 11:22:00-05:00,100000.0,100000.0,0.0
2024-01-24 11:23:00-05:00,100000.0,100000.0,0.0
2024-01-24 11:24:00-05:00,100000.0,100000.0,0.0
2024-01-24 11:25:00-05:00,100000.0,100000.0,0.0
2024-01-24 11:26:00-05:00,100000.0,100000.0,0.0
2024-01-24 11:27:00-05:00,100000.0,100000.0,0.0
2024-01-24 11:28:00-05:00,100000.0,100000.0,0.0
2024-01-24 11:29:00-05:00,100000.0,100000.0,0.0
2024-01-24 11:30:00-05:00,100000.0,100000.0,0.0
2024-01-24 11:31:00-05:00,100000.0,100000.0,0.0
2024-01-24 11:32:00-05:00,100000.0,100000.0,0.0
2024-01-24 11:33:00-05:00,100000.0,100000.0,0.0
2024-01-24 11:34:00-05:00,100000.0,100000.0,0.0
2024-01-24 11:35:00-05:00,100000.0,100000.0,0.0
2024-01-24 11:36:00-05:00,100000.0,100000.0,0.0
2024-01-24 11:37:00-05:00,100000.0,100000.0,0.0
2024-01-24 11:38:00-05:00,100000.0,100000.0,0.0
2024-01-24 11:39:00-05:00,100000.0,100000.0,0.0
2024-01-24 11:40:00-05:00,100000.0,100000.0,0.0
2024-01-24 11:41:00-05:00,100000.0,100000.0,0.0
2024-01-24 11:42:00-05:00,100000.0,100000.0,0.0
2024-01-24 11:43:00-05:00,100000.0,100000.0,0.0
2024-01-24 11:44:00-05:00,100000.0,100000.0,0.0
2024-01-24 11:45:00-05:00,100000.0,100000.0,0.0
2024-01-24 11:46:00-05:00,100000.0,100000.0,0.0
2024-01-24 11:47:00-05:00,100000.0,100000.0,0.0
2024-01-24 11:48:00-05:00,100000.0,100000.0,0.0
2024-01-24 11:49:00-05:00,100000.0,100000.0,0.0
2024-01-24 11:50:00-05:00,100000.0,100000.0,0.0
2024-01-24 11:51:00-05:00,100000.0,100000.0,0.0
2024-01-24 11:52:00-05:00,100000.0,100000.0,0.0
2024-01-24 11:53:00-05:00,100000.0,100000.0,0.0
2024-01-24 11:54:00-05:00,100000.0,100000.0,0.0
2024-01-24 11:55:00-05:00,100000.0,100000.0,0.0
2024-01-24 11:56:00-05:00,100000.0,100000.0,0.0
2024-01-24 11:57:00-05:00,100000.0,100000.0,0.0
2024-01-24 11:58:00-05:00,100000.0,100000.0,0.0
2024-01-24 11:59:00-05:00,100000.0,100000.0,0.0
2024-01-24 12:00:00-05:00,100000.0,100000.0,0.0
2024-01-24 12:01:00-05:00,100000.0,100000.0,0.0
2024-01-24 12:02:00-05:00,100000.0,100000.0,0.0
2024-01-24 12:03:00-05:00,100000.0,100000.0,0.0
2024-01-24 12:04:00-05:00,100000.0,100000.0,0.0
2024-01-24 12:05:00-05:00,100000.0,100000.0,0.0
2024-01-24 12:06:00-05:00,100000.0,100000.0,0.0
2024-01-24 12:07:00-05:00,100000.0,100000.0,0.0
2024-01-24 12:08:00-05:00,100000.0,100000.0,0.0
2024-01-24 12:09:00-05:00,100000.0,100000.0,0.0
2024-01-24 12:10:00-05:00,100000.0,100000.0,0.0
2024-01-24 12:11:00-05:00,100000.0,100000.0,0.0
2024-01-24 12:12:00-05:00,100000.0,100000.0,0.0
2024-01-24 12:13:00-05:00,100000.0,100000.0,0.0
2024-01-24 12:14:00-05:00,100000.0,100000.0,0.0
2024-01-24 12:15:00-05:00,100000.0,100000.0,0.0
2024-01-24 12:16:00-05:00,100000.0,100000.0,0.0
2024-01-24 12:17:00-05:00,100000.0,100000.0,0.0
2024-01-24 12:18:00-05:00,100000.0,100000.0,0.0
2024-01-24 12:19:00-05:00,100000.0,100000.0,0.0
2024-01-24 12:20:00-05:00,100000.0,100000.0,0.0
2024-01-24 12:21:00-05:00,100000.0,100000.0,0.0
2024-01-24 12:22:00-05:00,100000.0,100000.0,0.0
2024-01-24 12:23:00-05:00,100000.0,100000.0,0.0
2024-01-24 12:24:00-05:00,100000.0,100000.0,0.0
2024-01-24 12:25:00-05:00,100000.0,100000.0,0.0
2024-01-24 12:26:00-05:00,100000.0,100000.0,0.0
2024-01-24 12:27:00-05:00,100000.0,100000.0,0.0
2024-01-24 12:28:00-05:00,100000.0,100000.0,0.0
2024-01-24 12:29:00-05:00,100000.0,100000.0,0.0
2024-01-24 12:30:00-05:00,100000.0,100000.0,0.0
2024-01-24 12:31:00-05:00,100000.0,100000.0,0.0
2024-01-24 12:32:00-05:00,100000.0,100000.0,0.0
2024-01-24 12:33:00-05:00,100000.0,100000.0,0.0
2024-01-24 12:34:00-05:00,100000.0,100000.0,0.0
2024-01-24 12:35:00-05:00,100000.0,100000.0,0.0
2024-01-24 12:36:00-05:00,100000.0,100000.0,0.0
2024-01-24 12:37:00-05:00,100000.0,100000.0,0.0
2024-01-24 12:38:00-05:00,100000.0,100000.0,0.0
2024-01-24 12:39:00-05:00,100000.0,100000.0,0.0
2024-01-24 12:40:00-05:00,100000.0,100000.0,0.0
2024-01-24 12:41:00-05:00,100000.0,100000.0,0.0
2024-01-24 12:42:00-05:00,100000.0,100000.0,0.0
2024-01-24 12:43:00-05:00,100000.0,100000.0,0.0
2024-01-24 12:44:00-05:00,100000.0,100000.0,0.0
2024-01-24 12:45:00-05:00,100000.0,100000.0,0.0
2024-01-24 12:46:00-05:00,100000.0,100000.0,0.0
2024-01-24 12:47:00-05:00,100000.0,100000.0,0.0
2024-01-24 12:48:00-05:00,100000.0,100000.0,0.0
2024-01-24 12:49:00-05:00,100000.0,100000.0,0.0
2024-01-24 12:50:00-05:00,100000.0,100000.0,0.0
2024-01-24 12:51:00-05:00,100000.0,100000.0,0.0
2024-01-24 12:52:00-05:00,100000.0,100000.0,0.0
2024-01-24 12:53:00-05:00,100000.0,100000.0,0.0
2024-01-24 12:54:00-05:00,100000.0,100000.0,0.0
2024-01-24 12:55:00-05:00,100000.0,100000.0,0.0
2024-01-24 12:56:00-05:00,100000.0,100000.0,0.0
2024-01-24 12:57:00-05:00,100000.0,100000.0,0.0
2024-01-24 12:58:00-05:00,100000.0,100000.0,0.0
2024-01-24 12:59:00-05:00,100000.0,100000.0,0.0
2024-01-24 13:00:00-05:00,100000.0,100000.0,0.0
2024-01-24 13:01:00-05:00,100000.0,100000.0,0.0
2024-01-24 13:02:00-05:00,100000.0,100000.0,0.0
2024-01-24 13:03:00-05:00,100000.0,100000.0,0.0
2024-01-24 13:04:00-05:00,100000.0,100000.0,0.0
2024-01-24 13:05:00-05:00,100000.0,100000.0,0.0
2024-01-24 13:06:00-05:00,100000.0,100000.0,0.0
2024-01-24 13:07:00-05:00,100000.0,100000.0,0.0
2024-01-24 13:08:00-05:00,100000.0,100000.0,0.0
2024-01-24 13:09:00-05:00,100000.0,100000.0,0.0
2024-01-24 13:10:00-05:00,100000.0,100000.0,0.0
2024-01-24 13:11:00-05:00,100000.0,100000.0,0.0
2024-01-24 13:12:00-05:00,100000.0,100000.0,0.0
2024-01-24 13:13:00-05:00,100000.0,100000.0,0.0
2024-01-24 13:14:00-05:00,100000.0,100000.0,0.0
2024-01-24 13:15:00-05:00,100000.0,100000.0,0.0
2024-01-24 13:16:00-05:00,100000.0,100000.0,0.0
2024-01-24 13:17:00-05:00,100000.0,100000.0,0.0
2024-01-24 13:18:00-05:00,100000.0,100000.0,0.0
2024-01-24 13:19:00-05:00,100000.0,100000.0,0.0
2024-01-24 13:20:00-05:00,100000.0,100000.0,0.0
2024-01-24 13:21:00-05:00,100000.0,100000.0,0.0
2024-01-24 13:22:00-05:00,100000.0,100000.0,0.0
2024-01-24 13:23:00-05:00,100000.0,100000.0,0.0
2024-01-24 13:24:00-05:00,100000.0,100000.0,0.0
2024-01-24 13:25:00-05:00,100000.0,100000.0,0.0
2024-01-24 13:26:00-05:00,100000.0,100000.0,0.0
2024-01-24 13:27:00-05:00,100000.0,100000.0,0.0
2024-01-24 13:28:00-05:00,100000.0,100000.0,0.0
2024-01-24 13:29:00-05:00,100000.0,100000.0,0.0
2024-01-24 13:30:00-05:00,100000.0,100000.0,0.0
2024-01-24 13:31:00-05:00,100000.0,100000.0,0.0
2024-01-24 13:32:00-05:00,100000.0,100000.0,0.0
2024-01-24 13:33:00-05:00,100000.0,100000.0,0.0
2024-01-24 13:34:00-05:00,100000.0,100000.0,0.0
2024-01-24 13:35:00-05:00,100000.0,100000.0,0.0
2024-01-24 13:36:00-05:00,100000.0,100000.0,0.0
2024-01-24 13:37:00-05:00,100000.0,100000.0,0.0
2024-01-24 13:38:00-05:00,100000.0,100000.0,0.0
2024-01-24 13:39:00-05:00,100000.0,100000.0,0.0
2024-01-24 13:40:00-05:00,100000.0,100000.0,0.0
2024-01-24 13:41:00-05:00,100000.0,100000.0,0.0
2024-01-24 13:42:00-05:00,100000.0,100000.0,0.0
2024-01-24 13:43:00-05:00,100000.0,100000.0,0.0
2024-01-24 13:44:00-05:00,100000.0,100000.0,0.0
2024-01-24 13:45:00-05:00,100000.0,100000.0,0.0
2024-01-24 13:46:00-05:00,100000.0,100000.0,0.0
2024-01-24 13:47:00-05:00,100000.0,100000.0,0.0
2024-01-24 13:48:00-05:00,100000.0,100000.0,0.0
2024-01-24 13:49:00-05:00,100000.0,100000.0,0.0
2024-01-24 13:50:00-05:00,100000.0,100000.0,0.0
2024-01-24 13:51:00-05:00,100000.0,100000.0,0.0
2024-01-24 13:52:00-05:00,100000.0,100000.0,0.0
2024-01-24 13:53:00-05:00,100000.0,100000.0,0.0
2024-01-24 13:54:00-05:00,100000.0,100000.0,0.0
2024-01-24 13:55:00-05:00,100000.0,100000.0,0.0
2024-01-24 13:56:00-05:00,100000.0,100000.0,0.0
2024-01-24 13:57:00-05:00,100000.0,100000.0,0.0
2024-01-24 13:58:00-05:00,100000.0,100000.0,0.0
2024-01-24 13:59:00-05:00,100000.0,100000.0,0.0
2024-01-24 14:00:00-05:00,100000.0,100000.0,0.0
2024-01-24 14:01:00-05:00,100000.0,100000.0,0.0
2024-01-24 14:02:00-05:00,100000.0,100000.0,0.0
2024-01-24 14:03:00-05:00,100000.0,100000.0,0.0
2024-01-24 14:04:00-05:00,100000.0,100000.0,0.0
2024-01-24 14:05:00-05:00,100000.0,100000.0,0.0
2024-01-24 14:06:00-05:00,100000.0,100000.0,0.0
2024-01-24 14:07:00-05:00,100000.0,100000.0,0.0
2024-01-24 14:08:00-05:00,100000.0,100000.0,0.0
2024-01-24 14:09:00-05:00,100000.0,100000.0,0.0
2024-01-24 14:10:00-05:00,100000.0,100000.0,0.0
2024-01-24 14:11:00-05:00,100000.0,100000.0,0.0
2024-01-24 14:12:00-05:00,100000.0,100000.0,0.0
2024-01-24 14:13:00-05:00,100000.0,100000.0,0.0
2024-01-24 14:14:00-05:00,100000.0,100000.0,0.0
2024-01-24 14:15:00-05:00,100000.0,100000.0,0.0
2024-01-24 14:16:00-05:00,100000.0,100000.0,0.0
2024-01-24 14:17:00-05:00,100000.0,100000.0,0.0
2024-01-24 14:18:00-05:00,100000.0,100000.0,0.0
2024-01-24 14:19:00-05:00,100000.0,100000.0,0.0
2024-01-24 14:20:00-05:00,100000.0,100000.0,0.0
2024-01-24 14:21:00-05:00,100000.0,100000.0,0.0
2024-01-24 14:22:00-05:00,100000.0,100000.0,0.0
2024-01-24 14:23:00-05:00,100000.0,100000.0,0.0
2024-01-24 14:24:00-05:00,100000.0,100000.0,0.0
2024-01-24 14:25:00-05:00,100000.0,100000.0,0.0
2024-01-24 14:26:00-05:00,100000.0,100000.0,0.0
2024-01-24 14:27:00-05:00,100000.0,100000.0,0.0
2024-01-24 14:28:00-05:00,100000.0,100000.0,0.0
2024-01-24 14:29:00-05:00,100000.0,100000.0,0.0
2024-01-24 14:30:00-05:00,100000.0,100000.0,0.0
2024-01-24 14:31:00-05:00,100000.0,100000.0,0.0
2024-01-24 14:32:00-05:00,100000.0,100000.0,0.0
2024-01-24 14:33:00-05:00,100000.0,100000.0,0.0
2024-01-24 14:34:00-05:00,100000.0,100000.0,0.0
2024-01-24 14:35:00-05:00,100000.0,100000.0,0.0
2024-01-24 14:36:00-05:00,100000.0,100000.0,0.0
2024-01-24 14:37:00-05:00,100000.0,100000.0,0.0
2024-01-24 14:38:00-05:00,100000.0,100000.0,0.0
2024-01-24 14:39:00-05:00,100000.0,100000.0,0.0
2024-01-24 14:40:00-05:00,100000.0,100000.0,0.0
2024-01-24 14:41:00-05:00,100000.0,100000.0,0.0
2024-01-24 14:42:00-05:00,100000.0,100000.0,0.0
2024-01-24 14:43:00-05:00,100000.0,100000.0,0.0
2024-01-24 14:44:00-05:00,100000.0,100000.0,0.0
2024-01-24 14:45:00-05:00,100000.0,100000.0,0.0
2024-01-24 14:46:00-05:00,100000.0,100000.0,0.0
2024-01-24 14:47:00-05:00,100000.0,100000.0,0.0
2024-01-24 14:48:00-05:00,100000.0,100000.0,0.0
2024-01-24 14:49:00-05:00,100000.0,100000.0,0.0
2024-01-24 14:50:00-05:00,100000.0,100000.0,0.0
2024-01-24 14:51:00-05:00,100000.0,100000.0,0.0
2024-01-24 14:52:00-05:00,100000.0,100000.0,0.0
2024-01-24 14:53:00-05:00,100000.0,100000.0,0.0
2024-01-24 14:54:00-05:00,100000.0,100000.0,0.0
2024-01-24 14:55:00-05:00,100000.0,100000.0,0.0
2024-01-24 14:56:00-05:00,100000.0,100000.0,0.0
2024-01-24 14:57:00-05:00,100000.0,100000.0,0.0
2024-01-24 14:58:00-05:00,100000.0,100000.0,0.0
2024-01-24 14:59:00-05:00,100000.0,100000.0,0.0
2024-01-24 15:00:00-05:00,100000.0,100000.0,0.0
2024-01-24 15:01:00-05:00,100000.0,100000.0,0.0
2024-01-24 15:02:00-05:00,100000.0,100000.0,0.0
2024-01-24 15:03:00-05:00,100000.0,100000.0,0.0
2024-01-24 15:04:00-05:00,100000.0,100000.0,0.0
2024-01-24 15:05:00-05:00,100000.0,100000.0,0.0
2024-01-24 15:06:00-05:00,100000.0,100000.0,0.0
2024-01-24 15:07:00-05:00,100000.0,100000.0,0.0
2024-01-24 15:08:00-05:00,100000.0,100000.0,0.0
2024-01-24 15:09:00-05:00,100000.0,100000.0,0.0
2024-01-24 15:10:00-05:00,100000.0,100000.0,0.0
2024-01-24 15:11:00-05:00,100000.0,100000.0,0.0
2024-01-24 15:12:00-05:00,100000.0,100000.0,0.0
2024-01-24 15:13:00-05:00,100000.0,100000.0,0.0
2024-01-24 15:14:00-05:00,100000.0,100000.0,0.0
2024-01-24 15:15:00-05:00,100000.0,100000.0,0.0
2024-01-24 15:16:00-05:00,100000.0,100000.0,0.0
2024-01-24 15:17:00-05:00,100000.0,100000.0,0.0
2024-01-24 15:18:00-05:00,100000.0,100000.0,0.0
2024-01-24 15:19:00-05:00,100000.0,100000.0,0.0
2024-01-24 15:20:00-05:00,100000.0,100000.0,0.0
2024-01-24 15:21:00-05:00,100000.0,100000.0,0.0
2024-01-24 15:22:00-05:00,100000.0,100000.0,0.0
2024-01-24 15:23:00-05:00,100000.0,100000.0,0.0
2024-01-24 15:24:00-05:00,100000.0,100000.0,0.0
2024-01-24 15:25:00-05:00,100000.0,100000.0,0.0
2024-01-24 15:26:00-05:00,100000.0,100000.0,0.0
2024-01-24 15:27:00-05:00,100000.0,100000.0,0.0
2024-01-24 15:28:00-05:00,100000.0,100000.0,0.0
2024-01-24 15:29:00-05:00,100000.0,100000.0,0.0
2024-01-24 15:30:00-05:00,100000.0,100000.0,0.0
2024-01-24 15:31:00-05:00,100000.0,100000.0,0.0
2024-01-24 15:32:00-05:00,100000.0,100000.0,0.0
2024-01-24 15:33:00-05:00,100000.0,100000.0,0.0
2024-01-24 15:34:00-05:00,100000.0,100000.0,0.0
2024-01-24 15:35:00-05:00,100000.0,100000.0,0.0
2024-01-24 15:36:00-05:00,100000.0,100000.0,0.0
2024-01-24 15:37:00-05:00,100000.0,100000.0,0.0
2024-01-24 15:38:00-05:00,100000.0,100000.0,0.0
2024-01-24 15:39:00-05:00,100000.0,100000.0,0.0
2024-01-24 15:40:00-05:00,100000.0,100000.0,0.0
2024-01-24 15:41:00-05:00,100000.0,100000.0,0.0
2024-01-24 15:42:00-05:00,100000.0,100000.0,0.0
2024-01-24 15:43:00-05:00,100000.0,100000.0,0.0
2024-01-24 15:44:00-05:00,100000.0,100000.0,0.0
2024-01-24 15:45:00-05:00,100000.0,100000.0,0.0
2024-01-24 15:46:00-05:00,100000.0,100000.0,0.0
2024-01-24 15:47:00-05:00,100000.0,100000.0,0.0
2024-01-24 15:48:00-05:00,100000.0,100000.0,0.0
2024-01-24 15:49:00-05:00,100000.0,100000.0,0.0
2024-01-24 15:50:00-05:00,100000.0,100000.0,0.0
2024-01-24 15:51:00-05:00,100000.0,100000.0,0.0
2024-01-24 15:52:00-05:00,100000.0,100000.0,0.0
2024-01-24 15:53:00-05:00,100000.0,100000.0,0.0
2024-01-24 15:54:00-05:00,100000.0,100000.0,0.0
2024-01-24 15:55:00-05:00,100000.0,100000.0,0.0
2024-01-24 15:56:00-05:00,100000.0,100000.0,0.0
2024-01-24 15:57:00-05:00,100000.0,100000.0,0.0
2024-01-24 15:58:00-05:00,100000.0,100000.0,0.0
2024-01-24 15:59:00-05:00,100000.0,100000.0,0.0
2024-01-25 09:30:00-05:00,100000.0,100000.0,0.0
2024-01-25 09:31:00-05:00,100000.0,100000.0,0.0
2024-01-25 09:32:00-05:00,100000.0,100000.0,0.0
2024-01-25 09:33:00-05:00,100000.0,100000.0,0.0
2024-01-25 09:34:00-05:00,100000.0,100000.0,0.0
2024-01-25 09:35:00-05:00,100000.0,100000.0,0.0
2024-01-25 09:36:00-05:00,100000.0,100000.0,0.0
2024-01-25 09:37:00-05:00,100000.0,100000.0,0.0
2024-01-25 09:38:00-05:00,100000.0,100000.0,0.0
2024-01-25 09:39:00-05:00,100000.0,100000.0,0.0
2024-01-25 09:40:00-05:00,100000.0,100000.0,0.0
2024-01-25 09:41:00-05:00,100000.0,100000.0,0.0
2024-01-25 09:42:00-05:00,100000.0,100000.0,0.0
2024-01-25 09:43:00-05:00,100000.0,100000.0,0.0
2024-01-25 09:44:00-05:00,100000.0,100000.0,0.0
2024-01-25 09:45:00-05:00,100000.0,100000.0,0.0
2024-01-25 09:46:00-05:00,100000.0,100000.0,0.0
2024-01-25 09:47:00-05:00,100000.0,100000.0,0.0
2024-01-25 09:48:00-05:00,100000.0,100000.0,0.0
2024-01-25 09:49:00-05:00,100000.0,100000.0,0.0
2024-01-25 09:50:00-05:00,100000.0,100000.0,0.0
2024-01-25 09:51:00-05:00,100000.0,100000.0,0.0
2024-01-25 09:52:00-05:00,100000.0,100000.0,0.0
2024-01-25 09:53:00-05:00,100000.0,100000.0,0.0
2024-01-25 09:54:00-05:00,100000.0,100000.0,0.0
2024-01-25 09:55:00-05:00,100000.0,100000.0,0.0
2024-01-25 09:56:00-05:00,100000.0,100000.0,0.0
2024-01-25 09:57:00-05:00,100000.0,100000.0,0.0
2024-01-25 09:58:00-05:00,100000.0,100000.0,0.0
2024-01-25 09:59:00-05:00,100000.0,100000.0,0.0
2024-01-25 10:00:00-05:00,100000.0,100000.0,0.0
2024-01-25 10:01:00-05:00,100000.0,100000.0,0.0
2024-01-25 10:02:00-05:00,100000.0,100000.0,0.0
2024-01-25 10:03:00-05:00,100000.0,100000.0,0.0
2024-01-25 10:04:00-05:00,100000.0,100000.0,0.0
2024-01-25 10:05:00-05:00,100000.0,100000.0,0.0
2024-01-25 10:06:00-05:00,100000.0,100000.0,0.0
2024-01-25 10:07:00-05:00,100000.0,100000.0,0.0
2024-01-25 10:08:00-05:00,100000.0,100000.0,0.0
2024-01-25 10:09:00-05:00,100000.0,100000.0,0.0
2024-01-25 10:10:00-05:00,100000.0,100000.0,0.0
2024-01-25 10:11:00-05:00,100000.0,100000.0,0.0
2024-01-25 10:12:00-05:00,100000.0,100000.0,0.0
2024-01-25 10:13:00-05:00,100000.0,100000.0,0.0
2024-01-25 10:14:00-05:00,100000.0,100000.0,0.0
2024-01-25 10:15:00-05:00,100000.0,100000.0,0.0
2024-01-25 10:16:00-05:00,100000.0,100000.0,0.0
2024-01-25 10:17:00-05:00,100000.0,100000.0,0.0
2024-01-25 10:18:00-05:00,100000.0,100000.0,0.0
2024-01-25 10:19:00-05:00,100000.0,100000.0,0.0
2024-01-25 10:20:00-05:00,100000.0,100000.0,0.0
2024-01-25 10:21:00-05:00,100000.0,100000.0,0.0
2024-01-25 10:22:00-05:00,100000.0,100000.0,0.0
2024-01-25 10:23:00-05:00,100000.0,100000.0,0.0
2024-01-25 10:24:00-05:00,100000.0,100000.0,0.0
2024-01-25 10:25:00-05:00,100000.0,100000.0,0.0
2024-01-25 10:26:00-05:00,100000.0,100000.0,0.0
2024-01-25 10:27:00-05:00,100000.0,100000.0,0.0
2024-01-25 10:28:00-05:00,100000.0,100000.0,0.0
2024-01-25 10:29:00-05:00,100000.0,100000.0,0.0
2024-01-25 10:30:00-05:00,100000.0,100000.0,0.0
2024-01-25 10:31:00-05:00,100000.0,100000.0,0.0
2024-01-25 10:32:00-05:00,100000.0,100000.0,0.0
2024-01-25 10:33:00-05:00,100000.0,100000.0,0.0
2024-01-25 10:34:00-05:00,100000.0,100000.0,0.0
2024-01-25 10:35:00-05:00,100000.0,100000.0,0.0
2024-01-25 10:36:00-05:00,100000.0,100000.0,0.0
2024-01-25 10:37:00-05:00,100000.0,100000.0,0.0
2024-01-25 10:38:00-05:00,100000.0,100000.0,0.0
2024-01-25 10:39:00-05:00,100000.0,100000.0,0.0
2024-01-25 10:40:00-05:00,100000.0,100000.0,0.0
2024-01-25 10:41:00-05:00,100000.0,100000.0,0.0
2024-01-25 10:42:00-05:00,100000.0,100000.0,0.0
2024-01-25 10:43:00-05:00,100000.0,100000.0,0.0
2024-01-25 10:44:00-05:00,100000.0,100000.0,0.0
2024-01-25 10:45:00-05:00,100000.0,100000.0,0.0
2024-01-25 10:46:00-05:00,100000.0,100000.0,0.0
2024-01-25 10:47:00-05:00,100000.0,100000.0,0.0
2024-01-25 10:48:00-05:00,100000.0,100000.0,0.0
2024-01-25 10:49:00-05:00,100000.0,100000.0,0.0
2024-01-25 10:50:00-05:00,100000.0,100000.0,0.0
2024-01-25 10:51:00-05:00,100000.0,100000.0,0.0
2024-01-25 10:52:00-05:00,100000.0,100000.0,0.0
2024-01-25 10:53:00-05:00,100000.0,100000.0,0.0
2024-01-25 10:54:00-05:00,100000.0,100000.0,0.0
2024-01-25 10:55:00-05:00,100000.0,100000.0,0.0
2024-01-25 10:56:00-05:00,100000.0,100000.0,0.0
2024-01-25 10:57:00-05:00,100000.0,100000.0,0.0
2024-01-25 10:58:00-05:00,100000.0,100000.0,0.0
2024-01-25 10:59:00-05:00,100000.0,100000.0,0.0
2024-01-25 11:00:00-05:00,100000.0,100000.0,0.0
2024-01-25 11:01:00-05:00,100000.0,100000.0,0.0
2024-01-25 11:02:00-05:00,100000.0,100000.0,0.0
2024-01-25 11:03:00-05:00,100000.0,100000.0,0.0
2024-01-25 11:04:00-05:00,100000.0,100000.0,0.0
2024-01-25 11:05:00-05:00,100000.0,100000.0,0.0
2024-01-25 11:06:00-05:00,100000.0,100000.0,0.0
2024-01-25 11:07:00-05:00,100000.0,100000.0,0.0
2024-01-25 11:08:00-05:00,100000.0,100000.0,0.0
2024-01-25 11:09:00-05:00,100000.0,100000.0,0.0
2024-01-25 11:10:00-05:00,100000.0,100000.0,0.0
2024-01-25 11:11:00-05:00,100000.0,100000.0,0.0
2024-01-25 11:12:00-05:00,100000.0,100000.0,0.0
2024-01-25 11:13:00-05:00,100000.0,100000.0,0.0
2024-01-25 11:14:00-05:00,100000.0,100000.0,0.0
2024-01-25 11:15:00-05:00,100000.0,100000.0,0.0
2024-01-25 11:16:00-05:00,100000.0,100000.0,0.0
2024-01-25 11:17:00-05:00,100000.0,100000.0,0.0
2024-01-25 11:18:00-05:00,100000.0,100000.0,0.0
2024-01-25 11:19:00-05:00,100000.0,100000.0,0.0
2024-01-25 11:20:00-05:00,100000.0,100000.0,0.0
2024-01-25 11:21:00-05:00,100000.0,100000.0,0.0
2024-01-25 11:22:00-05:00,100000.0,100000.0,0.0
2024-01-25 11:23:00-05:00,100000.0,100000.0,0.0
2024-01-25 11:24:00-05:00,100000.0,100000.0,0.0
2024-01-25 11:25:00-05:00,100000.0,100000.0,0.0
2024-01-25 11:26:00-05:00,100000.0,100000.0,0.0
2024-01-25 11:27:00-05:00,100000.0,100000.0,0.0
2024-01-25 11:28:00-05:00,100000.0,100000.0,0.0
2024-01-25 11:29:00-05:00,100000.0,100000.0,0.0
2024-01-25 11:30:00-05:00,100000.0,100000.0,0.0
2024-01-25 11:31:00-05:00,100000.0,100000.0,0.0
2024-01-25 11:32:00-05:00,100000.0,100000.0,0.0
2024-01-25 11:33:00-05:00,100000.0,100000.0,0.0
2024-01-25 11:34:00-05:00,100000.0,100000.0,0.0
2024-01-25 11:35:00-05:00,100000.0,100000.0,0.0
2024-01-25 11:36:00-05:00,100000.0,100000.0,0.0
2024-01-25 11:37:00-05:00,100000.0,100000.0,0.0
2024-01-25 11:38:00-05:00,100000.0,100000.0,0.0
2024-01-25 11:39:00-05:00,100000.0,100000.0,0.0
2024-01-25 11:40:00-05:00,100000.0,100000.0,0.0
2024-01-25 11:41:00-05:00,100000.0,100000.0,0.0
2024-01-25 11:42:00-05:00,100000.0,100000.0,0.0
2024-01-25 11:43:00-05:00,100000.0,100000.0,0.0
2024-01-25 11:44:00-05:00,100000.0,100000.0,0.0
2024-01-25 11:45:00-05:00,100000.0,100000.0,0.0
2024-01-25 11:46:00-05:00,100000.0,100000.0,0.0
2024-01-25 11:47:00-05:00,100000.0,100000.0,0.0
2024-01-25 11:48:00-05:00,100000.0,100000.0,0.0
2024-01-25 11:49:00-05:00,100000.0,100000.0,0.0
2024-01-25 11:50:00-05:00,100000.0,100000.0,0.0
2024-01-25 11:51:00-05:00,100000.0,100000.0,0.0
2024-01-25 11:52:00-05:00,100000.0,100000.0,0.0
2024-01-25 11:53:00-05:00,100000.0,100000.0,0.0
2024-01-25 11:54:00-05:00,100000.0,100000.0,0.0
2024-01-25 11:55:00-05:00,100000.0,100000.0,0.0
2024-01-25 11:56:00-05:00,100000.0,100000.0,0.0
2024-01-25 11:57:00-05:00,100000.0,100000.0,0.0
2024-01-25 11:58:00-05:00,100000.0,100000.0,0.0
2024-01-25 11:59:00-05:00,100000.0,100000.0,0.0
2024-01-25 12:00:00-05:00,100000.0,100000.0,0.0
2024-01-25 12:01:00-05:00,100000.0,100000.0,0.0
2024-01-25 12:02:00-05:00,100000.0,100000.0,0.0
2024-01-25 12:03:00-05:00,100000.0,100000.0,0.0
2024-01-25 12:04:00-05:00,100000.0,100000.0,0.0
2024-01-25 12:05:00-05:00,100000.0,100000.0,0.0
2024-01-25 12:06:00-05:00,100000.0,100000.0,0.0
2024-01-25 12:07:00-05:00,100000.0,100000.0,0.0
2024-01-25 12:08:00-05:00,100000.0,100000.0,0.0
2024-01-25 12:09:00-05:00,100000.0,100000.0,0.0
2024-01-25 12:10:00-05:00,100000.0,100000.0,0.0
2024-01-25 12:11:00-05:00,100000.0,100000.0,0.0
2024-01-25 12:12:00-05:00,100000.0,100000.0,0.0
2024-01-25 12:13:00-05:00,100000.0,100000.0,0.0
2024-01-25 12:14:00-05:00,100000.0,100000.0,0.0
2024-01-25 12:15:00-05:00,100000.0,100000.0,0.0
2024-01-25 12:16:00-05:00,100000.0,100000.0,0.0
2024-01-25 12:17:00-05:00,100000.0,100000.0,0.0
2024-01-25 12:18:00-05:00,100000.0,100000.0,0.0
2024-01-25 12:19:00-05:00,100000.0,100000.0,0.0
2024-01-25 12:20:00-05:00,100000.0,100000.0,0.0
2024-01-25 12:21:00-05:00,100000.0,100000.0,0.0
2024-01-25 12:22:00-05:00,100000.0,100000.0,0.0
2024-01-25 12:23:00-05:00,100000.0,100000.0,0.0
2024-01-25 12:24:00-05:00,100000.0,100000.0,0.0
2024-01-25 12:25:00-05:00,100000.0,100000.0,0.0
2024-01-25 12:26:00-05:00,100000.0,100000.0,0.0
2024-01-25 12:27:00-05:00,100000.0,100000.0,0.0
2024-01-25 12:28:00-05:00,100000.0,100000.0,0.0
2024-01-25 12:29:00-05:00,100000.0,100000.0,0.0
2024-01-25 12:30:00-05:00,100000.0,100000.0,0.0
2024-01-25 12:31:00-05:00,100000.0,100000.0,0.0
2024-01-25 12:32:00-05:00,100000.0,100000.0,0.0
2024-01-25 12:33:00-05:00,100000.0,100000.0,0.0
2024-01-25 12:34:00-05:00,100000.0,100000.0,0.0
2024-01-25 12:35:00-05:00,100000.0,100000.0,0.0
2024-01-25 12:36:00-05:00,100000.0,100000.0,0.0
2024-01-25 12:37:00-05:00,100000.0,100000.0,0.0
2024-01-25 12:38:00-05:00,100000.0,100000.0,0.0
2024-01-25 12:39:00-05:00,100000.0,100000.0,0.0
2024-01-25 12:40:00-05:00,100000.0,100000.0,0.0
2024-01-25 12:41:00-05:00,100000.0,100000.0,0.0
2024-01-25 12:42:00-05:00,100000.0,100000.0,0.0
2024-01-25 12:43:00-05:00,100000.0,100000.0,0.0
2024-01-25 12:44:00-05:00,100000.0,100000.0,0.0
2024-01-25 12:45:00-05:00,100000.0,100000.0,0.0
2024-01-25 12:46:00-05:00,100000.0,100000.0,0.0
2024-01-25 12:47:00-05:00,100000.0,100000.0,0.0
2024-01-25 12:48:00-05:00,100000.0,100000.0,0.0
2024-01-25 12:49:00-05:00,100000.0,100000.0,0.0
2024-01-25 12:50:00-05:00,100000.0,100000.0,0.0
2024-01-25 12:51:00-05:00,100000.0,100000.0,0.0
2024-01-25 12:52:00-05:00,100000.0,100000.0,0.0
2024-01-25 12:53:00-05:00,100000.0,100000.0,0.0
2024-01-25 12:54:00-05:00,100000.0,100000.0,0.0
2024-01-25 12:55:00-05:00,100000.0,100000.0,0.0
2024-01-25 12:56:00-05:00,100000.0,100000.0,0.0
2024-01-25 12:57:00-05:00,100000.0,100000.0,0.0
2024-01-25 12:58:00-05:00,100000.0,100000.0,0.0
2024-01-25 12:59:00-05:00,100000.0,100000.0,0.0
2024-01-25 13:00:00-05:00,100000.0,100000.0,0.0
2024-01-25 13:01:00-05:00,100000.0,100000.0,0.0
2024-01-25 13:02:00-05:00,100000.0,100000.0,0.0
2024-01-25 13:03:00-05:00,100000.0,100000.0,0.0
2024-01-25 13:04:00-05:00,100000.0,100000.0,0.0
2024-01-25 13:05:00-05:00,100000.0,100000.0,0.0
2024-01-25 13:06:00-05:00,100000.0,100000.0,0.0
2024-01-25 13:07:00-05:00,100000.0,100000.0,0.0
2024-01-25 13:08:00-05:00,100000.0,100000.0,0.0
2024-01-25 13:09:00-05:00,100000.0,100000.0,0.0
2024-01-25 13:10:00-05:00,100000.0,100000.0,0.0
2024-01-25 13:11:00-05:00,100000.0,100000.0,0.0
2024-01-25 13:12:00-05:00,100000.0,100000.0,0.0
2024-01-25 13:13:00-05:00,100000.0,100000.0,0.0
2024-01-25 13:14:00-05:00,100000.0,100000.0,0.0
2024-01-25 13:15:00-05:00,100000.0,100000.0,0.0
2024-01-25 13:16:00-05:00,100000.0,100000.0,0.0
2024-01-25 13:17:00-05:00,100000.0,100000.0,0.0
2024-01-25 13:18:00-05:00,100000.0,100000.0,0.0
2024-01-25 13:19:00-05:00,100000.0,100000.0,0.0
2024-01-25 13:20:00-05:00,100000.0,100000.0,0.0
2024-01-25 13:21:00-05:00,100000.0,100000.0,0.0
2024-01-25 13:22:00-05:00,100000.0,100000.0,0.0
2024-01-25 13:23:00-05:00,100000.0,100000.0,0.0
2024-01-25 13:24:00-05:00,100000.0,100000.0,0.0
2024-01-25 13:25:00-05:00,100000.0,100000.0,0.0
2024-01-25 13:26:00-05:00,100000.0,100000.0,0.0
2024-01-25 13:27:00-05:00,100000.0,100000.0,0.0
2024-01-25 13:28:00-05:00,100000.0,100000.0,0.0
2024-01-25 13:29:00-05:00,100000.0,100000.0,0.0
2024-01-25 13:30:00-05:00,100000.0,100000.0,0.0
2024-01-25 13:31:00-05:00,100000.0,100000.0,0.0
2024-01-25 13:32:00-05:00,100000.0,100000.0,0.0
2024-01-25 13:33:00-05:00,100000.0,100000.0,0.0
2024-01-25 13:34:00-05:00,100000.0,100000.0,0.0
2024-01-25 13:35:00-05:00,100000.0,100000.0,0.0
2024-01-25 13:36:00-05:00,100000.0,100000.0,0.0
2024-01-25 13:37:00-05:00,100000.0,100000.0,0.0
2024-01-25 13:38:00-05:00,100000.0,100000.0,0.0
2024-01-25 13:39:00-05:00,100000.0,100000.0,0.0
2024-01-25 13:40:00-05:00,100000.0,100000.0,0.0
2024-01-25 13:41:00-05:00,100000.0,100000.0,0.0
2024-01-25 13:42:00-05:00,100000.0,100000.0,0.0
2024-01-25 13:43:00-05:00,100000.0,100000.0,0.0
2024-01-25 13:44:00-05:00,100000.0,100000.0,0.0
2024-01-25 13:45:00-05:00,100000.0,100000.0,0.0
2024-01-25 13:46:00-05:00,100000.0,100000.0,0.0
2024-01-25 13:47:00-05:00,100000.0,100000.0,0.0
2024-01-25 13:48:00-05:00,100000.0,100000.0,0.0
2024-01-25 13:49:00-05:00,100000.0,100000.0,0.0
2024-01-25 13:50:00-05:00,100000.0,100000.0,0.0
2024-01-25 13:51:00-05:00,100000.0,100000.0,0.0
2024-01-25 13:52:00-05:00,100000.0,100000.0,0.0
2024-01-25 13:53:00-05:00,100000.0,100000.0,0.0
2024-01-25 13:54:00-05:00,100000.0,100000.0,0.0
2024-01-25 13:55:00-05:00,100000.0,100000.0,0.0
2024-01-25 13:56:00-05:00,100000.0,100000.0,0.0
2024-01-25 13:57:00-05:00,100000.0,100000.0,0.0
2024-01-25 13:58:00-05:00,100000.0,100000.0,0.0
2024-01-25 13:59:00-05:00,100000.0,100000.0,0.0
2024-01-25 14:00:00-05:00,100000.0,100000.0,0.0
2024-01-25 14:01:00-05:00,100000.0,100000.0,0.0
2024-01-25 14:02:00-05:00,100000.0,100000.0,0.0
2024-01-25 14:03:00-05:00,100000.0,100000.0,0.0
2024-01-25 14:04:00-05:00,100000.0,100000.0,0.0
2024-01-25 14:05:00-05:00,100000.0,100000.0,0.0
2024-01-25 14:06:00-05:00,100000.0,100000.0,0.0
2024-01-25 14:07:00-05:00,100000.0,100000.0,0.0
2024-01-25 14:08:00-05:00,100000.0,100000.0,0.0
2024-01-25 14:09:00-05:00,100000.0,100000.0,0.0
2024-01-25 14:10:00-05:00,100000.0,100000.0,0.0
2024-01-25 14:11:00-05:00,100000.0,100000.0,0.0
2024-01-25 14:12:00-05:00,100000.0,100000.0,0.0
2024-01-25 14:13:00-05:00,100000.0,100000.0,0.0
2024-01-25 14:14:00-05:00,100000.0,100000.0,0.0
2024-01-25 14:15:00-05:00,100000.0,100000.0,0.0
2024-01-25 14:16:00-05:00,100000.0,100000.0,0.0
2024-01-25 14:17:00-05:00,100000.0,100000.0,0.0
2024-01-25 14:18:00-05:00,100000.0,100000.0,0.0
2024-01-25 14:19:00-05:00,100000.0,100000.0,0.0
2024-01-25 14:20:00-05:00,100000.0,100000.0,0.0
2024-01-25 14:21:00-05:00,100000.0,100000.0,0.0
2024-01-25 14:22:00-05:00,100000.0,100000.0,0.0
2024-01-25 14:23:00-05:00,100000.0,100000.0,0.0
2024-01-25 14:24:00-05:00,100000.0,100000.0,0.0
2024-01-25 14:25:00-05:00,100000.0,100000.0,0.0
2024-01-25 14:26:00-05:00,100000.0,100000.0,0.0
2024-01-25 14:27:00-05:00,100000.0,100000.0,0.0
2024-01-25 14:28:00-05:00,100000.0,100000.0,0.0
2024-01-25 14:29:00-05:00,100000.0,100000.0,0.0
2024-01-25 14:30:00-05:00,100000.0,100000.0,0.0
2024-01-25 14:31:00-05:00,100000.0,100000.0,0.0
2024-01-25 14:32:00-05:00,100000.0,100000.0,0.0
2024-01-25 14:33:00-05:00,100000.0,100000.0,0.0
2024-01-25 14:34:00-05:00,100000.0,100000.0,0.0
2024-01-25 14:35:00-05:00,100000.0,100000.0,0.0
2024-01-25 14:36:00-05:00,100000.0,100000.0,0.0
2024-01-25 14:37:00-05:00,100000.0,100000.0,0.0
2024-01-25 14:38:00-05:00,100000.0,100000.0,0.0
2024-01-25 14:39:00-05:00,100000.0,100000.0,0.0
2024-01-25 14:40:00-05:00,100000.0,100000.0,0.0
2024-01-25 14:41:00-05:00,100000.0,100000.0,0.0
2024-01-25 14:42:00-05:00,100000.0,100000.0,0.0
2024-01-25 14:43:00-05:00,100000.0,100000.0,0.0
2024-01-25 14:44:00-05:00,100000.0,100000.0,0.0
2024-01-25 14:45:00-05:00,100000.0,100000.0,0.0
2024-01-25 14:46:00-05:00,100000.0,100000.0,0.0
2024-01-25 14:47:00-05:00,100000.0,100000.0,0.0
2024-01-25 14:48:00-05:00,100000.0,100000.0,0.0
2024-01-25 14:49:00-05:00,100000.0,100000.0,0.0
2024-01-25 14:50:00-05:00,100000.0,100000.0,0.0
2024-01-25 14:51:00-05:00,100000.0,100000.0,0.0
2024-01-25 14:52:00-05:00,100000.0,100000.0,0.0
2024-01-25 14:53:00-05:00,100000.0,100000.0,0.0
2024-01-25 14:54:00-05:00,100000.0,100000.0,0.0
2024-01-25 14:55:00-05:00,100000.0,100000.0,0.0
2024-01-25 14:56:00-05:00,100000.0,100000.0,0.0
2024-01-25 14:57:00-05:00,100000.0,100000.0,0.0
2024-01-25 14:58:00-05:00,100000.0,100000.0,0.0
2024-01-25 14:59:00-05:00,100000.0,100000.0,0.0
2024-01-25 15:00:00-05:00,100000.0,100000.0,0.0
2024-01-25 15:01:00-05:00,100000.0,100000.0,0.0
2024-01-25 15:02:00-05:00,100000.0,100000.0,0.0
2024-01-25 15:03:00-05:00,100000.0,100000.0,0.0
2024-01-25 15:04:00-05:00,100000.0,100000.0,0.0
2024-01-25 15:05:00-05:00,100000.0,100000.0,0.0
2024-01-25 15:06:00-05:00,100000.0,100000.0,0.0
2024-01-25 15:07:00-05:00,100000.0,100000.0,0.0
2024-01-25 15:08:00-05:00,100000.0,100000.0,0.0
2024-01-25 15:09:00-05:00,100000.0,100000.0,0.0
2024-01-25 15:10:00-05:00,100000.0,100000.0,0.0
2024-01-25 15:11:00-05:00,100000.0,100000.0,0.0
2024-01-25 15:12:00-05:00,100000.0,100000.0,0.0
2024-01-25 15:13:00-05:00,100000.0,100000.0,0.0
2024-01-25 15:14:00-05:00,100000.0,100000.0,0.0
2024-01-25 15:15:00-05:00,100000.0,100000.0,0.0
2024-01-25 15:16:00-05:00,100000.0,100000.0,0.0
2024-01-25 15:17:00-05:00,100000.0,100000.0,0.0
2024-01-25 15:18:00-05:00,100000.0,100000.0,0.0
2024-01-25 15:19:00-05:00,100000.0,100000.0,0.0
2024-01-25 15:20:00-05:00,100000.0,100000.0,0.0
2024-01-25 15:21:00-05:00,100000.0,100000.0,0.0
2024-01-25 15:22:00-05:00,100000.0,100000.0,0.0
2024-01-25 15:23:00-05:00,100000.0,100000.0,0.0
2024-01-25 15:24:00-05:00,100000.0,100000.0,0.0
2024-01-25 15:25:00-05:00,100000.0,100000.0,0.0
2024-01-25 15:26:00-05:00,100000.0,100000.0,0.0
2024-01-25 15:27:00-05:00,100000.0,100000.0,0.0
2024-01-25 15:28:00-05:00,100000.0,100000.0,0.0
2024-01-25 15:29:00-05:00,100000.0,100000.0,0.0
2024-01-25 15:30:00-05:00,100000.0,100000.0,0.0
2024-01-25 15:31:00-05:00,100000.0,100000.0,0.0
2024-01-25 15:32:00-05:00,100000.0,100000.0,0.0
2024-01-25 15:33:00-05:00,100000.0,100000.0,0.0
2024-01-25 15:34:00-05:00,100000.0,100000.0,0.0
2024-01-25 15:35:00-05:00,100000.0,100000.0,0.0
2024-01-25 15:36:00-05:00,100000.0,100000.0,0.0
2024-01-25 15:37:00-05:00,100000.0,100000.0,0.0
2024-01-25 15:38:00-05:00,100000.0,100000.0,0.0
2024-01-25 15:39:00-05:00,100000.0,100000.0,0.0
2024-01-25 15:40:00-05:00,100000.0,100000.0,0.0
2024-01-25 15:41:00-05:00,100000.0,100000.0,0.0
2024-01-25 15:42:00-05:00,100000.0,100000.0,0.0
2024-01-25 15:43:00-05:00,100000.0,100000.0,0.0
2024-01-25 15:44:00-05:00,100000.0,100000.0,0.0
2024-01-25 15:45:00-05:00,100000.0,100000.0,0.0
2024-01-25 15:46:00-05:00,100000.0,100000.0,0.0
2024-01-25 15:47:00-05:00,100000.0,100000.0,0.0
2024-01-25 15:48:00-05:00,100000.0,100000.0,0.0
2024-01-25 15:49:00-05:00,100000.0,100000.0,0.0
2024-01-25 15:50:00-05:00,100000.0,100000.0,0.0
2024-01-25 15:51:00-05:00,100000.0,100000.0,0.0
2024-01-25 15:52:00-05:00,100000.0,100000.0,0.0
2024-01-25 15:53:00-05:00,100000.0,100000.0,0.0
2024-01-25 15:54:00-05:00,100000.0,100000.0,0.0
2024-01-25 15:55:00-05:00,100000.0,100000.0,0.0
2024-01-25 15:56:00-05:00,100000.0,100000.0,0.0
2024-01-25 15:57:00-05:00,100000.0,100000.0,0.0
2024-01-25 15:58:00-05:00,100000.0,100000.0,0.0
2024-01-25 15:59:00-05:00,100000.0,100000.0,0.0
2024-01-26 09:30:00-05:00,100000.0,100000.0,0.0
2024-01-26 09:31:00-05:00,100000.0,100000.0,0.0
2024-01-26 09:32:00-05:00,100000.0,100000.0,0.0
2024-01-26 09:33:00-05:00,100000.0,100000.0,0.0
2024-01-26 09:34:00-05:00,100000.0,100000.0,0.0
2024-01-26 09:35:00-05:00,100000.0,100000.0,0.0
2024-01-26 09:36:00-05:00,100000.0,100000.0,0.0
2024-01-26 09:37:00-05:00,100000.0,100000.0,0.0
2024-01-26 09:38:00-05:00,100000.0,100000.0,0.0
2024-01-26 09:39:00-05:00,100000.0,100000.0,0.0
2024-01-26 09:40:00-05:00,100000.0,100000.0,0.0
2024-01-26 09:41:00-05:00,100000.0,100000.0,0.0
2024-01-26 09:42:00-05:00,100000.0,100000.0,0.0
2024-01-26 09:43:00-05:00,100000.0,100000.0,0.0
2024-01-26 09:44:00-05:00,100000.0,100000.0,0.0
2024-01-26 09:45:00-05:00,100000.0,100000.0,0.0
2024-01-26 09:46:00-05:00,100000.0,100000.0,0.0
2024-01-26 09:47:00-05:00,100000.0,100000.0,0.0
2024-01-26 09:48:00-05:00,100000.0,100000.0,0.0
2024-01-26 09:49:00-05:00,100000.0,100000.0,0.0
2024-01-26 09:50:00-05:00,100000.0,100000.0,0.0
2024-01-26 09:51:00-05:00,100000.0,100000.0,0.0
2024-01-26 09:52:00-05:00,100000.0,100000.0,0.0
2024-01-26 09:53:00-05:00,100000.0,100000.0,0.0
2024-01-26 09:54:00-05:00,100000.0,100000.0,0.0
2024-01-26 09:55:00-05:00,100000.0,100000.0,0.0
2024-01-26 09:56:00-05:00,100000.0,100000.0,0.0
2024-01-26 09:57:00-05:00,100000.0,100000.0,0.0
2024-01-26 09:58:00-05:00,100000.0,100000.0,0.0
2024-01-26 09:59:00-05:00,100000.0,100000.0,0.0
2024-01-26 10:00:00-05:00,100000.0,100000.0,0.0
2024-01-26 10:01:00-05:00,100000.0,100000.0,0.0
2024-01-26 10:02:00-05:00,100000.0,100000.0,0.0
2024-01-26 10:03:00-05:00,100000.0,100000.0,0.0
2024-01-26 10:04:00-05:00,100000.0,100000.0,0.0
2024-01-26 10:05:00-05:00,100000.0,100000.0,0.0
2024-01-26 10:06:00-05:00,100000.0,100000.0,0.0
2024-01-26 10:07:00-05:00,100000.0,100000.0,0.0
2024-01-26 10:08:00-05:00,100000.0,100000.0,0.0
2024-01-26 10:09:00-05:00,100000.0,100000.0,0.0
2024-01-26 10:10:00-05:00,100000.0,100000.0,0.0
2024-01-26 10:11:00-05:00,100000.0,100000.0,0.0
2024-01-26 10:12:00-05:00,100000.0,100000.0,0.0
2024-01-26 10:13:00-05:00,100000.0,100000.0,0.0
2024-01-26 10:14:00-05:00,100000.0,100000.0,0.0
2024-01-26 10:15:00-05:00,100000.0,100000.0,0.0
2024-01-26 10:16:00-05:00,100000.0,100000.0,0.0
2024-01-26 10:17:00-05:00,100000.0,100000.0,0.0
2024-01-26 10:18:00-05:00,100000.0,100000.0,0.0
2024-01-26 10:19:00-05:00,100000.0,100000.0,0.0
2024-01-26 10:20:00-05:00,100000.0,100000.0,0.0
2024-01-26 10:21:00-05:00,100000.0,100000.0,0.0
2024-01-26 10:22:00-05:00,100000.0,100000.0,0.0
2024-01-26 10:23:00-05:00,100000.0,100000.0,0.0
2024-01-26 10:24:00-05:00,100000.0,100000.0,0.0
2024-01-26 10:25:00-05:00,100000.0,100000.0,0.0
2024-01-26 10:26:00-05:00,100000.0,100000.0,0.0
2024-01-26 10:27:00-05:00,100000.0,100000.0,0.0
2024-01-26 10:28:00-05:00,100000.0,100000.0,0.0
2024-01-26 10:29:00-05:00,100000.0,100000.0,0.0
2024-01-26 10:30:00-05:00,100000.0,100000.0,0.0
2024-01-26 10:31:00-05:00,100000.0,100000.0,0.0
2024-01-26 10:32:00-05:00,100000.0,100000.0,0.0
2024-01-26 10:33:00-05:00,100000.0,100000.0,0.0
2024-01-26 10:34:00-05:00,100000.0,100000.0,0.0
2024-01-26 10:35:00-05:00,100000.0,100000.0,0.0
2024-01-26 10:36:00-05:00,100000.0,100000.0,0.0
2024-01-26 10:37:00-05:00,100000.0,100000.0,0.0
2024-01-26 10:38:00-05:00,100000.0,100000.0,0.0
2024-01-26 10:39:00-05:00,100000.0,100000.0,0.0
2024-01-26 10:40:00-05:00,100000.0,100000.0,0.0
2024-01-26 10:41:00-05:00,100000.0,100000.0,0.0
2024-01-26 10:42:00-05:00,100000.0,100000.0,0.0
2024-01-26 10:43:00-05:00,100000.0,100000.0,0.0
2024-01-26 10:44:00-05:00,100000.0,100000.0,0.0
2024-01-26 10:45:00-05:00,100000.0,100000.0,0.0
2024-01-26 10:46:00-05:00,100000.0,100000.0,0.0
2024-01-26 10:47:00-05:00,100000.0,100000.0,0.0
2024-01-26 10:48:00-05:00,100000.0,100000.0,0.0
2024-01-26 10:49:00-05:00,100000.0,100000.0,0.0
2024-01-26 10:50:00-05:00,100000.0,100000.0,0.0
2024-01-26 10:51:00-05:00,100000.0,100000.0,0.0
2024-01-26 10:52:00-05:00,100000.0,100000.0,0.0
2024-01-26 10:53:00-05:00,100000.0,100000.0,0.0
2024-01-26 10:54:00-05:00,100000.0,100000.0,0.0
2024-01-26 10:55:00-05:00,100000.0,100000.0,0.0
2024-01-26 10:56:00-05:00,100000.0,100000.0,0.0
2024-01-26 10:57:00-05:00,100000.0,100000.0,0.0
2024-01-26 10:58:00-05:00,100000.0,100000.0,0.0
2024-01-26 10:59:00-05:00,100000.0,100000.0,0.0
2024-01-26 11:00:00-05:00,100000.0,100000.0,0.0
2024-01-26 11:01:00-05:00,100000.0,100000.0,0.0
2024-01-26 11:02:00-05:00,100000.0,100000.0,0.0
2024-01-26 11:03:00-05:00,100000.0,100000.0,0.0
2024-01-26 11:04:00-05:00,100000.0,100000.0,0.0
2024-01-26 11:05:00-05:00,100000.0,100000.0,0.0
2024-01-26 11:06:00-05:00,100000.0,100000.0,0.0
2024-01-26 11:07:00-05:00,100000.0,100000.0,0.0
2024-01-26 11:08:00-05:00,100000.0,100000.0,0.0
2024-01-26 11:09:00-05:00,100000.0,100000.0,0.0
2024-01-26 11:10:00-05:00,100000.0,100000.0,0.0
2024-01-26 11:11:00-05:00,100000.0,100000.0,0.0
2024-01-26 11:12:00-05:00,100000.0,100000.0,0.0
2024-01-26 11:13:00-05:00,100000.0,100000.0,0.0
2024-01-26 11:14:00-05:00,100000.0,100000.0,0.0
2024-01-26 11:15:00-05:00,100000.0,100000.0,0.0
2024-01-26 11:16:00-05:00,100000.0,100000.0,0.0
2024-01-26 11:17:00-05:00,100000.0,100000.0,0.0
2024-01-26 11:18:00-05:00,100000.0,100000.0,0.0
2024-01-26 11:19:00-05:00,100000.0,100000.0,0.0
2024-01-26 11:20:00-05:00,100000.0,100000.0,0.0
2024-01-26 11:21:00-05:00,100000.0,100000.0,0.0
2024-01-26 11:22:00-05:00,100000.0,100000.0,0.0
2024-01-26 11:23:00-05:00,100000.0,100000.0,0.0
2024-01-26 11:24:00-05:00,100000.0,100000.0,0.0
2024-01-26 11:25:00-05:00,100000.0,100000.0,0.0
2024-01-26 11:26:00-05:00,100000.0,100000.0,0.0
2024-01-26 11:27:00-05:00,100000.0,100000.0,0.0
2024-01-26 11:28:00-05:00,100000.0,100000.0,0.0
2024-01-26 11:29:00-05:00,100000.0,100000.0,0.0
2024-01-26 11:30:00-05:00,100000.0,100000.0,0.0
2024-01-26 11:31:00-05:00,100000.0,100000.0,0.0
2024-01-26 11:32:00-05:00,100000.0,100000.0,0.0
2024-01-26 11:33:00-05:00,100000.0,100000.0,0.0
2024-01-26 11:34:00-05:00,100000.0,100000.0,0.0
2024-01-26 11:35:00-05:00,100000.0,100000.0,0.0
2024-01-26 11:36:00-05:00,100000.0,100000.0,0.0
2024-01-26 11:37:00-05:00,100000.0,100000.0,0.0
2024-01-26 11:38:00-05:00,100000.0,100000.0,0.0
2024-01-26 11:39:00-05:00,100000.0,100000.0,0.0
2024-01-26 11:40:00-05:00,100000.0,100000.0,0.0
2024-01-26 11:41:00-05:00,100000.0,100000.0,0.0
2024-01-26 11:42:00-05:00,100000.0,100000.0,0.0
2024-01-26 11:43:00-05:00,100000.0,100000.0,0.0
2024-01-26 11:44:00-05:00,100000.0,100000.0,0.0
2024-01-26 11:45:00-05:00,100000.0,100000.0,0.0
2024-01-26 11:46:00-05:00,100000.0,100000.0,0.0
2024-01-26 11:47:00-05:00,100000.0,100000.0,0.0
2024-01-26 11:48:00-05:00,100000.0,100000.0,0.0
2024-01-26 11:49:00-05:00,100000.0,100000.0,0.0
2024-01-26 11:50:00-05:00,100000.0,100000.0,0.0
2024-01-26 11:51:00-05:00,100000.0,100000.0,0.0
2024-01-26 11:52:00-05:00,100000.0,100000.0,0.0
2024-01-26 11:53:00-05:00,100000.0,100000.0,0.0
2024-01-26 11:54:00-05:00,100000.0,100000.0,0.0
2024-01-26 11:55:00-05:00,100000.0,100000.0,0.0
2024-01-26 11:56:00-05:00,100000.0,100000.0,0.0
2024-01-26 11:57:00-05:00,100000.0,100000.0,0.0
2024-01-26 11:58:00-05:00,100000.0,100000.0,0.0
2024-01-26 11:59:00-05:00,100000.0,100000.0,0.0
2024-01-26 12:00:00-05:00,100000.0,100000.0,0.0
2024-01-26 12:01:00-05:00,100000.0,100000.0,0.0
2024-01-26 12:02:00-05:00,100000.0,100000.0,0.0
2024-01-26 12:03:00-05:00,100000.0,100000.0,0.0
2024-01-26 12:04:00-05:00,100000.0,100000.0,0.0
2024-01-26 12:05:00-05:00,100000.0,100000.0,0.0
2024-01-26 12:06:00-05:00,100000.0,100000.0,0.0
2024-01-26 12:07:00-05:00,100000.0,100000.0,0.0
2024-01-26 12:08:00-05:00,100000.0,100000.0,0.0
2024-01-26 12:09:00-05:00,100000.0,100000.0,0.0
2024-01-26 12:10:00-05:00,100000.0,100000.0,0.0
2024-01-26 12:11:00-05:00,100000.0,100000.0,0.0
2024-01-26 12:12:00-05:00,100000.0,100000.0,0.0
2024-01-26 12:13:00-05:00,100000.0,100000.0,0.0
2024-01-26 12:14:00-05:00,100000.0,100000.0,0.0
2024-01-26 12:15:00-05:00,100000.0,100000.0,0.0
2024-01-26 12:16:00-05:00,100000.0,100000.0,0.0
2024-01-26 12:17:00-05:00,100000.0,100000.0,0.0
2024-01-26 12:18:00-05:00,100000.0,100000.0,0.0
2024-01-26 12:19:00-05:00,100000.0,100000.0,0.0
2024-01-26 12:20:00-05:00,100000.0,100000.0,0.0
2024-01-26 12:21:00-05:00,100000.0,100000.0,0.0
2024-01-26 12:22:00-05:00,100000.0,100000.0,0.0
2024-01-26 12:23:00-05:00,100000.0,100000.0,0.0
2024-01-26 12:24:00-05:00,100000.0,100000.0,0.0
2024-01-26 12:25:00-05:00,100000.0,100000.0,0.0
2024-01-26 12:26:00-05:00,100000.0,100000.0,0.0
2024-01-26 12:27:00-05:00,100000.0,100000.0,0.0
2024-01-26 12:28:00-05:00,100000.0,100000.0,0.0
2024-01-26 12:29:00-05:00,100000.0,100000.0,0.0
2024-01-26 12:30:00-05:00,100000.0,100000.0,0.0
2024-01-26 12:31:00-05:00,100000.0,100000.0,0.0
2024-01-26 12:32:00-05:00,100000.0,100000.0,0.0
2024-01-26 12:33:00-05:00,100000.0,100000.0,0.0
2024-01-26 12:34:00-05:00,100000.0,100000.0,0.0
2024-01-26 12:35:00-05:00,100000.0,100000.0,0.0
2024-01-26 12:36:00-05:00,100000.0,100000.0,0.0
2024-01-26 12:37:00-05:00,100000.0,100000.0,0.0
2024-01-26 12:38:00-05:00,100000.0,100000.0,0.0
2024-01-26 12:39:00-05:00,100000.0,100000.0,0.0
2024-01-26 12:40:00-05:00,100000.0,100000.0,0.0
2024-01-26 12:41:00-05:00,100000.0,100000.0,0.0
2024-01-26 12:42:00-05:00,100000.0,100000.0,0.0
2024-01-26 12:43:00-05:00,100000.0,100000.0,0.0
2024-01-26 12:44:00-05:00,100000.0,100000.0,0.0
2024-01-26 12:45:00-05:00,100000.0,100000.0,0.0
2024-01-26 12:46:00-05:00,100000.0,100000.0,0.0
2024-01-26 12:47:00-05:00,100000.0,100000.0,0.0
2024-01-26 12:48:00-05:00,100000.0,100000.0,0.0
2024-01-26 12:49:00-05:00,100000.0,100000.0,0.0
2024-01-26 12:50:00-05:00,100000.0,100000.0,0.0
2024-01-26 12:51:00-05:00,100000.0,100000.0,0.0
2024-01-26 12:52:00-05:00,100000.0,100000.0,0.0
2024-01-26 12:53:00-05:00,100000.0,100000.0,0.0
2024-01-26 12:54:00-05:00,100000.0,100000.0,0.0
2024-01-26 12:55:00-05:00,100000.0,100000.0,0.0
2024-01-26 12:56:00-05:00,100000.0,100000.0,0.0
2024-01-26 12:57:00-05:00,100000.0,100000.0,0.0
2024-01-26 12:58:00-05:00,100000.0,100000.0,0.0
2024-01-26 12:59:00-05:00,100000.0,100000.0,0.0
2024-01-26 13:00:00-05:00,100000.0,100000.0,0.0
2024-01-26 13:01:00-05:00,100000.0,100000.0,0.0
2024-01-26 13:02:00-05:00,100000.0,100000.0,0.0
2024-01-26 13:03:00-05:00,100000.0,100000.0,0.0
2024-01-26 13:04:00-05:00,100000.0,100000.0,0.0
2024-01-26 13:05:00-05:00,100000.0,100000.0,0.0
2024-01-26 13:06:00-05:00,100000.0,100000.0,0.0
2024-01-26 13:07:00-05:00,100000.0,100000.0,0.0
2024-01-26 13:08:00-05:00,100000.0,100000.0,0.0
2024-01-26 13:09:00-05:00,100000.0,100000.0,0.0
2024-01-26 13:10:00-05:00,100000.0,100000.0,0.0
2024-01-26 13:11:00-05:00,100000.0,100000.0,0.0
2024-01-26 13:12:00-05:00,100000.0,100000.0,0.0
2024-01-26 13:13:00-05:00,100000.0,100000.0,0.0
2024-01-26 13:14:00-05:00,100000.0,100000.0,0.0
2024-01-26 13:15:00-05:00,100000.0,100000.0,0.0
2024-01-26 13:16:00-05:00,100000.0,100000.0,0.0
2024-01-26 13:17:00-05:00,100000.0,100000.0,0.0
2024-01-26 13:18:00-05:00,100000.0,100000.0,0.0
2024-01-26 13:19:00-05:00,100000.0,100000.0,0.0
2024-01-26 13:20:00-05:00,100000.0,100000.0,0.0
2024-01-26 13:21:00-05:00,100000.0,100000.0,0.0
2024-01-26 13:22:00-05:00,100000.0,100000.0,0.0
2024-01-26 13:23:00-05:00,100000.0,100000.0,0.0
2024-01-26 13:24:00-05:00,100000.0,100000.0,0.0
2024-01-26 13:25:00-05:00,100000.0,100000.0,0.0
2024-01-26 13:26:00-05:00,100000.0,100000.0,0.0
2024-01-26 13:27:00-05:00,100000.0,100000.0,0.0
2024-01-26 13:28:00-05:00,100000.0,100000.0,0.0
2024-01-26 13:29:00-05:00,100000.0,100000.0,0.0
2024-01-26 13:30:00-05:00,100000.0,100000.0,0.0
2024-01-26 13:31:00-05:00,100000.0,100000.0,0.0
2024-01-26 13:32:00-05:00,100000.0,100000.0,0.0
2024-01-26 13:33:00-05:00,100000.0,100000.0,0.0
2024-01-26 13:34:00-05:00,100000.0,100000.0,0.0
2024-01-26 13:35:00-05:00,100000.0,100000.0,0.0
2024-01-26 13:36:00-05:00,100000.0,100000.0,0.0
2024-01-26 13:37:00-05:00,100000.0,100000.0,0.0
2024-01-26 13:38:00-05:00,100000.0,100000.0,0.0
2024-01-26 13:39:00-05:00,100000.0,100000.0,0.0
2024-01-26 13:40:00-05:00,100000.0,100000.0,0.0
2024-01-26 13:41:00-05:00,100000.0,100000.0,0.0
2024-01-26 13:42:00-05:00,100000.0,100000.0,0.0
2024-01-26 13:43:00-05:00,100000.0,100000.0,0.0
2024-01-26 13:44:00-05:00,100000.0,100000.0,0.0
2024-01-26 13:45:00-05:00,100000.0,100000.0,0.0
2024-01-26 13:46:00-05:00,100000.0,100000.0,0.0
2024-01-26 13:47:00-05:00,100000.0,100000.0,0.0
2024-01-26 13:48:00-05:00,100000.0,100000.0,0.0
2024-01-26 13:49:00-05:00,100000.0,100000.0,0.0
2024-01-26 13:50:00-05:00,100000.0,100000.0,0.0
2024-01-26 13:51:00-05:00,100000.0,100000.0,0.0
2024-01-26 13:52:00-05:00,100000.0,100000.0,0.0
2024-01-26 13:53:00-05:00,100000.0,100000.0,0.0
2024-01-26 13:54:00-05:00,100000.0,100000.0,0.0
2024-01-26 13:55:00-05:00,100000.0,100000.0,0.0
2024-01-26 13:56:00-05:00,100000.0,100000.0,0.0
2024-01-26 13:57:00-05:00,100000.0,100000.0,0.0
2024-01-26 13:58:00-05:00,100000.0,100000.0,0.0
2024-01-26 13:59:00-05:00,100000.0,100000.0,0.0
2024-01-26 14:00:00-05:00,100000.0,100000.0,0.0
2024-01-26 14:01:00-05:00,100000.0,100000.0,0.0
2024-01-26 14:02:00-05:00,100000.0,100000.0,0.0
2024-01-26 14:03:00-05:00,100000.0,100000.0,0.0
2024-01-26 14:04:00-05:00,100000.0,100000.0,0.0
2024-01-26 14:05:00-05:00,100000.0,100000.0,0.0
2024-01-26 14:06:00-05:00,100000.0,100000.0,0.0
2024-01-26 14:07:00-05:00,100000.0,100000.0,0.0
2024-01-26 14:08:00-05:00,100000.0,100000.0,0.0
2024-01-26 14:09:00-05:00,100000.0,100000.0,0.0
2024-01-26 14:10:00-05:00,100000.0,100000.0,0.0
2024-01-26 14:11:00-05:00,100000.0,100000.0,0.0
2024-01-26 14:12:00-05:00,100000.0,100000.0,0.0
2024-01-26 14:13:00-05:00,100000.0,100000.0,0.0
2024-01-26 14:14:00-05:00,100000.0,100000.0,0.0
2024-01-26 14:15:00-05:00,100000.0,100000.0,0.0
2024-01-26 14:16:00-05:00,100000.0,100000.0,0.0
2024-01-26 14:17:00-05:00,100000.0,100000.0,0.0
2024-01-26 14:18:00-05:00,100000.0,100000.0,0.0
2024-01-26 14:19:00-05:00,100000.0,100000.0,0.0
2024-01-26 14:20:00-05:00,100000.0,100000.0,0.0
2024-01-26 14:21:00-05:00,100000.0,100000.0,0.0
2024-01-26 14:22:00-05:00,100000.0,100000.0,0.0
2024-01-26 14:23:00-05:00,100000.0,100000.0,0.0
2024-01-26 14:24:00-05:00,100000.0,100000.0,0.0
2024-01-26 14:25:00-05:00,100000.0,100000.0,0.0
2024-01-26 14:26:00-05:00,100000.0,100000.0,0.0
2024-01-26 14:27:00-05:00,100000.0,100000.0,0.0
2024-01-26 14:28:00-05:00,100000.0,100000.0,0.0
2024-01-26 14:29:00-05:00,100000.0,100000.0,0.0
2024-01-26 14:30:00-05:00,100000.0,100000.0,0.0
2024-01-26 14:31:00-05:00,100000.0,100000.0,0.0
2024-01-26 14:32:00-05:00,100000.0,100000.0,0.0
2024-01-26 14:33:00-05:00,100000.0,100000.0,0.0
2024-01-26 14:34:00-05:00,100000.0,100000.0,0.0
2024-01-26 14:35:00-05:00,100000.0,100000.0,0.0
2024-01-26 14:36:00-05:00,100000.0,100000.0,0.0
2024-01-26 14:37:00-05:00,100000.0,100000.0,0.0
2024-01-26 14:38:00-05:00,100000.0,100000.0,0.0
2024-01-26 14:39:00-05:00,100000.0,100000.0,0.0
2024-01-26 14:40:00-05:00,100000.0,100000.0,0.0
2024-01-26 14:41:00-05:00,100000.0,100000.0,0.0
2024-01-26 14:42:00-05:00,100000.0,100000.0,0.0
2024-01-26 14:43:00-05:00,100000.0,100000.0,0.0
2024-01-26 14:44:00-05:00,100000.0,100000.0,0.0
2024-01-26 14:45:00-05:00,100000.0,100000.0,0.0
2024-01-26 14:46:00-05:00,100000.0,100000.0,0.0
2024-01-26 14:47:00-05:00,100000.0,100000.0,0.0
2024-01-26 14:48:00-05:00,100000.0,100000.0,0.0
2024-01-26 14:49:00-05:00,100000.0,100000.0,0.0
2024-01-26 14:50:00-05:00,100000.0,100000.0,0.0
2024-01-26 14:51:00-05:00,100000.0,100000.0,0.0
2024-01-26 14:52:00-05:00,100000.0,100000.0,0.0
2024-01-26 14:53:00-05:00,100000.0,100000.0,0.0
2024-01-26 14:54:00-05:00,100000.0,100000.0,0.0
2024-01-26 14:55:00-05:00,100000.0,100000.0,0.0
2024-01-26 14:56:00-05:00,100000.0,100000.0,0.0
2024-01-26 14:57:00-05:00,100000.0,100000.0,0.0
2024-01-26 14:58:00-05:00,100000.0,100000.0,0.0
2024-01-26 14:59:00-05:00,100000.0,100000.0,0.0
2024-01-26 15:00:00-05:00,100000.0,100000.0,0.0
2024-01-26 15:01:00-05:00,100000.0,100000.0,0.0
2024-01-26 15:02:00-05:00,100000.0,100000.0,0.0
2024-01-26 15:03:00-05:00,100000.0,100000.0,0.0
2024-01-26 15:04:00-05:00,100000.0,100000.0,0.0
2024-01-26 15:05:00-05:00,100000.0,100000.0,0.0
2024-01-26 15:06:00-05:00,100000.0,100000.0,0.0
2024-01-26 15:07:00-05:00,100000.0,100000.0,0.0
2024-01-26 15:08:00-05:00,100000.0,100000.0,0.0
2024-01-26 15:09:00-05:00,100000.0,100000.0,0.0
2024-01-26 15:10:00-05:00,100000.0,100000.0,0.0
2024-01-26 15:11:00-05:00,100000.0,100000.0,0.0
2024-01-26 15:12:00-05:00,100000.0,100000.0,0.0
2024-01-26 15:13:00-05:00,100000.0,100000.0,0.0
2024-01-26 15:14:00-05:00,100000.0,100000.0,0.0
2024-01-26 15:15:00-05:00,100000.0,100000.0,0.0
2024-01-26 15:16:00-05:00,100000.0,100000.0,0.0
2024-01-26 15:17:00-05:00,100000.0,100000.0,0.0
2024-01-26 15:18:00-05:00,100000.0,100000.0,0.0
2024-01-26 15:19:00-05:00,100000.0,100000.0,0.0
2024-01-26 15:20:00-05:00,100000.0,100000.0,0.0
2024-01-26 15:21:00-05:00,100000.0,100000.0,0.0
2024-01-26 15:22:00-05:00,100000.0,100000.0,0.0
2024-01-26 15:23:00-05:00,100000.0,100000.0,0.0
2024-01-26 15:24:00-05:00,100000.0,100000.0,0.0
2024-01-26 15:25:00-05:00,100000.0,100000.0,0.0
2024-01-26 15:26:00-05:00,100000.0,100000.0,0.0
2024-01-26 15:27:00-05:00,100000.0,100000.0,0.0
2024-01-26 15:28:00-05:00,100000.0,100000.0,0.0
2024-01-26 15:29:00-05:00,100000.0,100000.0,0.0
2024-01-26 15:30:00-05:00,100000.0,100000.0,0.0
2024-01-26 15:31:00-05:00,100000.0,100000.0,0.0
2024-01-26 15:32:00-05:00,100000.0,100000.0,0.0
2024-01-26 15:33:00-05:00,100000.0,100000.0,0.0
2024-01-26 15:34:00-05:00,100000.0,100000.0,0.0
2024-01-26 15:35:00-05:00,100000.0,100000.0,0.0
2024-01-26 15:36:00-05:00,100000.0,100000.0,0.0
2024-01-26 15:37:00-05:00,100000.0,100000.0,0.0
2024-01-26 15:38:00-05:00,100000.0,100000.0,0.0
2024-01-26 15:39:00-05:00,100000.0,100000.0,0.0
2024-01-26 15:40:00-05:00,100000.0,100000.0,0.0
2024-01-26 15:41:00-05:00,100000.0,100000.0,0.0
2024-01-26 15:42:00-05:00,100000.0,100000.0,0.0
2024-01-26 15:43:00-05:00,100000.0,100000.0,0.0
2024-01-26 15:44:00-05:00,100000.0,100000.0,0.0
2024-01-26 15:45:00-05:00,100000.0,100000.0,0.0
2024-01-26 15:46:00-05:00,100000.0,100000.0,0.0
2024-01-26 15:47:00-05:00,100000.0,100000.0,0.0
2024-01-26 15:48:00-05:00,100000.0,100000.0,0.0
2024-01-26 15:49:00-05:00,100000.0,100000.0,0.0
2024-01-26 15:50:00-05:00,100000.0,100000.0,0.0
2024-01-26 15:51:00-05:00,100000.0,100000.0,0.0
2024-01-26 15:52:00-05:00,100000.0,100000.0,0.0
2024-01-26 15:53:00-05:00,100000.0,100000.0,0.0
2024-01-26 15:54:00-05:00,100000.0,100000.0,0.0
2024-01-26 15:55:00-05:00,100000.0,100000.0,0.0
2024-01-26 15:56:00-05:00,100000.0,100000.0,0.0
2024-01-26 15:57:00-05:00,100000.0,100000.0,0.0
2024-01-26 15:58:00-05:00,100000.0,100000.0,0.0
2024-01-26 15:59:00-05:00,100000.0,100000.0,0.0
2024-01-29 09:30:00-05:00,100000.0,100000.0,0.0
2024-01-29 09:31:00-05:00,100000.0,100000.0,0.0
2024-01-29 09:32:00-05:00,100000.0,100000.0,0.0
2024-01-29 09:33:00-05:00,100000.0,100000.0,0.0
2024-01-29 09:34:00-05:00,100000.0,100000.0,0.0
2024-01-29 09:35:00-05:00,100000.0,100000.0,0.0
2024-01-29 09:36:00-05:00,100000.0,100000.0,0.0
2024-01-29 09:37:00-05:00,100000.0,100000.0,0.0
2024-01-29 09:38:00-05:00,100000.0,100000.0,0.0
2024-01-29 09:39:00-05:00,100000.0,100000.0,0.0
2024-01-29 09:40:00-05:00,100000.0,100000.0,0.0
2024-01-29 09:41:00-05:00,100000.0,100000.0,0.0
2024-01-29 09:42:00-05:00,100000.0,100000.0,0.0
2024-01-29 09:43:00-05:00,100000.0,100000.0,0.0
2024-01-29 09:44:00-05:00,100000.0,100000.0,0.0
2024-01-29 09:45:00-05:00,100000.0,100000.0,0.0
2024-01-29 09:46:00-05:00,100000.0,100000.0,0.0
2024-01-29 09:47:00-05:00,100000.0,100000.0,0.0
2024-01-29 09:48:00-05:00,100000.0,100000.0,0.0
2024-01-29 09:49:00-05:00,100000.0,100000.0,0.0
2024-01-29 09:50:00-05:00,100000.0,100000.0,0.0
2024-01-29 09:51:00-05:00,100000.0,100000.0,0.0
2024-01-29 09:52:00-05:00,100000.0,100000.0,0.0
2024-01-29 09:53:00-05:00,100000.0,100000.0,0.0
2024-01-29 09:54:00-05:00,100000.0,100000.0,0.0
2024-01-29 09:55:00-05:00,100000.0,100000.0,0.0
2024-01-29 09:56:00-05:00,100000.0,100000.0,0.0
2024-01-29 09:57:00-05:00,100000.0,100000.0,0.0
2024-01-29 09:58:00-05:00,100000.0,100000.0,0.0
2024-01-29 09:59:00-05:00,100000.0,100000.0,0.0
2024-01-29 10:00:00-05:00,100000.0,100000.0,0.0
2024-01-29 10:01:00-05:00,100000.0,100000.0,0.0
2024-01-29 10:02:00-05:00,100000.0,100000.0,0.0
2024-01-29 10:03:00-05:00,100000.0,100000.0,0.0
2024-01-29 10:04:00-05:00,100000.0,100000.0,0.0
2024-01-29 10:05:00-05:00,100000.0,100000.0,0.0
2024-01-29 10:06:00-05:00,100000.0,100000.0,0.0
2024-01-29 10:07:00-05:00,100000.0,100000.0,0.0
2024-01-29 10:08:00-05:00,100000.0,100000.0,0.0
2024-01-29 10:09:00-05:00,100000.0,100000.0,0.0
2024-01-29 10:10:00-05:00,100000.0,100000.0,0.0
2024-01-29 10:11:00-05:00,100000.0,100000.0,0.0
2024-01-29 10:12:00-05:00,100000.0,100000.0,0.0
2024-01-29 10:13:00-05:00,100000.0,100000.0,0.0
2024-01-29 10:14:00-05:00,100000.0,100000.0,0.0
2024-01-29 10:15:00-05:00,100000.0,100000.0,0.0
2024-01-29 10:16:00-05:00,100000.0,100000.0,0.0
2024-01-29 10:17:00-05:00,100000.0,100000.0,0.0
2024-01-29 10:18:00-05:00,100000.0,100000.0,0.0
2024-01-29 10:19:00-05:00,100000.0,100000.0,0.0
2024-01-29 10:20:00-05:00,100000.0,100000.0,0.0
2024-01-29 10:21:00-05:00,100000.0,100000.0,0.0
2024-01-29 10:22:00-05:00,100000.0,100000.0,0.0
2024-01-29 10:23:00-05:00,100000.0,100000.0,0.0
2024-01-29 10:24:00-05:00,100000.0,100000.0,0.0
2024-01-29 10:25:00-05:00,100000.0,100000.0,0.0
2024-01-29 10:26:00-05:00,100000.0,100000.0,0.0
2024-01-29 10:27:00-05:00,100000.0,100000.0,0.0
2024-01-29 10:28:00-05:00,100000.0,100000.0,0.0
2024-01-29 10:29:00-05:00,100000.0,100000.0,0.0
2024-01-29 10:30:00-05:00,100000.0,100000.0,0.0
2024-01-29 10:31:00-05:00,100000.0,100000.0,0.0
2024-01-29 10:32:00-05:00,100000.0,100000.0,0.0
2024-01-29 10:33:00-05:00,100000.0,100000.0,0.0
2024-01-29 10:34:00-05:00,100000.0,100000.0,0.0
2024-01-29 10:35:00-05:00,100000.0,100000.0,0.0
2024-01-29 10:36:00-05:00,100000.0,100000.0,0.0
2024-01-29 10:37:00-05:00,100000.0,100000.0,0.0
2024-01-29 10:38:00-05:00,100000.0,100000.0,0.0
2024-01-29 10:39:00-05:00,100000.0,100000.0,0.0
2024-01-29 10:40:00-05:00,100000.0,100000.0,0.0
2024-01-29 10:41:00-05:00,100000.0,100000.0,0.0
2024-01-29 10:42:00-05:00,100000.0,100000.0,0.0
2024-01-29 10:43:00-05:00,100000.0,100000.0,0.0
2024-01-29 10:44:00-05:00,100000.0,100000.0,0.0
2024-01-29 10:45:00-05:00,100000.0,100000.0,0.0
2024-01-29 10:46:00-05:00,100000.0,100000.0,0.0
2024-01-29 10:47:00-05:00,100000.0,100000.0,0.0
2024-01-29 10:48:00-05:00,100000.0,100000.0,0.0
2024-01-29 10:49:00-05:00,100000.0,100000.0,0.0
2024-01-29 10:50:00-05:00,100000.0,100000.0,0.0
2024-01-29 10:51:00-05:00,100000.0,100000.0,0.0
2024-01-29 10:52:00-05:00,100000.0,100000.0,0.0
2024-01-29 10:53:00-05:00,100000.0,100000.0,0.0
2024-01-29 10:54:00-05:00,100000.0,100000.0,0.0
2024-01-29 10:55:00-05:00,100000.0,100000.0,0.0
2024-01-29 10:56:00-05:00,100000.0,100000.0,0.0
2024-01-29 10:57:00-05:00,100000.0,100000.0,0.0
2024-01-29 10:58:00-05:00,100000.0,100000.0,0.0
2024-01-29 10:59:00-05:00,100000.0,100000.0,0.0
2024-01-29 11:00:00-05:00,100000.0,100000.0,0.0
2024-01-29 11:01:00-05:00,100000.0,100000.0,0.0
2024-01-29 11:02:00-05:00,100000.0,100000.0,0.0
2024-01-29 11:03:00-05:00,100000.0,100000.0,0.0
2024-01-29 11:04:00-05:00,100000.0,100000.0,0.0
2024-01-29 11:05:00-05:00,100000.0,100000.0,0.0
2024-01-29 11:06:00-05:00,100000.0,100000.0,0.0
2024-01-29 11:07:00-05:00,100000.0,100000.0,0.0
2024-01-29 11:08:00-05:00,100000.0,100000.0,0.0
2024-01-29 11:09:00-05:00,100000.0,100000.0,0.0
2024-01-29 11:10:00-05:00,100000.0,100000.0,0.0
2024-01-29 11:11:00-05:00,100000.0,100000.0,0.0
2024-01-29 11:12:00-05:00,100000.0,100000.0,0.0
2024-01-29 11:13:00-05:00,100000.0,100000.0,0.0
2024-01-29 11:14:00-05:00,100000.0,100000.0,0.0
2024-01-29 11:15:00-05:00,100000.0,100000.0,0.0
2024-01-29 11:16:00-05:00,100000.0,100000.0,0.0
2024-01-29 11:17:00-05:00,100000.0,100000.0,0.0
2024-01-29 11:18:00-05:00,100000.0,100000.0,0.0
2024-01-29 11:19:00-05:00,100000.0,100000.0,0.0
2024-01-29 11:20:00-05:00,100000.0,100000.0,0.0
2024-01-29 11:21:00-05:00,100000.0,100000.0,0.0
2024-01-29 11:22:00-05:00,100000.0,100000.0,0.0
2024-01-29 11:23:00-05:00,100000.0,100000.0,0.0
2024-01-29 11:24:00-05:00,100000.0,100000.0,0.0
2024-01-29 11:25:00-05:00,100000.0,100000.0,0.0
2024-01-29 11:26:00-05:00,100000.0,100000.0,0.0
2024-01-29 11:27:00-05:00,100000.0,100000.0,0.0
2024-01-29 11:28:00-05:00,100000.0,100000.0,0.0
2024-01-29 11:29:00-05:00,100000.0,100000.0,0.0
2024-01-29 11:30:00-05:00,100000.0,100000.0,0.0
2024-01-29 11:31:00-05:00,100000.0,100000.0,0.0
2024-01-29 11:32:00-05:00,100000.0,100000.0,0.0
2024-01-29 11:33:00-05:00,100000.0,100000.0,0.0
2024-01-29 11:34:00-05:00,100000.0,100000.0,0.0
2024-01-29 11:35:00-05:00,100000.0,100000.0,0.0
2024-01-29 11:36:00-05:00,100000.0,100000.0,0.0
2024-01-29 11:37:00-05:00,100000.0,100000.0,0.0
2024-01-29 11:38:00-05:00,100000.0,100000.0,0.0
2024-01-29 11:39:00-05:00,100000.0,100000.0,0.0
2024-01-29 11:40:00-05:00,100000.0,100000.0,0.0
2024-01-29 11:41:00-05:00,100000.0,100000.0,0.0
2024-01-29 11:42:00-05:00,100000.0,100000.0,0.0
2024-01-29 11:43:00-05:00,100000.0,100000.0,0.0
2024-01-29 11:44:00-05:00,100000.0,100000.0,0.0
2024-01-29 11:45:00-05:00,100000.0,100000.0,0.0
2024-01-29 11:46:00-05:00,100000.0,100000.0,0.0
2024-01-29 11:47:00-05:00,100000.0,100000.0,0.0
2024-01-29 11:48:00-05:00,100000.0,100000.0,0.0
2024-01-29 11:49:00-05:00,100000.0,100000.0,0.0
2024-01-29 11:50:00-05:00,100000.0,100000.0,0.0
2024-01-29 11:51:00-05:00,100000.0,100000.0,0.0
2024-01-29 11:52:00-05:00,100000.0,100000.0,0.0
2024-01-29 11:53:00-05:00,100000.0,100000.0,0.0
2024-01-29 11:54:00-05:00,100000.0,100000.0,0.0
2024-01-29 11:55:00-05:00,100000.0,100000.0,0.0
2024-01-29 11:56:00-05:00,100000.0,100000.0,0.0
2024-01-29 11:57:00-05:00,100000.0,100000.0,0.0
2024-01-29 11:58:00-05:00,100000.0,100000.0,0.0
2024-01-29 11:59:00-05:00,100000.0,100000.0,0.0
2024-01-29 12:00:00-05:00,100000.0,100000.0,0.0
2024-01-29 12:01:00-05:00,100000.0,100000.0,0.0
2024-01-29 12:02:00-05:00,100000.0,100000.0,0.0
2024-01-29 12:03:00-05:00,100000.0,100000.0,0.0
2024-01-29 12:04:00-05:00,100000.0,100000.0,0.0
2024-01-29 12:05:00-05:00,100000.0,100000.0,0.0
2024-01-29 12:06:00-05:00,100000.0,100000.0,0.0
2024-01-29 12:07:00-05:00,100000.0,100000.0,0.0
2024-01-29 12:08:00-05:00,100000.0,100000.0,0.0
2024-01-29 12:09:00-05:00,100000.0,100000.0,0.0
2024-01-29 12:10:00-05:00,100000.0,100000.0,0.0
2024-01-29 12:11:00-05:00,100000.0,100000.0,0.0
2024-01-29 12:12:00-05:00,100000.0,100000.0,0.0
2024-01-29 12:13:00-05:00,100000.0,100000.0,0.0
2024-01-29 12:14:00-05:00,100000.0,100000.0,0.0
2024-01-29 12:15:00-05:00,100000.0,100000.0,0.0
2024-01-29 12:16:00-05:00,100000.0,100000.0,0.0
2024-01-29 12:17:00-05:00,100000.0,100000.0,0.0
2024-01-29 12:18:00-05:00,100000.0,100000.0,0.0
2024-01-29 12:19:00-05:00,100000.0,100000.0,0.0
2024-01-29 12:20:00-05:00,100000.0,100000.0,0.0
2024-01-29 12:21:00-05:00,100000.0,100000.0,0.0
2024-01-29 12:22:00-05:00,100000.0,100000.0,0.0
2024-01-29 12:23:00-05:00,100000.0,100000.0,0.0
2024-01-29 12:24:00-05:00,100000.0,100000.0,0.0
2024-01-29 12:25:00-05:00,100000.0,100000.0,0.0
2024-01-29 12:26:00-05:00,100000.0,100000.0,0.0
2024-01-29 12:27:00-05:00,100000.0,100000.0,0.0
2024-01-29 12:28:00-05:00,100000.0,100000.0,0.0
2024-01-29 12:29:00-05:00,100000.0,100000.0,0.0
2024-01-29 12:30:00-05:00,100000.0,100000.0,0.0
2024-01-29 12:31:00-05:00,100000.0,100000.0,0.0
2024-01-29 12:32:00-05:00,100000.0,100000.0,0.0
2024-01-29 12:33:00-05:00,100000.0,100000.0,0.0
2024-01-29 12:34:00-05:00,100000.0,100000.0,0.0
2024-01-29 12:35:00-05:00,100000.0,100000.0,0.0
2024-01-29 12:36:00-05:00,100000.0,100000.0,0.0
2024-01-29 12:37:00-05:00,100000.0,100000.0,0.0
2024-01-29 12:38:00-05:00,100000.0,100000.0,0.0
2024-01-29 12:39:00-05:00,100000.0,100000.0,0.0
2024-01-29 12:40:00-05:00,100000.0,100000.0,0.0
2024-01-29 12:41:00-05:00,100000.0,100000.0,0.0
2024-01-29 12:42:00-05:00,100000.0,100000.0,0.0
2024-01-29 12:43:00-05:00,100000.0,100000.0,0.0
2024-01-29 12:44:00-05:00,100000.0,100000.0,0.0
2024-01-29 12:45:00-05:00,100000.0,100000.0,0.0
2024-01-29 12:46:00-05:00,100000.0,100000.0,0.0
2024-01-29 12:47:00-05:00,100000.0,100000.0,0.0
2024-01-29 12:48:00-05:00,100000.0,100000.0,0.0
2024-01-29 12:49:00-05:00,100000.0,100000.0,0.0
2024-01-29 12:50:00-05:00,100000.0,100000.0,0.0
2024-01-29 12:51:00-05:00,100000.0,100000.0,0.0
2024-01-29 12:52:00-05:00,100000.0,100000.0,0.0
2024-01-29 12:53:00-05:00,100000.0,100000.0,0.0
2024-01-29 12:54:00-05:00,100000.0,100000.0,0.0
2024-01-29 12:55:00-05:00,100000.0,100000.0,0.0
2024-01-29 12:56:00-05:00,100000.0,100000.0,0.0
2024-01-29 12:57:00-05:00,100000.0,100000.0,0.0
2024-01-29 12:58:00-05:00,100000.0,100000.0,0.0
2024-01-29 12:59:00-05:00,100000.0,100000.0,0.0
2024-01-29 13:00:00-05:00,100000.0,100000.0,0.0
2024-01-29 13:01:00-05:00,100000.0,100000.0,0.0
2024-01-29 13:02:00-05:00,100000.0,100000.0,0.0
2024-01-29 13:03:00-05:00,100000.0,100000.0,0.0
2024-01-29 13:04:00-05:00,100000.0,100000.0,0.0
2024-01-29 13:05:00-05:00,100000.0,100000.0,0.0
2024-01-29 13:06:00-05:00,100000.0,100000.0,0.0
2024-01-29 13:07:00-05:00,100000.0,100000.0,0.0
2024-01-29 13:08:00-05:00,100000.0,100000.0,0.0
2024-01-29 13:09:00-05:00,100000.0,100000.0,0.0
2024-01-29 13:10:00-05:00,100000.0,100000.0,0.0
2024-01-29 13:11:00-05:00,100000.0,100000.0,0.0
2024-01-29 13:12:00-05:00,100000.0,100000.0,0.0
2024-01-29 13:13:00-05:00,100000.0,100000.0,0.0
2024-01-29 13:14:00-05:00,100000.0,100000.0,0.0
2024-01-29 13:15:00-05:00,100000.0,100000.0,0.0
2024-01-29 13:16:00-05:00,100000.0,100000.0,0.0
2024-01-29 13:17:00-05:00,100000.0,100000.0,0.0
2024-01-29 13:18:00-05:00,100000.0,100000.0,0.0
2024-01-29 13:19:00-05:00,100000.0,100000.0,0.0
2024-01-29 13:20:00-05:00,100000.0,100000.0,0.0
2024-01-29 13:21:00-05:00,100000.0,100000.0,0.0
2024-01-29 13:22:00-05:00,100000.0,100000.0,0.0
2024-01-29 13:23:00-05:00,100000.0,100000.0,0.0
2024-01-29 13:24:00-05:00,100000.0,100000.0,0.0
2024-01-29 13:25:00-05:00,100000.0,100000.0,0.0
2024-01-29 13:26:00-05:00,100000.0,100000.0,0.0
2024-01-29 13:27:00-05:00,100000.0,100000.0,0.0
2024-01-29 13:28:00-05:00,100000.0,100000.0,0.0
2024-01-29 13:29:00-05:00,100000.0,100000.0,0.0
2024-01-29 13:30:00-05:00,100000.0,100000.0,0.0
2024-01-29 13:31:00-05:00,100000.0,100000.0,0.0
2024-01-29 13:32:00-05:00,100000.0,100000.0,0.0
2024-01-29 13:33:00-05:00,100000.0,100000.0,0.0
2024-01-29 13:34:00-05:00,100000.0,100000.0,0.0
2024-01-29 13:35:00-05:00,100000.0,100000.0,0.0
2024-01-29 13:36:00-05:00,100000.0,100000.0,0.0
2024-01-29 13:37:00-05:00,100000.0,100000.0,0.0
2024-01-29 13:38:00-05:00,100000.0,100000.0,0.0
2024-01-29 13:39:00-05:00,100000.0,100000.0,0.0
2024-01-29 13:40:00-05:00,100000.0,100000.0,0.0
2024-01-29 13:41:00-05:00,100000.0,100000.0,0.0
2024-01-29 13:42:00-05:00,100000.0,100000.0,0.0
2024-01-29 13:43:00-05:00,100000.0,100000.0,0.0
2024-01-29 13:44:00-05:00,100000.0,100000.0,0.0
2024-01-29 13:45:00-05:00,100000.0,100000.0,0.0
2024-01-29 13:46:00-05:00,100000.0,100000.0,0.0
2024-01-29 13:47:00-05:00,100000.0,100000.0,0.0
2024-01-29 13:48:00-05:00,100000.0,100000.0,0.0
2024-01-29 13:49:00-05:00,100000.0,100000.0,0.0
2024-01-29 13:50:00-05:00,100000.0,100000.0,0.0
2024-01-29 13:51:00-05:00,100000.0,100000.0,0.0
2024-01-29 13:52:00-05:00,100000.0,100000.0,0.0
2024-01-29 13:53:00-05:00,100000.0,100000.0,0.0
2024-01-29 13:54:00-05:00,100000.0,100000.0,0.0
2024-01-29 13:55:00-05:00,100000.0,100000.0,0.0
2024-01-29 13:56:00-05:00,100000.0,100000.0,0.0
2024-01-29 13:57:00-05:00,100000.0,100000.0,0.0
2024-01-29 13:58:00-05:00,100000.0,100000.0,0.0
2024-01-29 13:59:00-05:00,100000.0,100000.0,0.0
2024-01-29 14:00:00-05:00,100000.0,100000.0,0.0
2024-01-29 14:01:00-05:00,100000.0,100000.0,0.0
2024-01-29 14:02:00-05:00,100000.0,100000.0,0.0
2024-01-29 14:03:00-05:00,100000.0,100000.0,0.0
2024-01-29 14:04:00-05:00,100000.0,100000.0,0.0
2024-01-29 14:05:00-05:00,100000.0,100000.0,0.0
2024-01-29 14:06:00-05:00,100000.0,100000.0,0.0
2024-01-29 14:07:00-05:00,100000.0,100000.0,0.0
2024-01-29 14:08:00-05:00,100000.0,100000.0,0.0
2024-01-29 14:09:00-05:00,100000.0,100000.0,0.0
2024-01-29 14:10:00-05:00,100000.0,100000.0,0.0
2024-01-29 14:11:00-05:00,100000.0,100000.0,0.0
2024-01-29 14:12:00-05:00,100000.0,100000.0,0.0
2024-01-29 14:13:00-05:00,100000.0,100000.0,0.0
2024-01-29 14:14:00-05:00,100000.0,100000.0,0.0
2024-01-29 14:15:00-05:00,100000.0,100000.0,0.0
2024-01-29 14:16:00-05:00,100000.0,100000.0,0.0
2024-01-29 14:17:00-05:00,100000.0,100000.0,0.0
2024-01-29 14:18:00-05:00,100000.0,100000.0,0.0
2024-01-29 14:19:00-05:00,100000.0,100000.0,0.0
2024-01-29 14:20:00-05:00,100000.0,100000.0,0.0
2024-01-29 14:21:00-05:00,100000.0,100000.0,0.0
2024-01-29 14:22:00-05:00,100000.0,100000.0,0.0
2024-01-29 14:23:00-05:00,100000.0,100000.0,0.0
2024-01-29 14:24:00-05:00,100000.0,100000.0,0.0
2024-01-29 14:25:00-05:00,100000.0,100000.0,0.0
2024-01-29 14:26:00-05:00,100000.0,100000.0,0.0
2024-01-29 14:27:00-05:00,100000.0,100000.0,0.0
2024-01-29 14:28:00-05:00,100000.0,100000.0,0.0
2024-01-29 14:29:00-05:00,100000.0,100000.0,0.0
2024-01-29 14:30:00-05:00,100000.0,100000.0,0.0
2024-01-29 14:31:00-05:00,100000.0,100000.0,0.0
2024-01-29 14:32:00-05:00,100000.0,100000.0,0.0
2024-01-29 14:33:00-05:00,100000.0,100000.0,0.0
2024-01-29 14:34:00-05:00,100000.0,100000.0,0.0
2024-01-29 14:35:00-05:00,100000.0,100000.0,0.0
2024-01-29 14:36:00-05:00,100000.0,100000.0,0.0
2024-01-29 14:37:00-05:00,100000.0,100000.0,0.0
2024-01-29 14:38:00-05:00,100000.0,100000.0,0.0
2024-01-29 14:39:00-05:00,100000.0,100000.0,0.0
2024-01-29 14:40:00-05:00,100000.0,100000.0,0.0
2024-01-29 14:41:00-05:00,100000.0,100000.0,0.0
2024-01-29 14:42:00-05:00,100000.0,100000.0,0.0
2024-01-29 14:43:00-05:00,100000.0,100000.0,0.0
2024-01-29 14:44:00-05:00,100000.0,100000.0,0.0
2024-01-29 14:45:00-05:00,100000.0,100000.0,0.0
2024-01-29 14:46:00-05:00,100000.0,100000.0,0.0
2024-01-29 14:47:00-05:00,100000.0,100000.0,0.0
2024-01-29 14:48:00-05:00,100000.0,100000.0,0.0
2024-01-29 14:49:00-05:00,100000.0,100000.0,0.0
2024-01-29 14:50:00-05:00,100000.0,100000.0,0.0
2024-01-29 14:51:00-05:00,100000.0,100000.0,0.0
2024-01-29 14:52:00-05:00,100000.0,100000.0,0.0
2024-01-29 14:53:00-05:00,100000.0,100000.0,0.0
2024-01-29 14:54:00-05:00,100000.0,100000.0,0.0
2024-01-29 14:55:00-05:00,100000.0,100000.0,0.0
2024-01-29 14:56:00-05:00,100000.0,100000.0,0.0
2024-01-29 14:57:00-05:00,100000.0,100000.0,0.0
2024-01-29 14:58:00-05:00,100000.0,100000.0,0.0
2024-01-29 14:59:00-05:00,100000.0,100000.0,0.0
2024-01-29 15:00:00-05:00,100000.0,100000.0,0.0
2024-01-29 15:01:00-05:00,100000.0,100000.0,0.0
2024-01-29 15:02:00-05:00,100000.0,100000.0,0.0
2024-01-29 15:03:00-05:00,100000.0,100000.0,0.0
2024-01-29 15:04:00-05:00,100000.0,100000.0,0.0
2024-01-29 15:05:00-05:00,100000.0,100000.0,0.0
2024-01-29 15:06:00-05:00,100000.0,100000.0,0.0
2024-01-29 15:07:00-05:00,100000.0,100000.0,0.0
2024-01-29 15:08:00-05:00,100000.0,100000.0,0.0
2024-01-29 15:09:00-05:00,100000.0,100000.0,0.0
2024-01-29 15:10:00-05:00,100000.0,100000.0,0.0
2024-01-29 15:11:00-05:00,100000.0,100000.0,0.0
2024-01-29 15:12:00-05:00,100000.0,100000.0,0.0
2024-01-29 15:13:00-05:00,100000.0,100000.0,0.0
2024-01-29 15:14:00-05:00,100000.0,100000.0,0.0
2024-01-29 15:15:00-05:00,100000.0,100000.0,0.0
2024-01-29 15:16:00-05:00,100000.0,100000.0,0.0
2024-01-29 15:17:00-05:00,100000.0,100000.0,0.0
2024-01-29 15:18:00-05:00,100000.0,100000.0,0.0
2024-01-29 15:19:00-05:00,100000.0,100000.0,0.0
2024-01-29 15:20:00-05:00,100000.0,100000.0,0.0
2024-01-29 15:21:00-05:00,100000.0,100000.0,0.0
2024-01-29 15:22:00-05:00,100000.0,100000.0,0.0
2024-01-29 15:23:00-05:00,100000.0,100000.0,0.0
2024-01-29 15:24:00-05:00,100000.0,100000.0,0.0
2024-01-29 15:25:00-05:00,100000.0,100000.0,0.0
2024-01-29 15:26:00-05:00,100000.0,100000.0,0.0
2024-01-29 15:27:00-05:00,100000.0,100000.0,0.0
2024-01-29 15:28:00-05:00,100000.0,100000.0,0.0
2024-01-29 15:29:00-05:00,100000.0,100000.0,0.0
2024-01-29 15:30:00-05:00,100000.0,100000.0,0.0
2024-01-29 15:31:00-05:00,100000.0,100000.0,0.0
2024-01-29 15:32:00-05:00,100000.0,100000.0,0.0
2024-01-29 15:33:00-05:00,100000.0,100000.0,0.0
2024-01-29 15:34:00-05:00,100000.0,100000.0,0.0
2024-01-29 15:35:00-05:00,100000.0,100000.0,0.0
2024-01-29 15:36:00-05:00,100000.0,100000.0,0.0
2024-01-29 15:37:00-05:00,100000.0,100000.0,0.0
2024-01-29 15:38:00-05:00,100000.0,100000.0,0.0
2024-01-29 15:39:00-05:00,100000.0,100000.0,0.0
2024-01-29 15:40:00-05:00,100000.0,100000.0,0.0
2024-01-29 15:41:00-05:00,100000.0,100000.0,0.0
2024-01-29 15:42:00-05:00,100000.0,100000.0,0.0
2024-01-29 15:43:00-05:00,100000.0,100000.0,0.0
2024-01-29 15:44:00-05:00,100000.0,100000.0,0.0
2024-01-29 15:45:00-05:00,100000.0,100000.0,0.0
2024-01-29 15:46:00-05:00,100000.0,100000.0,0.0
2024-01-29 15:47:00-05:00,100000.0,100000.0,0.0
2024-01-29 15:48:00-05:00,100000.0,100000.0,0.0
2024-01-29 15:49:00-05:00,100000.0,100000.0,0.0
2024-01-29 15:50:00-05:00,100000.0,100000.0,0.0
2024-01-29 15:51:00-05:00,100000.0,100000.0,0.0
2024-01-29 15:52:00-05:00,100000.0,100000.0,0.0
2024-01-29 15:53:00-05:00,100000.0,100000.0,0.0
2024-01-29 15:54:00-05:00,100000.0,100000.0,0.0
2024-01-29 15:55:00-05:00,100000.0,100000.0,0.0
2024-01-29 15:56:00-05:00,100000.0,100000.0,0.0
2024-01-29 15:57:00-05:00,100000.0,100000.0,0.0
2024-01-29 15:58:00-05:00,100000.0,100000.0,0.0
2024-01-29 15:59:00-05:00,100000.0,100000.0,0.0
2024-01-30 09:30:00-05:00,100000.0,100000.0,0.0
2024-01-30 09:31:00-05:00,100000.0,100000.0,0.0
2024-01-30 09:32:00-05:00,100000.0,100000.0,0.0
2024-01-30 09:33:00-05:00,100000.0,100000.0,0.0
2024-01-30 09:34:00-05:00,100000.0,100000.0,0.0
2024-01-30 09:35:00-05:00,100000.0,100000.0,0.0
2024-01-30 09:36:00-05:00,100000.0,100000.0,0.0
2024-01-30 09:37:00-05:00,100000.0,100000.0,0.0
2024-01-30 09:38:00-05:00,100000.0,100000.0,0.0
2024-01-30 09:39:00-05:00,100000.0,100000.0,0.0
2024-01-30 09:40:00-05:00,100000.0,100000.0,0.0
2024-01-30 09:41:00-05:00,100000.0,100000.0,0.0
2024-01-30 09:42:00-05:00,100000.0,100000.0,0.0
2024-01-30 09:43:00-05:00,100000.0,100000.0,0.0
2024-01-30 09:44:00-05:00,100000.0,100000.0,0.0
2024-01-30 09:45:00-05:00,100000.0,100000.0,0.0
2024-01-30 09:46:00-05:00,100000.0,100000.0,0.0
2024-01-30 09:47:00-05:00,100000.0,100000.0,0.0
2024-01-30 09:48:00-05:00,100000.0,100000.0,0.0
2024-01-30 09:49:00-05:00,100000.0,100000.0,0.0
2024-01-30 09:50:00-05:00,100000.0,100000.0,0.0
2024-01-30 09:51:00-05:00,100000.0,100000.0,0.0
2024-01-30 09:52:00-05:00,100000.0,100000.0,0.0
2024-01-30 09:53:00-05:00,100000.0,100000.0,0.0
2024-01-30 09:54:00-05:00,100000.0,100000.0,0.0
2024-01-30 09:55:00-05:00,100000.0,100000.0,0.0
2024-01-30 09:56:00-05:00,100000.0,100000.0,0.0
2024-01-30 09:57:00-05:00,100000.0,100000.0,0.0
2024-01-30 09:58:00-05:00,100000.0,100000.0,0.0
2024-01-30 09:59:00-05:00,100000.0,100000.0,0.0
2024-01-30 10:00:00-05:00,100000.0,100000.0,0.0
2024-01-30 10:01:00-05:00,100000.0,100000.0,0.0
2024-01-30 10:02:00-05:00,100000.0,100000.0,0.0
2024-01-30 10:03:00-05:00,100000.0,100000.0,0.0
2024-01-30 10:04:00-05:00,100000.0,100000.0,0.0
2024-01-30 10:05:00-05:00,100000.0,100000.0,0.0
2024-01-30 10:06:00-05:00,100000.0,100000.0,0.0
2024-01-30 10:07:00-05:00,100000.0,100000.0,0.0
2024-01-30 10:08:00-05:00,100000.0,100000.0,0.0
2024-01-30 10:09:00-05:00,100000.0,100000.0,0.0
2024-01-30 10:10:00-05:00,100000.0,100000.0,0.0
2024-01-30 10:11:00-05:00,100000.0,100000.0,0.0
2024-01-30 10:12:00-05:00,100000.0,100000.0,0.0
2024-01-30 10:13:00-05:00,100000.0,100000.0,0.0
2024-01-30 10:14:00-05:00,100000.0,100000.0,0.0
2024-01-30 10:15:00-05:00,100000.0,100000.0,0.0
2024-01-30 10:16:00-05:00,100000.0,100000.0,0.0
2024-01-30 10:17:00-05:00,100000.0,100000.0,0.0
2024-01-30 10:18:00-05:00,100000.0,100000.0,0.0
2024-01-30 10:19:00-05:00,100000.0,100000.0,0.0
2024-01-30 10:20:00-05:00,100000.0,100000.0,0.0
2024-01-30 10:21:00-05:00,100000.0,100000.0,0.0
2024-01-30 10:22:00-05:00,100000.0,100000.0,0.0
2024-01-30 10:23:00-05:00,100000.0,100000.0,0.0
2024-01-30 10:24:00-05:00,100000.0,100000.0,0.0
2024-01-30 10:25:00-05:00,100000.0,100000.0,0.0
2024-01-30 10:26:00-05:00,100000.0,100000.0,0.0
2024-01-30 10:27:00-05:00,100000.0,100000.0,0.0
2024-01-30 10:28:00-05:00,100000.0,100000.0,0.0
2024-01-30 10:29:00-05:00,100000.0,100000.0,0.0
2024-01-30 10:30:00-05:00,100000.0,100000.0,0.0
2024-01-30 10:31:00-05:00,100000.0,100000.0,0.0
2024-01-30 10:32:00-05:00,100000.0,100000.0,0.0
2024-01-30 10:33:00-05:00,100000.0,100000.0,0.0
2024-01-30 10:34:00-05:00,100000.0,100000.0,0.0
2024-01-30 10:35:00-05:00,100000.0,100000.0,0.0
2024-01-30 10:36:00-05:00,100000.0,100000.0,0.0
2024-01-30 10:37:00-05:00,100000.0,100000.0,0.0
2024-01-30 10:38:00-05:00,100000.0,100000.0,0.0
2024-01-30 10:39:00-05:00,100000.0,100000.0,0.0
2024-01-30 10:40:00-05:00,100000.0,100000.0,0.0
2024-01-30 10:41:00-05:00,100000.0,100000.0,0.0
2024-01-30 10:42:00-05:00,100000.0,100000.0,0.0
2024-01-30 10:43:00-05:00,100000.0,100000.0,0.0
2024-01-30 10:44:00-05:00,100000.0,100000.0,0.0
2024-01-30 10:45:00-05:00,100000.0,100000.0,0.0
2024-01-30 10:46:00-05:00,100000.0,100000.0,0.0
2024-01-30 10:47:00-05:00,100000.0,100000.0,0.0
2024-01-30 10:48:00-05:00,100000.0,100000.0,0.0
2024-01-30 10:49:00-05:00,100000.0,100000.0,0.0
2024-01-30 10:50:00-05:00,100000.0,100000.0,0.0
2024-01-30 10:51:00-05:00,100000.0,100000.0,0.0
2024-01-30 10:52:00-05:00,100000.0,100000.0,0.0
2024-01-30 10:53:00-05:00,100000.0,100000.0,0.0
2024-01-30 10:54:00-05:00,100000.0,100000.0,0.0
2024-01-30 10:55:00-05:00,100000.0,100000.0,0.0
2024-01-30 10:56:00-05:00,100000.0,100000.0,0.0
2024-01-30 10:57:00-05:00,100000.0,100000.0,0.0
2024-01-30 10:58:00-05:00,100000.0,100000.0,0.0
2024-01-30 10:59:00-05:00,100000.0,100000.0,0.0
2024-01-30 11:00:00-05:00,100000.0,100000.0,0.0
2024-01-30 11:01:00-05:00,100000.0,100000.0,0.0
2024-01-30 11:02:00-05:00,100000.0,100000.0,0.0
2024-01-30 11:03:00-05:00,100000.0,100000.0,0.0
2024-01-30 11:04:00-05:00,100000.0,100000.0,0.0
2024-01-30 11:05:00-05:00,100000.0,100000.0,0.0
2024-01-30 11:06:00-05:00,100000.0,100000.0,0.0
2024-01-30 11:07:00-05:00,100000.0,100000.0,0.0
2024-01-30 11:08:00-05:00,100000.0,100000.0,0.0
2024-01-30 11:09:00-05:00,100000.0,100000.0,0.0
2024-01-30 11:10:00-05:00,100000.0,100000.0,0.0
2024-01-30 11:11:00-05:00,100000.0,100000.0,0.0
2024-01-30 11:12:00-05:00,100000.0,100000.0,0.0
2024-01-30 11:13:00-05:00,100000.0,100000.0,0.0
2024-01-30 11:14:00-05:00,100000.0,100000.0,0.0
2024-01-30 11:15:00-05:00,100000.0,100000.0,0.0
2024-01-30 11:16:00-05:00,100000.0,100000.0,0.0
2024-01-30 11:17:00-05:00,100000.0,100000.0,0.0
2024-01-30 11:18:00-05:00,100000.0,100000.0,0.0
2024-01-30 11:19:00-05:00,100000.0,100000.0,0.0
2024-01-30 11:20:00-05:00,100000.0,100000.0,0.0
2024-01-30 11:21:00-05:00,100000.0,100000.0,0.0
2024-01-30 11:22:00-05:00,100000.0,100000.0,0.0
2024-01-30 11:23:00-05:00,100000.0,100000.0,0.0
2024-01-30 11:24:00-05:00,100000.0,100000.0,0.0
2024-01-30 11:25:00-05:00,100000.0,100000.0,0.0
2024-01-30 11:26:00-05:00,100000.0,100000.0,0.0
2024-01-30 11:27:00-05:00,100000.0,100000.0,0.0
2024-01-30 11:28:00-05:00,100000.0,100000.0,0.0
2024-01-30 11:29:00-05:00,100000.0,100000.0,0.0
2024-01-30 11:30:00-05:00,100000.0,100000.0,0.0
2024-01-30 11:31:00-05:00,100000.0,100000.0,0.0
2024-01-30 11:32:00-05:00,100000.0,100000.0,0.0
2024-01-30 11:33:00-05:00,100000.0,100000.0,0.0
2024-01-30 11:34:00-05:00,100000.0,100000.0,0.0
2024-01-30 11:35:00-05:00,100000.0,100000.0,0.0
2024-01-30 11:36:00-05:00,100000.0,100000.0,0.0
2024-01-30 11:37:00-05:00,100000.0,100000.0,0.0
2024-01-30 11:38:00-05:00,100000.0,100000.0,0.0
2024-01-30 11:39:00-05:00,100000.0,100000.0,0.0
2024-01-30 11:40:00-05:00,100000.0,100000.0,0.0
2024-01-30 11:41:00-05:00,100000.0,100000.0,0.0
2024-01-30 11:42:00-05:00,100000.0,100000.0,0.0
2024-01-30 11:43:00-05:00,100000.0,100000.0,0.0
2024-01-30 11:44:00-05:00,100000.0,100000.0,0.0
2024-01-30 11:45:00-05:00,100000.0,100000.0,0.0
2024-01-30 11:46:00-05:00,100000.0,100000.0,0.0
2024-01-30 11:47:00-05:00,100000.0,100000.0,0.0
2024-01-30 11:48:00-05:00,100000.0,100000.0,0.0
2024-01-30 11:49:00-05:00,100000.0,100000.0,0.0
2024-01-30 11:50:00-05:00,100000.0,100000.0,0.0
2024-01-30 11:51:00-05:00,100000.0,100000.0,0.0
2024-01-30 11:52:00-05:00,100000.0,100000.0,0.0
2024-01-30 11:53:00-05:00,100000.0,100000.0,0.0
2024-01-30 11:54:00-05:00,100000.0,100000.0,0.0
2024-01-30 11:55:00-05:00,100000.0,100000.0,0.0
2024-01-30 11:56:00-05:00,100000.0,100000.0,0.0
2024-01-30 11:57:00-05:00,100000.0,100000.0,0.0
2024-01-30 11:58:00-05:00,100000.0,100000.0,0.0
2024-01-30 11:59:00-05:00,100000.0,100000.0,0.0
2024-01-30 12:00:00-05:00,100000.0,100000.0,0.0
2024-01-30 12:01:00-05:00,100000.0,100000.0,0.0
2024-01-30 12:02:00-05:00,100000.0,100000.0,0.0
2024-01-30 12:03:00-05:00,100000.0,100000.0,0.0
2024-01-30 12:04:00-05:00,100000.0,100000.0,0.0
2024-01-30 12:05:00-05:00,100000.0,100000.0,0.0
2024-01-30 12:06:00-05:00,100000.0,100000.0,0.0
2024-01-30 12:07:00-05:00,100000.0,100000.0,0.0
2024-01-30 12:08:00-05:00,100000.0,100000.0,0.0
2024-01-30 12:09:00-05:00,100000.0,100000.0,0.0
2024-01-30 12:10:00-05:00,100000.0,100000.0,0.0
2024-01-30 12:11:00-05:00,100000.0,100000.0,0.0
2024-01-30 12:12:00-05:00,100000.0,100000.0,0.0
2024-01-30 12:13:00-05:00,100000.0,100000.0,0.0
2024-01-30 12:14:00-05:00,100000.0,100000.0,0.0
2024-01-30 12:15:00-05:00,100000.0,100000.0,0.0
2024-01-30 12:16:00-05:00,100000.0,100000.0,0.0
2024-01-30 12:17:00-05:00,100000.0,100000.0,0.0
2024-01-30 12:18:00-05:00,100000.0,100000.0,0.0
2024-01-30 12:19:00-05:00,100000.0,100000.0,0.0
2024-01-30 12:20:00-05:00,100000.0,100000.0,0.0
2024-01-30 12:21:00-05:00,100000.0,100000.0,0.0
2024-01-30 12:22:00-05:00,100000.0,100000.0,0.0
2024-01-30 12:23:00-05:00,100000.0,100000.0,0.0
2024-01-30 12:24:00-05:00,100000.0,100000.0,0.0
2024-01-30 12:25:00-05:00,100000.0,100000.0,0.0
2024-01-30 12:26:00-05:00,100000.0,100000.0,0.0
2024-01-30 12:27:00-05:00,100000.0,100000.0,0.0
2024-01-30 12:28:00-05:00,100000.0,100000.0,0.0
2024-01-30 12:29:00-05:00,100000.0,100000.0,0.0
2024-01-30 12:30:00-05:00,100000.0,100000.0,0.0
2024-01-30 12:31:00-05:00,100000.0,100000.0,0.0
2024-01-30 12:32:00-05:00,100000.0,100000.0,0.0
2024-01-30 12:33:00-05:00,100000.0,100000.0,0.0
2024-01-30 12:34:00-05:00,100000.0,100000.0,0.0
2024-01-30 12:35:00-05:00,100000.0,100000.0,0.0
2024-01-30 12:36:00-05:00,100000.0,100000.0,0.0
2024-01-30 12:37:00-05:00,100000.0,100000.0,0.0
2024-01-30 12:38:00-05:00,100000.0,100000.0,0.0
2024-01-30 12:39:00-05:00,100000.0,100000.0,0.0
2024-01-30 12:40:00-05:00,100000.0,100000.0,0.0
2024-01-30 12:41:00-05:00,100000.0,100000.0,0.0
2024-01-30 12:42:00-05:00,100000.0,100000.0,0.0
2024-01-30 12:43:00-05:00,100000.0,100000.0,0.0
2024-01-30 12:44:00-05:00,100000.0,100000.0,0.0
2024-01-30 12:45:00-05:00,100000.0,100000.0,0.0
2024-01-30 12:46:00-05:00,100000.0,100000.0,0.0
2024-01-30 12:47:00-05:00,100000.0,100000.0,0.0
2024-01-30 12:48:00-05:00,100000.0,100000.0,0.0
2024-01-30 12:49:00-05:00,100000.0,100000.0,0.0
2024-01-30 12:50:00-05:00,100000.0,100000.0,0.0
2024-01-30 12:51:00-05:00,100000.0,100000.0,0.0
2024-01-30 12:52:00-05:00,100000.0,100000.0,0.0
2024-01-30 12:53:00-05:00,100000.0,100000.0,0.0
2024-01-30 12:54:00-05:00,100000.0,100000.0,0.0
2024-01-30 12:55:00-05:00,100000.0,100000.0,0.0
2024-01-30 12:56:00-05:00,100000.0,100000.0,0.0
2024-01-30 12:57:00-05:00,100000.0,100000.0,0.0
2024-01-30 12:58:00-05:00,100000.0,100000.0,0.0
2024-01-30 12:59:00-05:00,100000.0,100000.0,0.0
2024-01-30 13:00:00-05:00,100000.0,100000.0,0.0
2024-01-30 13:01:00-05:00,100000.0,100000.0,0.0
2024-01-30 13:02:00-05:00,100000.0,100000.0,0.0
2024-01-30 13:03:00-05:00,100000.0,100000.0,0.0
2024-01-30 13:04:00-05:00,100000.0,100000.0,0.0
2024-01-30 13:05:00-05:00,100000.0,100000.0,0.0
2024-01-30 13:06:00-05:00,100000.0,100000.0,0.0
2024-01-30 13:07:00-05:00,100000.0,100000.0,0.0
2024-01-30 13:08:00-05:00,100000.0,100000.0,0.0
2024-01-30 13:09:00-05:00,100000.0,100000.0,0.0
2024-01-30 13:10:00-05:00,100000.0,100000.0,0.0
2024-01-30 13:11:00-05:00,100000.0,100000.0,0.0
2024-01-30 13:12:00-05:00,100000.0,100000.0,0.0
2024-01-30 13:13:00-05:00,100000.0,100000.0,0.0
2024-01-30 13:14:00-05:00,100000.0,100000.0,0.0
2024-01-30 13:15:00-05:00,100000.0,100000.0,0.0
2024-01-30 13:16:00-05:00,100000.0,100000.0,0.0
2024-01-30 13:17:00-05:00,100000.0,100000.0,0.0
2024-01-30 13:18:00-05:00,100000.0,100000.0,0.0
2024-01-30 13:19:00-05:00,100000.0,100000.0,0.0
2024-01-30 13:20:00-05:00,100000.0,100000.0,0.0
2024-01-30 13:21:00-05:00,100000.0,100000.0,0.0
2024-01-30 13:22:00-05:00,100000.0,100000.0,0.0
2024-01-30 13:23:00-05:00,100000.0,100000.0,0.0
2024-01-30 13:24:00-05:00,100000.0,100000.0,0.0
2024-01-30 13:25:00-05:00,100000.0,100000.0,0.0
2024-01-30 13:26:00-05:00,100000.0,100000.0,0.0
2024-01-30 13:27:00-05:00,100000.0,100000.0,0.0
2024-01-30 13:28:00-05:00,100000.0,100000.0,0.0
2024-01-30 13:29:00-05:00,100000.0,100000.0,0.0
2024-01-30 13:30:00-05:00,100000.0,100000.0,0.0
2024-01-30 13:31:00-05:00,100000.0,100000.0,0.0
2024-01-30 13:32:00-05:00,100000.0,100000.0,0.0
2024-01-30 13:33:00-05:00,100000.0,100000.0,0.0
2024-01-30 13:34:00-05:00,100000.0,100000.0,0.0
2024-01-30 13:35:00-05:00,100000.0,100000.0,0.0
2024-01-30 13:36:00-05:00,100000.0,100000.0,0.0
2024-01-30 13:37:00-05:00,100000.0,100000.0,0.0
2024-01-30 13:38:00-05:00,100000.0,100000.0,0.0
2024-01-30 13:39:00-05:00,100000.0,100000.0,0.0
2024-01-30 13:40:00-05:00,100000.0,100000.0,0.0
2024-01-30 13:41:00-05:00,100000.0,100000.0,0.0
2024-01-30 13:42:00-05:00,100000.0,100000.0,0.0
2024-01-30 13:43:00-05:00,100000.0,100000.0,0.0
2024-01-30 13:44:00-05:00,100000.0,100000.0,0.0
2024-01-30 13:45:00-05:00,100000.0,100000.0,0.0
2024-01-30 13:46:00-05:00,100000.0,100000.0,0.0
2024-01-30 13:47:00-05:00,100000.0,100000.0,0.0
2024-01-30 13:48:00-05:00,100000.0,100000.0,0.0
2024-01-30 13:49:00-05:00,100000.0,100000.0,0.0
2024-01-30 13:50:00-05:00,100000.0,100000.0,0.0
2024-01-30 13:51:00-05:00,100000.0,100000.0,0.0
2024-01-30 13:52:00-05:00,100000.0,100000.0,0.0
2024-01-30 13:53:00-05:00,100000.0,100000.0,0.0
2024-01-30 13:54:00-05:00,100000.0,100000.0,0.0
2024-01-30 13:55:00-05:00,100000.0,100000.0,0.0
2024-01-30 13:56:00-05:00,100000.0,100000.0,0.0
2024-01-30 13:57:00-05:00,100000.0,100000.0,0.0
2024-01-30 13:58:00-05:00,100000.0,100000.0,0.0
2024-01-30 13:59:00-05:00,100000.0,100000.0,0.0
2024-01-30 14:00:00-05:00,100000.0,100000.0,0.0
2024-01-30 14:01:00-05:00,100000.0,100000.0,0.0
2024-01-30 14:02:00-05:00,100000.0,100000.0,0.0
2024-01-30 14:03:00-05:00,100000.0,100000.0,0.0
2024-01-30 14:04:00-05:00,100000.0,100000.0,0.0
2024-01-30 14:05:00-05:00,100000.0,100000.0,0.0
2024-01-30 14:06:00-05:00,100000.0,100000.0,0.0
2024-01-30 14:07:00-05:00,100000.0,100000.0,0.0
2024-01-30 14:08:00-05:00,100000.0,100000.0,0.0
2024-01-30 14:09:00-05:00,100000.0,100000.0,0.0
2024-01-30 14:10:00-05:00,100000.0,100000.0,0.0
2024-01-30 14:11:00-05:00,100000.0,100000.0,0.0
2024-01-30 14:12:00-05:00,100000.0,100000.0,0.0
2024-01-30 14:13:00-05:00,100000.0,100000.0,0.0
2024-01-30 14:14:00-05:00,100000.0,100000.0,0.0
2024-01-30 14:15:00-05:00,100000.0,100000.0,0.0
2024-01-30 14:16:00-05:00,100000.0,100000.0,0.0
2024-01-30 14:17:00-05:00,100000.0,100000.0,0.0
2024-01-30 14:18:00-05:00,100000.0,100000.0,0.0
2024-01-30 14:19:00-05:00,100000.0,100000.0,0.0
2024-01-30 14:20:00-05:00,100000.0,100000.0,0.0
2024-01-30 14:21:00-05:00,100000.0,100000.0,0.0
2024-01-30 14:22:00-05:00,100000.0,100000.0,0.0
2024-01-30 14:23:00-05:00,100000.0,100000.0,0.0
2024-01-30 14:24:00-05:00,100000.0,100000.0,0.0
2024-01-30 14:25:00-05:00,100000.0,100000.0,0.0
2024-01-30 14:26:00-05:00,100000.0,100000.0,0.0
2024-01-30 14:27:00-05:00,100000.0,100000.0,0.0
2024-01-30 14:28:00-05:00,100000.0,100000.0,0.0
2024-01-30 14:29:00-05:00,100000.0,100000.0,0.0
2024-01-30 14:30:00-05:00,100000.0,100000.0,0.0
2024-01-30 14:31:00-05:00,100000.0,100000.0,0.0
2024-01-30 14:32:00-05:00,100000.0,100000.0,0.0
2024-01-30 14:33:00-05:00,100000.0,100000.0,0.0
2024-01-30 14:34:00-05:00,100000.0,100000.0,0.0
2024-01-30 14:35:00-05:00,100000.0,100000.0,0.0
2024-01-30 14:36:00-05:00,100000.0,100000.0,0.0
2024-01-30 14:37:00-05:00,100000.0,100000.0,0.0
2024-01-30 14:38:00-05:00,100000.0,100000.0,0.0
2024-01-30 14:39:00-05:00,100000.0,100000.0,0.0
2024-01-30 14:40:00-05:00,100000.0,100000.0,0.0
2024-01-30 14:41:00-05:00,100000.0,100000.0,0.0
2024-01-30 14:42:00-05:00,100000.0,100000.0,0.0
2024-01-30 14:43:00-05:00,100000.0,100000.0,0.0
2024-01-30 14:44:00-05:00,100000.0,100000.0,0.0
2024-01-30 14:45:00-05:00,100000.0,100000.0,0.0
2024-01-30 14:46:00-05:00,100000.0,100000.0,0.0
2024-01-30 14:47:00-05:00,100000.0,100000.0,0.0
2024-01-30 14:48:00-05:00,100000.0,100000.0,0.0
2024-01-30 14:49:00-05:00,100000.0,100000.0,0.0
2024-01-30 14:50:00-05:00,100000.0,100000.0,0.0
2024-01-30 14:51:00-05:00,100000.0,100000.0,0.0
2024-01-30 14:52:00-05:00,100000.0,100000.0,0.0
2024-01-30 14:53:00-05:00,100000.0,100000.0,0.0
2024-01-30 14:54:00-05:00,100000.0,100000.0,0.0
2024-01-30 14:55:00-05:00,100000.0,100000.0,0.0
2024-01-30 14:56:00-05:00,100000.0,100000.0,0.0
2024-01-30 14:57:00-05:00,100000.0,100000.0,0.0
2024-01-30 14:58:00-05:00,100000.0,100000.0,0.0
2024-01-30 14:59:00-05:00,100000.0,100000.0,0.0
2024-01-30 15:00:00-05:00,100000.0,100000.0,0.0
2024-01-30 15:01:00-05:00,100000.0,100000.0,0.0
2024-01-30 15:02:00-05:00,100000.0,100000.0,0.0
2024-01-30 15:03:00-05:00,100000.0,100000.0,0.0
2024-01-30 15:04:00-05:00,100000.0,100000.0,0.0
2024-01-30 15:05:00-05:00,100000.0,100000.0,0.0
2024-01-30 15:06:00-05:00,100000.0,100000.0,0.0
2024-01-30 15:07:00-05:00,100000.0,100000.0,0.0
2024-01-30 15:08:00-05:00,100000.0,100000.0,0.0
2024-01-30 15:09:00-05:00,100000.0,100000.0,0.0
2024-01-30 15:10:00-05:00,100000.0,100000.0,0.0
2024-01-30 15:11:00-05:00,100000.0,100000.0,0.0
2024-01-30 15:12:00-05:00,100000.0,100000.0,0.0
2024-01-30 15:13:00-05:00,100000.0,100000.0,0.0
2024-01-30 15:14:00-05:00,100000.0,100000.0,0.0
2024-01-30 15:15:00-05:00,100000.0,100000.0,0.0
2024-01-30 15:16:00-05:00,100000.0,100000.0,0.0
2024-01-30 15:17:00-05:00,100000.0,100000.0,0.0
2024-01-30 15:18:00-05:00,100000.0,100000.0,0.0
2024-01-30 15:19:00-05:00,100000.0,100000.0,0.0
2024-01-30 15:20:00-05:00,100000.0,100000.0,0.0
2024-01-30 15:21:00-05:00,100000.0,100000.0,0.0
2024-01-30 15:22:00-05:00,100000.0,100000.0,0.0
2024-01-30 15:23:00-05:00,100000.0,100000.0,0.0
2024-01-30 15:24:00-05:00,100000.0,100000.0,0.0
2024-01-30 15:25:00-05:00,100000.0,100000.0,0.0
2024-01-30 15:26:00-05:00,100000.0,100000.0,0.0
2024-01-30 15:27:00-05:00,100000.0,100000.0,0.0
2024-01-30 15:28:00-05:00,100000.0,100000.0,0.0
2024-01-30 15:29:00-05:00,100000.0,100000.0,0.0
2024-01-30 15:30:00-05:00,100000.0,100000.0,0.0
2024-01-30 15:31:00-05:00,100000.0,100000.0,0.0
2024-01-30 15:32:00-05:00,100000.0,100000.0,0.0
2024-01-30 15:33:00-05:00,100000.0,100000.0,0.0
2024-01-30 15:34:00-05:00,100000.0,100000.0,0.0
2024-01-30 15:35:00-05:00,100000.0,100000.0,0.0
2024-01-30 15:36:00-05:00,100000.0,100000.0,0.0
2024-01-30 15:37:00-05:00,100000.0,100000.0,0.0
2024-01-30 15:38:00-05:00,100000.0,100000.0,0.0
2024-01-30 15:39:00-05:00,100000.0,100000.0,0.0
2024-01-30 15:40:00-05:00,100000.0,100000.0,0.0
2024-01-30 15:41:00-05:00,100000.0,100000.0,0.0
2024-01-30 15:42:00-05:00,100000.0,100000.0,0.0
2024-01-30 15:43:00-05:00,100000.0,100000.0,0.0
2024-01-30 15:44:00-05:00,100000.0,100000.0,0.0
2024-01-30 15:45:00-05:00,100000.0,100000.0,0.0
2024-01-30 15:46:00-05:00,100000.0,100000.0,0.0
2024-01-30 15:47:00-05:00,100000.0,100000.0,0.0
2024-01-30 15:48:00-05:00,100000.0,100000.0,0.0
2024-01-30 15:49:00-05:00,100000.0,100000.0,0.0
2024-01-30 15:50:00-05:00,100000.0,100000.0,0.0
2024-01-30 15:51:00-05:00,100000.0,100000.0,0.0
2024-01-30 15:52:00-05:00,100000.0,100000.0,0.0
2024-01-30 15:53:00-05:00,100000.0,100000.0,0.0
2024-01-30 15:54:00-05:00,100000.0,100000.0,0.0
2024-01-30 15:55:00-05:00,100000.0,100000.0,0.0
2024-01-30 15:56:00-05:00,100000.0,100000.0,0.0
2024-01-30 15:57:00-05:00,100000.0,100000.0,0.0
2024-01-30 15:58:00-05:00,100000.0,100000.0,0.0
2024-01-30 15:59:00-05:00,100000.0,100000.0,0.0
